{"arkId":"cl010064389","url":"https:\/\/collections.louvre.fr\/ark:\/53355\/cl010064389","modified ":"2022-06-03","title":"La Madone de la Justice","titleComplement":"","denominationTitle":"Titre : La Madone de la Justice","displayDateCreated":"Date de cr\u00e9ation\/fabrication : 1e quart du XVIIe si\u00e8cle (1600 - 1625)","currentLocation":"Denon, [Peint] Salle 717 - Salvator Rosa","room":"Salle 717, Aile Denon, Niveau 1","isMuseesNationauxRecuperation":false,"dateCreated":[{"startYear":1600,"endYear":1625,"imprecision":"","text":"1e quart du XVIIe si\u00e8cle","type":"Date de cr\u00e9ation\/fabrication","doubt":""}],"creator":[{"label":"Strozzi, Bernardo","attributionLevel":"Attribution actuelle","linkType":"","dates":[{"date":"1644","place":"Venise","type":"date de mort"},{"date":"1581","place":"G\u00eanes","type":"date de naissance"}],"creatorRole":"","authenticationType":"","doubt":"","attributedBy":"","attributedYear":"","wikidata":"Q437724"},{"label":"Italie","attributionLevel":"Attribution actuelle","linkType":"\u00c9cole de","creatorRole":"","authenticationType":"","doubt":"","attributedBy":"","attributedYear":"","wikidata":""}],"objectNumber":[{"value":"INV 684","type":"Num\u00e9ro principal"},{"value":"MR 492","type":"Autre num\u00e9ro d\u0027inventaire"}],"collection":"D\u00e9partement des Peintures","printsDrawingsEntity":"","printsDrawingsCollection":"","objectType":"","originalObject":"","printState":"","description":"","inscriptions":"","namesAndTitles":"","onomastics":"","dimension":[{"type":"Hauteur","value":"2,24","displayDimension":"2,24 m","unit":"m","anteriorPrecision":"","posteriorPrecision":"","tri":1,"note":""},{"type":"Hauteur avec accessoire","value":"2,45","displayDimension":"2,45 m","unit":"m","anteriorPrecision":"","posteriorPrecision":"","tri":2,"note":""},{"type":"Largeur","value":"1,33","displayDimension":"1,33 m","unit":"m","anteriorPrecision":"","posteriorPrecision":"","tri":3,"note":""},{"type":"Largeur avec accessoire","value":"1,56","displayDimension":"1,56 m","unit":"m","anteriorPrecision":"","posteriorPrecision":"","tri":4,"note":""}],"shape":"","materialsAndTechniques":"huile sur toile (transposition (deux fois))","placeOfCreation":"","dateOfDiscovery":"","placeOfDiscovery":"","provenance":"","historicalContext":[],"objectHistory":"Sans doute peint pour le palais ducal de G\u00eanes ; G\u00eanes, palais ducal, Sala dei Sindacatori puis Tribunal d\u2019appel, jusqu\u0027en 1811 ; pr\u00e9lev\u00e9 et emport\u00e9 en France, 1811 ; entr\u00e9 au Louvre en 1813 ; expos\u00e9 au mus\u00e9e Napol\u00e9on \u00e0 partir de 1814 ; laiss\u00e9 au Louvre lors des restitutions de 1815 ; d\u00e9pos\u00e9 au ch\u00e2teau de Maisons-Laffitte, 1919-1922.","jabachInventory":"","napoleonInventory":"","previousOwner":[],"acquisitionDetails":[{"mode":"conqu\u00eate militaire","doubt":"","dates":[{"type":"date","value":"1813","startYear":1813,"endYear":1813}]}],"ownedBy":"Etat","heldBy":"Mus\u00e9e du Louvre, D\u00e9partement des Peintures","longTermLoanTo":"","index":{"Category":[{"value":"peinture"}]},"bibliography":[{"bibliographyRef":"Loire, St\u00e9phane, \u00ab XVIIe si\u00e8cle \u00bb, dans Foucart-Walter, \u00c9lisabeth (dir.), Catalogue des peintures italiennes du mus\u00e9e du Louvre. Catalogue sommaire, [Mus\u00e9e du Louvre, D\u00e9partement des peintures], Paris, Mus\u00e9e du Louvre Editions \/ Gallimard, 2007, p. 123-182","bibliographyDate":"2007","bibliographyDetail":"p. 173, ill. n\u0026b","comparison":false},{"bibliographyRef":"Loire, St\u00e9phane, Peintures italiennes du XVIIe si\u00e8cle du mus\u00e9e du Louvre : Florence, G\u00eanes, Lombardie, Naples, Rome et Venise, Paris, Gallimard \/ Mus\u00e9e du Louvre Editions, 2006","bibliographyDate":"2006","bibliographyDetail":"p. 364-366, 505, ill. coul.","comparison":false},{"bibliographyRef":"Mortari, Luisa, Bernardo Strozzi, Rome, 1995","bibliographyDate":"1995","bibliographyDetail":"p. 27-29, 33, 159-160, pl. XII, n\u00b0354","comparison":false},{"bibliographyRef":"Mortari, Luisa, Bernardo Strozzi, Rome, De Luca Editori d\u0027Arte, 1966","bibliographyDate":"1966","bibliographyDetail":"p. 159, fig. 219","comparison":false},{"bibliographyRef":"Mortari, Luisa, \u00ab Su Bernardo Strozzi \u00bb, Bollettino d\u0027arte, 40, 1955, p. 311-333","bibliographyDate":"1955","bibliographyDetail":"p. 312, 332","comparison":false}],"exhibition":[],"relatedWork":[],"image":[{"urlImage":"https:\/\/collections.louvre.fr\/media\/cache\/large\/0000000021\/0000064389\/0000562028_OG.JPG","urlThumbnail":"https:\/\/collections.louvre.fr\/media\/cache\/small\/0000000021\/0000064389\/0000562028_OG.JPG","copyright":"\u00a9 2016 RMN-Grand Palais (mus\u00e9e du Louvre) \/ Franck Raux","type":"face, recto, avers, avant ; vue d\u0027ensemble ; vue sans cadre","position":0},{"urlImage":"https:\/\/collections.louvre.fr\/media\/cache\/original\/0000000021\/0000064389\/0000375851_OG.JPG","urlThumbnail":"https:\/\/collections.louvre.fr\/media\/cache\/small\/0000000021\/0000064389\/0000375851_OG.JPG","copyright":"\u00a9 2005 RMN-Grand Palais (mus\u00e9e du Louvre) \/ Franck Raux","type":"face, recto, avers, avant ; vue d\u0027ensemble ; vue sans cadre","position":1},{"urlImage":"https:\/\/collections.louvre.fr\/media\/cache\/original\/0000000021\/0000064389\/0000054242_OG.JPG","urlThumbnail":"https:\/\/collections.louvre.fr\/media\/cache\/small\/0000000021\/0000064389\/0000054242_OG.JPG","copyright":"\u00a9 2004 Mus\u00e9e du Louvre \/ Ang\u00e8le Dequier","type":"face, recto, avers, avant ; vue d\u0027ensemble ; vue avec cadre","position":2}]}