{"arkId":"cl010095148","url":"https:\/\/collections.louvre.fr\/ark:\/53355\/cl010095148","modified ":"2022-06-03","title":"Fragment de bandeau d\u00e9cor\u00e9 d\u0027un masque entre deux feuilles","titleComplement":"","denominationTitle":"Titre : Fragment de bandeau d\u00e9cor\u00e9 d\u0027un masque entre deux feuilles","displayDateCreated":"Date de cr\u00e9ation\/fabrication : 1200 - 1300","currentLocation":"Sully, [HIST LOUVRE] Salle 134 - Salle de la maquette, Hors vitrine ","room":"Salle 134, Aile Sully, Niveau -1","isMuseesNationauxRecuperation":false,"dateCreated":[{"startYear":1200,"endYear":1300,"imprecision":"","text":"XIIIe si\u00e8cle","type":"Date de cr\u00e9ation\/fabrication","doubt":""}],"creator":[{"label":"France \u00cele-de-France","attributionLevel":"Attribution actuelle","linkType":"","creatorRole":"","authenticationType":"","doubt":"","attributedBy":"","attributedYear":"","wikidata":""}],"objectNumber":[{"value":"RF 4111","type":"Num\u00e9ro principal"}],"collection":"D\u00e9partement des Sculptures du Moyen Age, de la Renaissance et des temps modernes","printsDrawingsEntity":"","printsDrawingsCollection":"","objectType":"fragment","originalObject":"","printState":"","description":"","inscriptions":"","namesAndTitles":"","onomastics":"","dimension":[{"type":"Hauteur","value":"0,335","displayDimension":"0,335 m","unit":"m","anteriorPrecision":"","posteriorPrecision":"","tri":1,"note":""},{"type":"Largeur","value":"0,53","displayDimension":"0,53 m","unit":"m","anteriorPrecision":"","posteriorPrecision":"","tri":2,"note":""},{"type":"Profondeur","value":"0,295","displayDimension":"0,295 m","unit":"m","anteriorPrecision":"","posteriorPrecision":"","tri":3,"note":""}],"shape":"","materialsAndTechniques":"pierre calcaire","placeOfCreation":"","dateOfDiscovery":"","placeOfDiscovery":"","provenance":"d\u00e9cor (France-\u003EParis-\u003Epalais-\u003Epalais du Louvre)","historicalContext":[],"objectHistory":"Provient du d\u00e9cor du palais du Louvre. D\u00e9couvert en 1882 lors du d\u00e9blaiement, par l\u0027architecte Edmond Guillaume, du sous-sol de la salle des Caryatides. \nPr\u00e9sent\u00e9 par l\u0027agence d\u0027architecture du Louvre dans la salle basse, dite aujourd\u0027hui salle Saint-Louis, jusqu\u0027en 1985. Versement du service d\u0027architecture, 1985.","jabachInventory":"","napoleonInventory":"","previousOwner":[],"acquisitionDetails":[{"mode":"versement","doubt":"","dates":[{"type":"date","value":"1985","startYear":1985,"endYear":1985}]}],"ownedBy":"Etat","heldBy":"Mus\u00e9e du Louvre, D\u00e9partement des Sculptures du Moyen Age, de la Renaissance et des temps modernes","longTermLoanTo":"","index":{"Category":[{"value":"\u00e9l\u00e9ment d\u0027architecture, d\u00e9cor int\u00e9rieur et ext\u00e9rieur, huisserie"},{"value":"sculpture"}],"Materials":[{"value":"mat\u00e9riau d\u0027origine min\u00e9rale"},{"value":"pierre"},{"value":"pierre calcaire"}],"Places":[{"value":"France"},{"value":"Paris"},{"value":"palais"},{"value":"palais du Louvre"},{"value":"d\u00e9cor"}]},"bibliography":[{"bibliographyRef":"Baron, Fran\u00e7oise, Mus\u00e9e du Louvre - Sculpture fran\u00e7aise - I - Moyen Age, Paris, 1996","bibliographyDate":"1996","bibliographyDetail":"p. 237","comparison":false}],"exhibition":[],"relatedWork":[],"image":[{"urlImage":"https:\/\/collections.louvre.fr\/media\/cache\/large\/0000000021\/0000095148\/0000253968_OG.JPG","urlThumbnail":"https:\/\/collections.louvre.fr\/media\/cache\/small\/0000000021\/0000095148\/0000253968_OG.JPG","copyright":"\u00a9 2003 Mus\u00e9e du Louvre \/ Pierre Philibert","type":"","position":0},{"urlImage":"https:\/\/collections.louvre.fr\/media\/cache\/large\/0000000021\/0000095148\/0000253969_OG.JPG","urlThumbnail":"https:\/\/collections.louvre.fr\/media\/cache\/small\/0000000021\/0000095148\/0000253969_OG.JPG","copyright":"\u00a9 2003 Mus\u00e9e du Louvre \/ Pierre Philibert","type":"","position":1},{"urlImage":"https:\/\/collections.louvre.fr\/media\/cache\/large\/0000000021\/0000095148\/0000253970_OG.JPG","urlThumbnail":"https:\/\/collections.louvre.fr\/media\/cache\/small\/0000000021\/0000095148\/0000253970_OG.JPG","copyright":"\u00a9 2003 Mus\u00e9e du Louvre \/ Pierre Philibert","type":"","position":2}]}