{"arkId":"cl010096631","url":"https:\/\/collections.louvre.fr\/ark:\/53355\/cl010096631","modified ":"2022-06-03","title":"Rome assise","titleComplement":"","denominationTitle":"Titre : Rome assise","displayDateCreated":"Date de cr\u00e9ation\/fabrication : 1788","currentLocation":"Richelieu, [OArt] Salle 553 - Valadier, Vitrine murale ","room":"Salle 553, Aile Richelieu, Niveau 1","isMuseesNationauxRecuperation":false,"dateCreated":[{"startYear":1788,"endYear":"","imprecision":"","text":"4e quart du XVIIIe si\u00e8cle = dernier quart du XVIIIe si\u00e8cle","type":"Date de cr\u00e9ation\/fabrication","doubt":""}],"creator":[{"label":"Valadier, Luigi","attributionLevel":"Attribution actuelle","linkType":"","dates":[{"date":"1726","place":"","type":"date de naissance"},{"date":"1785","place":"","type":"date de mort"}],"creatorRole":"","authenticationType":"","doubt":"","attributedBy":"","attributedYear":"","wikidata":"Q3840231"},{"label":"Frey, Giacinto","attributionLevel":"Attribution actuelle","linkType":"","dates":[{"date":"1761","place":"","type":"date de naissance"},{"date":"1824","place":"","type":"date de mort"}],"creatorRole":"","authenticationType":"","doubt":"","attributedBy":"","attributedYear":"","wikidata":""},{"label":"Valadier, Guiseppe","attributionLevel":"Attribution actuelle","linkType":"","dates":[{"date":"1762","place":"Rome","type":"date de naissance"},{"date":"1839","place":"Rome","type":"date de mort"}],"creatorRole":"","authenticationType":"","doubt":"","attributedBy":"","attributedYear":"","wikidata":"Q959688"}],"objectNumber":[{"value":"MR 399","type":"Num\u00e9ro principal"},{"value":"MR 393","type":"Autre num\u00e9ro d\u0027inventaire"}],"collection":"D\u00e9partement des Objets d\u0027art du Moyen Age, de la Renaissance et des temps modernes","printsDrawingsEntity":"","printsDrawingsCollection":"","objectType":"statuette","originalObject":"","printState":"","description":"Cette statuette a \u00e9t\u00e9 retir\u00e9e du Vatican en 1798 et est arriv\u00e9e fragmentaire \u00e0 Paris en 1801. \u0152uvre n\u00e9e d\u2019une collaboration entre les orf\u00e8vres Valadier p\u00e8re et fils, les graveurs Giovanni Pichler (1734-1791) et Giacinto Frey (1761-1824), elle est une all\u00e9gorie de la ville de Rome et un hymne au pontificat de Pie VI (1717-1799).\nLa statuette f\u00e9minine casqu\u00e9e en jade et porphyre rouge est une personnification de la Ville de Rome. Il \u00e9tait fr\u00e9quent de repr\u00e9senter les villes sous forme humaine.\nElle tenait dans une main un portrait du pape Pie VI (1717-1799) et dans l\u2019autre un globe en lapis-lazuli symbolisant le monde. Ces deux \u00e9l\u00e9ments ont aujourd\u2019hui disparu.\nLa statuette est assise sur un socle orn\u00e9 de trois bas-reliefs en argent dor\u00e9 \u00e9voquant trois grandes entreprises du pontificat de Pie VI : l\u2019assainissement des marais pontins, l\u2019\u00e9dification de la sacristie du Vatican et l\u2019institution du mus\u00e9e Pio Clementino.\nSur la face du socle sont deux victoires ail\u00e9es en argent dor\u00e9 qui portaient un cam\u00e9e avec la Sant\u00e9 et l\u2019Abondance l\u2019une signifiant la salubrit\u00e9 apport\u00e9e par Pie VI aux marais pontins et l\u2019autre la richesse artistique apport\u00e9e par l\u2019\u00e9dification de la sacristie de Saint-Pierre et du mus\u00e9e Pio Clementino.\nCette statuette \u00e9tait donc une glorification de l\u2019\u0153uvre de Pie VI et de sa personne.\nLuigi Valadier est mort en 1785 mais la statue a \u00e9t\u00e9 con\u00e7ue en partie de son vivant, comme le r\u00e9v\u00e8le un m\u00e9moire de Giuseppe Valadier \u00e9num\u00e9rant les \u0153uvres commenc\u00e9es par son p\u00e8re, et achev\u00e9es par lui-m\u00eame en septembre 1786. Les Valadier avaient sans doute r\u00e9alis\u00e9 un mod\u00e8le r\u00e9duit de la c\u00e9l\u00e8bre statue de Rome en porphyre. Le mod\u00e8le en cire a \u00e9t\u00e9 mis au point avec une grande pr\u00e9cision pour faciliter le travail du lapidaire. Luigi et son fils Giuseppe ont ex\u00e9cut\u00e9 tous les ornements en argent dor\u00e9 c\u2019est-\u00e0-dire les bas-reliefs du socle, les victoires ail\u00e9es, les aigles des angles et les frises. Les Valadier ont \u00e9galement fait la plinthe en jaspe.\nEn revanche la t\u00eate, les bras et les pieds de la statuette en jade sont l\u2019\u0153uvre d\u2019un autre artiste, un lapidaire demeur\u00e9 anonyme.\nLes deux cam\u00e9es aujourd\u2019hui perdus avaient \u00e9t\u00e9 ex\u00e9cut\u00e9s par le plus c\u00e9l\u00e8bre graveur en pierres fines de la Rome de cette \u00e9poque : Giovanni Pichler (1734-1791).\nOn sait \u00e9galement que le graveur Giacinto Frey (1761-1824) est intervenu notamment pour les inscriptions.\nL\u2019emploi de pierres dures et de gemmes tr\u00e8s vari\u00e9es n\u00e9cessitaient des comp\u00e9tences diff\u00e9rentes ce qui explique l\u2019appel \u00e0 plusieurs intervenants.\nTelle qu\u2019elle se pr\u00e9sente aujourd\u2019hui, l\u2019\u0153uvre a perdu de son caract\u00e8re all\u00e9gorique mais elle reproduisait \u00e0 l\u2019origine fid\u00e8lement la statue embl\u00e9matique de la Ville \u00e9ternelle qu\u2019on regardait comme un des chefs d\u2019\u0153uvre de l\u2019art antique. Cette statue de Rome en porphyre se trouve dans l\u2019escalier du palais s\u00e9natorial \u00e0 Rome. Le choix des cam\u00e9es pour le portrait de Pie VI et les personnifications de la Sant\u00e9 et de l\u2019Abondance est \u00e0 nouveau un clin d\u2019\u0153il \u00e0 l\u2019art antique qui affectionnait cette technique. Luigi Valaldier orf\u00e8vre et bronzier romain a largement puis\u00e9 aux sources de gr\u00e9co-romaines comme le r\u00e9v\u00e8le cette statuette et d\u0027autres \u0153uvres conserv\u00e9es au mus\u00e9e du Louvre.","inscriptions":"Inscription :  ; Devant : OPTIMO \/ PRINCIPI . Derri\u00e8re : [E] X. [MV] NI [F] IC [EN] TIA\/ [PII.SEXT] I. [P] M. ; Signature :  ; G. Frey. F (sur le socle en porphyre)","namesAndTitles":"","onomastics":"","dimension":[{"type":"Hauteur","value":"46","displayDimension":"46 cm","unit":"cm","anteriorPrecision":"","posteriorPrecision":"","tri":1,"note":""},{"type":"Largeur","value":"19","displayDimension":"19 cm","unit":"cm","anteriorPrecision":"","posteriorPrecision":"","tri":2,"note":""},{"type":"Profondeur","value":"19","displayDimension":"19 cm","unit":"cm","anteriorPrecision":"","posteriorPrecision":"","tri":3,"note":""}],"shape":"","materialsAndTechniques":"Mat\u00e9riau\/Technique : argent dor\u00e9, Bronze dor\u00e9\nMat\u00e9riau : jade\nMat\u00e9riau : jaspe\nMat\u00e9riau : lapis-lazuli\nMat\u00e9riau : marbre\nMat\u00e9riau : porphyre","placeOfCreation":"","dateOfDiscovery":"","placeOfDiscovery":"","provenance":"","historicalContext":[],"objectHistory":"","jabachInventory":"","napoleonInventory":"","previousOwner":[],"acquisitionDetails":[],"ownedBy":"Etat","heldBy":"Mus\u00e9e du Louvre, D\u00e9partement des Objets d\u0027art du Moyen Age, de la Renaissance et des temps modernes","longTermLoanTo":"","index":{"Category":[{"value":"sculpture"}],"objectType":[{"value":"sculpture"},{"value":"ronde bosse"},{"value":"statuette"}]},"bibliography":[{"bibliographyRef":"Gonzalez-Palacios, Alvar, Arredi e ornamenti alla corte di Roma 1560-1795, Milan, Electa, 2004","bibliographyDate":"2004","bibliographyDetail":"p. 383-385","comparison":false},{"bibliographyRef":"Porphyre. La pierre pourpre des Ptol\u00e9m\u00e9es aux Bonaparte, cat. exp. (Paris, Mus\u00e9e du Louvre, Salle du man\u00e8ge, 17 novembre 2003 - 16 f\u00e9vrier 2004), Paris, RMN, 2003","bibliographyDate":"2003","bibliographyDetail":"n\u00b0 69","comparison":false},{"bibliographyRef":"L\u0027oro di Valadier. Un genio nella Roma del Settecento, cat. exp. (Rome (Italie), Villa M\u00e9dicis (Acad\u00e9mie de France), 1997), 1997","bibliographyDate":"1997","bibliographyDetail":"n\u00b0 6","comparison":false},{"bibliographyRef":"Luigi Valadier au Louvre ou l\u0027Antiquit\u00e9 exalt\u00e9e, cat. exp. (Richelieu, 1994), Paris, 1994","bibliographyDate":"1994","bibliographyDetail":"p. 100-107, n\u00b0 6","comparison":false},{"bibliographyRef":"Gonzalez-Palacios, Alvar, Il tempio del gusto : le arti decorative in Italia fra classicismi e barocco: Roma e il regno delle due Sicilie, 2, Milan, Longanesi, 1984","bibliographyDate":"1984","bibliographyDetail":"p. 108, 129, 130,, ill. 226","comparison":false}],"exhibition":[{"value":"Porphyre. La pierre pourpre des Ptol\u00e9m\u00e9es aux Bonaparte, Denon, [AGER] Salle A - Collections fran\u00e7aises et italiennes d\u0027antiques restaur\u00e9es aux XVI\u00e8me et XVII\u00e8me si\u00e8cles, 19\/11\/2003 - 18\/02\/2004 "},{"value":"Luigi Valadier au Louvre ou l\u0027Antiquit\u00e9 exalt\u00e9e, Richelieu, 17\/11\/1994 - 13\/11\/1995 "},{"value":"L\u0027oro di Valadier. Un genio nella Roma del Settecento, Rome (Italie), Villa M\u00e9dicis (Acad\u00e9mie de France), 28\/01\/1997 - 08\/04\/1997 "}],"relatedWork":[],"image":[{"urlImage":"https:\/\/collections.louvre.fr\/media\/cache\/original\/0000000021\/0000096631\/0001043970_OG.JPG","urlThumbnail":"https:\/\/collections.louvre.fr\/media\/cache\/small\/0000000021\/0000096631\/0001043970_OG.JPG","copyright":"\u00a9 1992 RMN-Grand Palais (mus\u00e9e du Louvre) \/ Photographe inconnu","type":"face, recto, avers, avant","position":0},{"urlImage":"https:\/\/collections.louvre.fr\/media\/cache\/original\/0000000021\/0000096631\/0000199414_OG.JPG","urlThumbnail":"https:\/\/collections.louvre.fr\/media\/cache\/small\/0000000021\/0000096631\/0000199414_OG.JPG","copyright":"\u00a9 1992 RMN-Grand Palais (mus\u00e9e du Louvre) \/ Photographe inconnu","type":"","position":1},{"urlImage":"https:\/\/collections.louvre.fr\/media\/cache\/original\/0000000021\/0000096631\/0000199415_OG.JPG","urlThumbnail":"https:\/\/collections.louvre.fr\/media\/cache\/small\/0000000021\/0000096631\/0000199415_OG.JPG","copyright":"\u00a9 1992 RMN-Grand Palais (mus\u00e9e du Louvre) \/ Photographe inconnu","type":"d\u00e9tail","position":2},{"urlImage":"https:\/\/collections.louvre.fr\/media\/cache\/original\/0000000021\/0000096631\/0000199416_OG.JPG","urlThumbnail":"https:\/\/collections.louvre.fr\/media\/cache\/small\/0000000021\/0000096631\/0000199416_OG.JPG","copyright":"\u00a9 1992 RMN-Grand Palais (mus\u00e9e du Louvre) \/ Photographe inconnu","type":"c\u00f4t\u00e9","position":3},{"urlImage":"https:\/\/collections.louvre.fr\/media\/cache\/original\/0000000021\/0000096631\/0000199420_OG.JPG","urlThumbnail":"https:\/\/collections.louvre.fr\/media\/cache\/small\/0000000021\/0000096631\/0000199420_OG.JPG","copyright":"\u00a9 1992 RMN-Grand Palais (mus\u00e9e du Louvre) \/ Photographe inconnu","type":"d\u00e9tail","position":4},{"urlImage":"https:\/\/collections.louvre.fr\/media\/cache\/original\/0000000021\/0000096631\/0000199421_OG.JPG","urlThumbnail":"https:\/\/collections.louvre.fr\/media\/cache\/small\/0000000021\/0000096631\/0000199421_OG.JPG","copyright":"\u00a9 1992 RMN-Grand Palais (mus\u00e9e du Louvre) \/ Photographe inconnu","type":"d\u00e9tail","position":5},{"urlImage":"https:\/\/collections.louvre.fr\/media\/cache\/original\/0000000021\/0000096631\/0001043974_OG.JPG","urlThumbnail":"https:\/\/collections.louvre.fr\/media\/cache\/small\/0000000021\/0000096631\/0001043974_OG.JPG","copyright":"\u00a9 1992 RMN-Grand Palais (mus\u00e9e du Louvre) \/ Photographe inconnu","type":"face, recto, avers, avant","position":6},{"urlImage":"https:\/\/collections.louvre.fr\/media\/cache\/original\/0000000021\/0000096631\/0001043976_OG.JPG","urlThumbnail":"https:\/\/collections.louvre.fr\/media\/cache\/small\/0000000021\/0000096631\/0001043976_OG.JPG","copyright":"\u00a9 1992 RMN-Grand Palais (mus\u00e9e du Louvre) \/ Photographe inconnu","type":"face, recto, avers, avant","position":7}]}