{"arkId":"cl010065799","url":"https:\/\/collections.louvre.fr\/ark:\/53355\/cl010065799","modified ":"2022-06-03","title":"Magdalena-Bay, vue prise de la presqu\u0027\u00eele des Tombeaux, au nord du Spitzberg; effet d\u0027aurore bor\u00e9ale.","titleComplement":"","denominationTitle":"Titre : Magdalena-Bay, vue prise de la presqu\u0027\u00eele des Tombeaux, au nord du Spitzberg; effet d\u0027aurore bor\u00e9ale.","displayDateCreated":"Date de cr\u00e9ation\/fabrication : 2e quart du XIXe si\u00e8cle (1825 - 1850)","currentLocation":"Sully, [Peint] Salle 946 - L\u2019idylle et le drame romantique (1820-1835)","room":"Salle 946, Aile Sully, Niveau 2","isMuseesNationauxRecuperation":false,"dateCreated":[{"startYear":1825,"endYear":1850,"imprecision":"","text":"2e quart du XIXe si\u00e8cle","type":"Date de cr\u00e9ation\/fabrication","doubt":""}],"creator":[{"label":"Biard, Fran\u00e7ois","attributionLevel":"Attribution actuelle","linkType":"","dates":[{"date":"1882","place":"Fontainebleau","type":"date de mort"},{"date":"1799","place":"Lyon","type":"date de naissance"}],"creatorRole":"","authenticationType":"","doubt":"","attributedBy":"","attributedYear":"","wikidata":"Q1383101"},{"label":"France","attributionLevel":"Attribution actuelle","linkType":"\u00c9cole de","creatorRole":"","authenticationType":"","doubt":"","attributedBy":"","attributedYear":"","wikidata":""}],"objectNumber":[{"value":"INV 2578","type":"Num\u00e9ro principal"}],"collection":"D\u00e9partement des Peintures","printsDrawingsEntity":"","printsDrawingsCollection":"","objectType":"","originalObject":"","printState":"","description":"","inscriptions":"Signature :  ; S.b.d. : \u0022Biard\u0022.","namesAndTitles":"","onomastics":"","dimension":[{"type":"Hauteur","value":"1,3","displayDimension":"1,3 m","unit":"m","anteriorPrecision":"","posteriorPrecision":"","tri":1,"note":""},{"type":"Hauteur avec accessoire","value":"1,562","displayDimension":"1,562 m","unit":"m","anteriorPrecision":"","posteriorPrecision":"","tri":2,"note":""},{"type":"Largeur","value":"1,63","displayDimension":"1,63 m","unit":"m","anteriorPrecision":"","posteriorPrecision":"","tri":3,"note":""},{"type":"Largeur avec accessoire","value":"1,875","displayDimension":"1,875 m","unit":"m","anteriorPrecision":"","posteriorPrecision":"","tri":4,"note":""}],"shape":"","materialsAndTechniques":"huile sur toile","placeOfCreation":"","dateOfDiscovery":"","placeOfDiscovery":"","provenance":"","historicalContext":[],"objectHistory":"Acquis au Salon de 1841.","jabachInventory":"","napoleonInventory":"","previousOwner":[],"acquisitionDetails":[{"mode":"achat au salon","doubt":"","dates":[{"type":"date","value":"1841","startYear":1841,"endYear":1841}]}],"ownedBy":"Etat","heldBy":"Mus\u00e9e du Louvre, D\u00e9partement des Peintures","longTermLoanTo":"","index":{"Category":[{"value":"peinture"}],"Imagery":[{"value":"paysage, ph\u00e9nom\u00e8ne naturel, \u00e9l\u00e9ment du cosmos"},{"value":"paysage (divers)"}]},"bibliography":[{"bibliographyRef":"Atmosph\u00e8re, cat. exp. (Paris, Mus\u00e9e des Arts et M\u00e9tiers, 28 octobre 2008), 2008","bibliographyDate":"2008","bibliographyDetail":" ","comparison":false},{"bibliographyRef":"Compin, Isabelle ; Roquebert, Anne, Catalogue sommaire illustr\u00e9 des peintures du mus\u00e9e du Louvre et du mus\u00e9e d\u0027Orsay.\u00a0III. Ecole fran\u00e7aise, A-K, Paris, R.M.N., 1986","bibliographyDate":"1986","bibliographyDetail":"p. 60, ill. n\u0026b","comparison":false},{"bibliographyRef":"Compin, Isabelle ; Reynaud, Nicole, Catalogue des peintures du mus\u00e9e du Louvre.\u00a0I,\u00a0Ecole fran\u00e7aise, Paris, R.M.N., 1972","bibliographyDate":"1972","bibliographyDetail":"p. 32","comparison":false}],"exhibition":[{"value":"L\u0027art de la monarchie de Juillet : France 1830 \u00e0 1848, Rochester (Etats-Unis), Memorial Art Gallery, 14\/01\/1990 - 04\/03\/1990, \u00e9tape d\u0027une exposition itin\u00e9rante "},{"value":"Paysagistes Lyonnais de 1800 \u00e0 1900, Lyon (France), Mus\u00e9e des Beaux-Arts, 15\/06\/1984 - 10\/09\/1984 "},{"value":"Romanticismo. Il nuovo sentimento della natura, Trente (Italie), Museo di Arte Moderna e Contemporanea, 15\/05\/1993 - 30\/09\/1993 "},{"value":"L\u0027art de la monarchie de Juillet : France 1830 \u00e0 1848, Santa Barbara (Etats-Unis), Santa Barbara Museum of Art, 31\/03\/1990 - 20\/05\/1990, \u00e9tape d\u0027une exposition itin\u00e9rante "},{"value":"Atmosph\u00e8re, Paris (France), Mus\u00e9e des Arts et M\u00e9tiers, 28\/10\/2008 - 30\/04\/2009 "},{"value":"images du grand nord, Dieppe (France), Ch\u00e2teau-mus\u00e9e, 14\/06\/1980 - 30\/09\/1980 "},{"value":"Delacroix et le romantisme Fran\u00e7ais, Tokyo (Japon), National Museum of Western Art, 05\/08\/1989 - 01\/10\/1989, \u00e9tape d\u0027une exposition itin\u00e9rante "},{"value":"L\u0027art de la monarchie de Juillet : France 1830 \u00e0 1848, Columbia (Etats-Unis), Museum of Modern Art, 21\/10\/1989 - 03\/12\/1989, \u00e9tape d\u0027une exposition itin\u00e9rante "},{"value":"Les Inuits du Gro\u00ebnland, Paris (France), Mus\u00e9e de l\u0027Homme, 30\/03\/2005 - 05\/01\/2006 "},{"value":"Delacroix et le romantisme Fran\u00e7ais, Nagoya (Japon), City Art Museum, 10\/10\/1989 - 23\/11\/1989, \u00e9tape d\u0027une exposition itin\u00e9rante "},{"value":"Sauvages nudit\u00e9s. Peder Balke et Anna-Eva Bergman : deux peintres au cap nord, Fontainebleau (Externe, France), Mus\u00e9e national du ch\u00e2teau de Fontainebleau, 07\/06\/2019 - 08\/07\/2019 "},{"value":"Fran\u00e7ois-Auguste Biard (1799 - 1882), Paris (Externe, France), Maison de Victor Hugo, 05\/11\/2020 - 11\/04\/2021, \u00e9tape d\u0027une exposition itin\u00e9rante "}],"relatedWork":[],"image":[{"urlImage":"https:\/\/collections.louvre.fr\/media\/cache\/large\/0000000021\/0000065799\/0000136375_OG.JPG","urlThumbnail":"https:\/\/collections.louvre.fr\/media\/cache\/small\/0000000021\/0000065799\/0000136375_OG.JPG","copyright":"\u00a9 2012 RMN-Grand Palais (mus\u00e9e du Louvre) \/ Tony Querrec","type":"face, recto, avers, avant ; vue d\u0027ensemble ; vue sans cadre","position":0},{"urlImage":"https:\/\/collections.louvre.fr\/media\/cache\/large\/0000000021\/0000065799\/0000146258_OG.JPG","urlThumbnail":"https:\/\/collections.louvre.fr\/media\/cache\/small\/0000000021\/0000065799\/0000146258_OG.JPG","copyright":"\u00a9 2012 RMN-Grand Palais (mus\u00e9e du Louvre) \/ Tony Querrec","type":"face, recto, avers, avant ; d\u00e9tail","position":1},{"urlImage":"https:\/\/collections.louvre.fr\/media\/cache\/original\/0000000021\/0000065799\/0000049037_OG.JPG","urlThumbnail":"https:\/\/collections.louvre.fr\/media\/cache\/small\/0000000021\/0000065799\/0000049037_OG.JPG","copyright":"\u00a9 2005 Mus\u00e9e du Louvre \/ Ang\u00e8le Dequier","type":"face, recto, avers, avant ; vue d\u0027ensemble ; vue sans cadre","position":2},{"urlImage":"https:\/\/collections.louvre.fr\/media\/cache\/original\/0000000021\/0000065799\/0000049038_OG.JPG","urlThumbnail":"https:\/\/collections.louvre.fr\/media\/cache\/small\/0000000021\/0000065799\/0000049038_OG.JPG","copyright":"\u00a9 2005 Mus\u00e9e du Louvre \/ Ang\u00e8le Dequier","type":"dos, verso, revers, arri\u00e8re ; vue d\u0027ensemble ; vue sans cadre","position":3},{"urlImage":"https:\/\/collections.louvre.fr\/media\/cache\/original\/0000000021\/0000065799\/0000049039_OG.JPG","urlThumbnail":"https:\/\/collections.louvre.fr\/media\/cache\/small\/0000000021\/0000065799\/0000049039_OG.JPG","copyright":"\u00a9 2005 Mus\u00e9e du Louvre \/ Ang\u00e8le Dequier","type":"dos, verso, revers, arri\u00e8re ; d\u00e9tail inscription","position":4},{"urlImage":"https:\/\/collections.louvre.fr\/media\/cache\/original\/0000000021\/0000065799\/0000049036_OG.JPG","urlThumbnail":"https:\/\/collections.louvre.fr\/media\/cache\/small\/0000000021\/0000065799\/0000049036_OG.JPG","copyright":"\u00a9 2003 Mus\u00e9e du Louvre \/ Ang\u00e8le Dequier","type":"face, recto, avers, avant ; vue d\u0027ensemble ; vue avec cadre","position":5}]}