{"arkId":"cl010064922","url":"https:\/\/collections.louvre.fr\/ark:\/53355\/cl010064922","modified ":"2022-06-03","title":"Bacchus et Ariane","titleComplement":"","denominationTitle":"Titre : Bacchus et Ariane","displayDateCreated":"Date de cr\u00e9ation\/fabrication : 1e quart du XVIIIe si\u00e8cle (vers 1720 - 1721)","currentLocation":"Denon, [Peint] Salle 718, Salle 718 - Piazzetta","room":"Salle 718, Aile Denon, Niveau 1","isMuseesNationauxRecuperation":false,"dateCreated":[{"startYear":1720,"endYear":1721,"imprecision":"vers","text":"1e quart du XVIIIe si\u00e8cle","type":"Date de cr\u00e9ation\/fabrication","doubt":""}],"creator":[{"label":"Pellegrini, Giovanni Antonio","attributionLevel":"Attribution actuelle","linkType":"","dates":[{"date":"1741","place":"Venise","type":"date de mort"},{"date":"1675","place":"Venise","type":"date de naissance"}],"creatorRole":"","authenticationType":"","doubt":"","attributedBy":"","attributedYear":"","wikidata":"Q1358364"},{"label":"Italie V\u00e9n\u00e9tie Venise","attributionLevel":"Attribution actuelle","linkType":"\u00c9cole de","creatorRole":"","authenticationType":"","doubt":"","attributedBy":"","attributedYear":"","wikidata":""}],"objectNumber":[{"value":"RF 1964 4","type":"Num\u00e9ro principal"}],"collection":"D\u00e9partement des Peintures","printsDrawingsEntity":"","printsDrawingsCollection":"","objectType":"","originalObject":"","printState":"","description":"Format : octogonal","inscriptions":"","namesAndTitles":"","onomastics":"","dimension":[{"type":"Hauteur","value":"3,03","displayDimension":"3,03 m","unit":"m","anteriorPrecision":"","posteriorPrecision":"","tri":1,"note":""},{"type":"Hauteur avec accessoire","value":"3,07","displayDimension":"3,07 m","unit":"m","anteriorPrecision":"","posteriorPrecision":"","tri":2,"note":""},{"type":"Largeur","value":"1,88","displayDimension":"1,88 m","unit":"m","anteriorPrecision":"","posteriorPrecision":"","tri":3,"note":""},{"type":"Largeur avec accessoire","value":"1,92","displayDimension":"1,92 m","unit":"m","anteriorPrecision":"","posteriorPrecision":"","tri":4,"note":""}],"shape":"","materialsAndTechniques":"huile sur toile","placeOfCreation":"","dateOfDiscovery":"","placeOfDiscovery":"","provenance":"","historicalContext":[],"objectHistory":"Saint-Ouen (Seine-Saint-Denis), march\u00e9 aux puces ; acquis en 1964.","jabachInventory":"","napoleonInventory":"","previousOwner":[],"acquisitionDetails":[{"mode":"achat","doubt":"","dates":[{"type":"date","value":"1964","startYear":1964,"endYear":1964}]}],"ownedBy":"Etat","heldBy":"Mus\u00e9e du Louvre, D\u00e9partement des Peintures","longTermLoanTo":"","index":{"Category":[{"value":"peinture"}],"Imagery":[{"value":"animal\/plante\/nature morte"},{"value":"portrait\/personnage\/nu"},{"value":"religion\/mythologie\/magie\/zodiaque"},{"value":"sc\u00e8ne de genre\/vie quotidienne\/travail"},{"value":"arbre\/for\u00eat"},{"value":"portrait de groupe"},{"value":"divinit\u00e9 pa\u00efenne\/antique"},{"value":"sc\u00e8ne de genre"},{"value":"costume\/coiffure\/couronne\/bijou"},{"value":"objet\/instrument\/mobilier\/accessoire"},{"value":"personnage mythologique"}]},"bibliography":[{"bibliographyRef":"Toutain-Quittelier, Valentine, Le Carnaval, la Fortune et la Folie. La rencontre de Paris et Venise \u00e0 l\u2019aube des Lumi\u00e8res, Rennes, Presses universitaires de Rennes, 2018","bibliographyDate":"2018","bibliographyDetail":"p. 134","comparison":false},{"bibliographyRef":"Loire, St\u00e9phane, Peintures italiennes du XVIIIe si\u00e8cle du mus\u00e9e du Louvre, [Mus\u00e9e du Louvre, d\u00e9partement des Peintures], Paris, Gallimard \/ Mus\u00e9e du Louvre Editions, 2017","bibliographyDate":"2017","bibliographyDetail":"p. 18, 260-266, 473, 476, 483, ill. coul. p. 265","comparison":false},{"bibliographyRef":"Loire, St\u00e9phane, \u00ab XVIIIe si\u00e8cle \u00bb, dans Foucart-Walter, \u00c9lisabeth (dir.), Catalogue des peintures italiennes du mus\u00e9e du Louvre. Catalogue sommaire, [Mus\u00e9e du Louvre, D\u00e9partement des peintures], Paris, Mus\u00e9e du Louvre Editions \/ Gallimard, 2007, p. 183-219","bibliographyDate":"2007","bibliographyDetail":"p. 205, ill. n\u0026b","comparison":false}],"exhibition":[{"value":"La gloire de Venise, Venise (Italie), Ca\u0027 Rezzonico, 25\/05\/1995 - 30\/07\/1995, \u00e9tape d\u0027une exposition itin\u00e9rante "}],"relatedWork":[],"image":[{"urlImage":"https:\/\/collections.louvre.fr\/media\/cache\/large\/0000000021\/0000064922\/0000332053_OG.JPG","urlThumbnail":"https:\/\/collections.louvre.fr\/media\/cache\/small\/0000000021\/0000064922\/0000332053_OG.JPG","copyright":"\u00a9 2014 RMN-Grand Palais (mus\u00e9e du Louvre) \/ Mathieu Rabeau","type":"face, recto, avers, avant ; vue d\u0027ensemble ; vue sans cadre","position":0},{"urlImage":"https:\/\/collections.louvre.fr\/media\/cache\/original\/0000000021\/0000064922\/0000054105_OG.JPG","urlThumbnail":"https:\/\/collections.louvre.fr\/media\/cache\/small\/0000000021\/0000064922\/0000054105_OG.JPG","copyright":"\u00a9 2000 Mus\u00e9e du Louvre \/ Ang\u00e8le Dequier","type":"face, recto, avers, avant ; vue d\u0027ensemble ; vue avec cadre","position":1}]}