{"arkId":"cl010067005","url":"https:\/\/collections.louvre.fr\/ark:\/53355\/cl010067005","modified ":"2022-06-03","title":"L\u0027\u00e9ruption du V\u00e9suve ; vue en hauteur","titleComplement":"","denominationTitle":"Titre : L\u0027\u00e9ruption du V\u00e9suve ; vue en hauteur","displayDateCreated":"Date de cr\u00e9ation\/fabrication : 3e quart du XVIIIe si\u00e8cle (1757)","currentLocation":"Sully, [Peint] Salle 927 - Fran\u00e7ois Boucher (1703-1770)","room":"Salle 927, Aile Sully, Niveau 2","isMuseesNationauxRecuperation":false,"dateCreated":[{"startYear":1757,"endYear":"","imprecision":"","text":"3e quart du XVIIIe si\u00e8cle","type":"Date de cr\u00e9ation\/fabrication","doubt":""}],"creator":[{"label":"Volaire, Pierre Jacques","attributionLevel":"Attribution actuelle","linkType":"","dates":[{"date":"1802","place":"Naples","type":"date de mort"},{"date":"1729","place":"Toulon","type":"date de naissance"}],"creatorRole":"","authenticationType":"","doubt":"","attributedBy":"","attributedYear":"","wikidata":"Q1663045"},{"label":"France","attributionLevel":"Attribution actuelle","linkType":"\u00c9cole de","creatorRole":"","authenticationType":"","doubt":"","attributedBy":"","attributedYear":"","wikidata":""}],"objectNumber":[{"value":"INV 8489 bis","type":"Num\u00e9ro principal"},{"value":"MR 2703","type":"Autre num\u00e9ro d\u0027inventaire"}],"collection":"D\u00e9partement des Peintures","printsDrawingsEntity":"","printsDrawingsCollection":"","objectType":"","originalObject":"","printState":"","description":"","inscriptions":"Signature :  ; peint par \/ le che.r Volaire \/ \u00e0 Naples \/ 1757 (en bas \u00e0 gauche)","namesAndTitles":"","onomastics":"","dimension":[{"type":"Hauteur","value":"1,66","displayDimension":"1,66 m","unit":"m","anteriorPrecision":"","posteriorPrecision":"","tri":1,"note":""},{"type":"Hauteur avec accessoire","value":"1,8","displayDimension":"1,8 m","unit":"m","anteriorPrecision":"","posteriorPrecision":"","tri":2,"note":""},{"type":"Largeur","value":"1,1","displayDimension":"1,1 m","unit":"m","anteriorPrecision":"","posteriorPrecision":"","tri":3,"note":""},{"type":"Largeur avec accessoire","value":"1,23","displayDimension":"1,23 m","unit":"m","anteriorPrecision":"","posteriorPrecision":"","tri":4,"note":""}],"shape":"","materialsAndTechniques":"huile sur toile","placeOfCreation":"","dateOfDiscovery":"","placeOfDiscovery":"","provenance":"","historicalContext":[],"objectHistory":"Ancienne collection, provenant sans doute d\u0027une saisie r\u00e9volutionnaire. D\u00e9pos\u00e9 de 1872 \u00e0 2003 au mus\u00e9e de la Soci\u00e9t\u00e9 arch\u00e9ologique de Vervins et de la Thi\u00e9rache (Aisne). Revenu au Louvre en 2003","jabachInventory":"","napoleonInventory":"","previousOwner":[],"acquisitionDetails":[{"mode":"ancienne collection","doubt":"","dates":[]}],"ownedBy":"Etat","heldBy":"Mus\u00e9e du Louvre, D\u00e9partement des Peintures","longTermLoanTo":"","index":{"Category":[{"value":"peinture"}]},"bibliography":[{"bibliographyRef":"Samoyault, Jean-Pierre, Registre du d\u00e9p\u00f4t de Nesle. \u0152uvres d\u0027art saisies pendant la R\u00e9volution chez les \u00e9migr\u00e9s et condamn\u00e9s parisiens en vue de l\u0027instruction publique (Archives de l\u0027Art fran\u00e7ais. Nouvelle p\u00e9riode, tome XLI), 2, Paris, Editions De Boccard, 2021","bibliographyDate":"2021","bibliographyDetail":"p. 213, n\u00b0 3, 730, n\u00b0 213","comparison":false},{"bibliographyRef":"Eloge du sentiment et de la sensibilit\u00e9. Peintures fran\u00e7aises du XVIIIe si\u00e8cle dans les collections de Bretagne, cat. exp. (Nantes, mus\u00e9e des Beaux-Arts, du 15 f\u00e9vrier au 12 mai 2019), Gand, Snoeck, 2019","bibliographyDate":"2019","bibliographyDetail":"p. 312","comparison":false},{"bibliographyRef":"Dassas, Fr\u00e9d\u00e9ric (dir.), Fastes de la cour de France au XVIIIe si\u00e8cle, 2, cat. exp. (Tokyo (Japon), Metropolitan Art Museum, 24 janvier - 6 avril 2008; Kobe (Japon), mus\u00e9e municipal, 26 avril - 6 juillet 2008), The Asahi Shimbun, 2008","bibliographyDate":"2008","bibliographyDetail":" ","comparison":false},{"bibliographyRef":"Chefs-d\u2019\u0153uvre du mus\u00e9e du Louvre\u00a0: le paysage dans la peinture occidentale du XVI\u00e8 au XIX\u00e8me si\u00e8cle, cat. exp. (S\u00e9oul (Cor\u00e9e R\u00e9publique Populaire D\u00e9mocratique), National Museum of Korea, 23 octobre 2006 - 18 mars 2007), 2006","bibliographyDate":"2006","bibliographyDetail":" ","comparison":false},{"bibliographyRef":"Faroult, Guillaume, \u00ab Le tableau du mois n\u00b0 130: L\u0027\u00e9ruption du V\u00e9suve de Pierre-Jacques Volaire (1729-1799) \u0022Monsieur Volaire qui r\u00e9ussit sup\u00e9rieurement \u00e0 rendre l\u0027horreur du V\u00e9suve\u0022 \u00bb, Tableau du mois, 130, du 1er mars au 3 avril 2006, 2006, 1-4","bibliographyDate":"2006","bibliographyDetail":"p. 1-4, n\u0026b, p. 1","comparison":false}],"exhibition":[{"value":"Chefs-d\u0027\u0153uvres du mus\u00e9e du Louvre : le paysage dans la peinture occidentale du XVII\u00e8 au XIX\u00e8 si\u00e8cle, S\u00e9oul (Cor\u00e9e R\u00e9publique de), National Museum of Korea, 23\/10\/2006 - 18\/03\/2007 "},{"value":"Ombres et Lumi\u00e8res. Quatre si\u00e8cles de peintures fran\u00e7aises 1600-2000, Budapest (Hongrie), Mucsarnok \/ Kunsthalle, 16\/12\/2004 - 27\/02\/2005, \u00e9tape d\u0027une exposition itin\u00e9rante "},{"value":"Ombres et Lumi\u00e8res. Quatre si\u00e8cles de peintures fran\u00e7aises 1600-2000, Bucarest (Roumanie), Muzeul National de Arta al Romaniei, 16\/07\/2005 - 30\/09\/2005, \u00e9tape d\u0027une exposition itin\u00e9rante "},{"value":"Ombres et Lumi\u00e8res. Quatre si\u00e8cles de peintures fran\u00e7aises 1600-2000, Varsovie (Pologne), Ostrogski Castle, 18\/03\/2005 - 19\/06\/2005, \u00e9tape d\u0027une exposition itin\u00e9rante "},{"value":"Fastes de la cour de France au XVIIIe si\u00e8cle, Tokyo (Japon), Metropolitan Museum of Art, 24\/01\/2008 - 06\/04\/2008, \u00e9tape d\u0027une exposition itin\u00e9rante "},{"value":"La M\u00e9diterran\u00e9e dans les collections du Louvre, P\u00e9kin (Chine), Mus\u00e9e national de Chine, 28\/10\/2013 - 10\/02\/2014, \u00e9tape d\u0027une exposition itin\u00e9rante "},{"value":"La M\u00e9diterran\u00e9e dans les collections du Louvre, Tokyo (Japon), Metropolitan Museum of Art, 20\/07\/2013 - 23\/09\/2013, \u00e9tape d\u0027une exposition itin\u00e9rante "},{"value":"Fastes de la cour de France au XVIIIe si\u00e8cle, Kob\u00e9 (Japon), City Museum, 26\/04\/2008 - 06\/07\/2008, \u00e9tape d\u0027une exposition itin\u00e9rante "}],"relatedWork":[],"image":[{"urlImage":"https:\/\/collections.louvre.fr\/media\/cache\/large\/0000000021\/0000067005\/0000144416_OG.JPG","urlThumbnail":"https:\/\/collections.louvre.fr\/media\/cache\/small\/0000000021\/0000067005\/0000144416_OG.JPG","copyright":"\u00a9 2013 RMN-Grand Palais (mus\u00e9e du Louvre) \/ Franck Raux","type":"face, recto, avers, avant ; vue d\u0027ensemble ; vue sans cadre","position":0},{"urlImage":"https:\/\/collections.louvre.fr\/media\/cache\/large\/0000000021\/0000067005\/0000322137_OG.JPG","urlThumbnail":"https:\/\/collections.louvre.fr\/media\/cache\/small\/0000000021\/0000067005\/0000322137_OG.JPG","copyright":"\u00a9 2014 Mus\u00e9e du Louvre \/ Peintures","type":"face, recto, avers, avant ; vue d\u0027ensemble ; vue avec cadre","position":1},{"urlImage":"https:\/\/collections.louvre.fr\/media\/cache\/large\/0000000021\/0000067005\/0000144417_OG.JPG","urlThumbnail":"https:\/\/collections.louvre.fr\/media\/cache\/small\/0000000021\/0000067005\/0000144417_OG.JPG","copyright":"\u00a9 2013 RMN-Grand Palais (mus\u00e9e du Louvre) \/ Franck Raux","type":"face, recto, avers, avant ; d\u00e9tail","position":2},{"urlImage":"https:\/\/collections.louvre.fr\/media\/cache\/large\/0000000021\/0000067005\/0000147167_OG.JPG","urlThumbnail":"https:\/\/collections.louvre.fr\/media\/cache\/small\/0000000021\/0000067005\/0000147167_OG.JPG","copyright":"\u00a9 2013 RMN-Grand Palais (mus\u00e9e du Louvre) \/ Franck Raux","type":"face, recto, avers, avant ; d\u00e9tail","position":3},{"urlImage":"https:\/\/collections.louvre.fr\/media\/cache\/original\/0000000021\/0000067005\/0000133928_OG.JPG","urlThumbnail":"https:\/\/collections.louvre.fr\/media\/cache\/small\/0000000021\/0000067005\/0000133928_OG.JPG","copyright":"\u00a9 RMN-Grand Palais (mus\u00e9e du Louvre) \/ Jean-Gilles Berizzi","type":"face, recto, avers, avant ; vue d\u0027ensemble ; vue sans cadre","position":4}]}