{"arkId":"cl010094072","url":"https:\/\/collections.louvre.fr\/ark:\/53355\/cl010094072","modified ":"2022-06-03","title":"La Beaut\u00e9 et l\u0027art","titleComplement":"","denominationTitle":"Titre : La Beaut\u00e9 et l\u0027art\nTitre d\u0027usage : L\u0027Art couronnant la beaut\u00e9","displayDateCreated":"Date de cr\u00e9ation\/fabrication : 1800 - 1900","currentLocation":"Sully, [HIST LOUVRE] Salle 134 - Salle de la maquette, Vitrine 06 ","room":"Salle 134, Aile Sully, Niveau -1","isMuseesNationauxRecuperation":false,"dateCreated":[{"startYear":1800,"endYear":1900,"imprecision":"","text":"XIXe si\u00e8cle","type":"Date de cr\u00e9ation\/fabrication","doubt":""}],"creator":[{"label":"Guillaume, Jean Baptiste Claude Eug\u00e8ne","attributionLevel":"Attribution actuelle","linkType":"","dates":[{"date":"1822","place":"","type":"date de naissance"},{"date":"1905","place":"","type":"date de mort"}],"creatorRole":"","authenticationType":"","doubt":"","attributedBy":"","attributedYear":"","wikidata":"Q2615602"},{"label":"France","attributionLevel":"Attribution actuelle","linkType":"","creatorRole":"","authenticationType":"","doubt":"","attributedBy":"","attributedYear":"","wikidata":""}],"objectNumber":[{"value":"RF 1767","type":"Num\u00e9ro principal"}],"collection":"D\u00e9partement des Sculptures du Moyen Age, de la Renaissance et des temps modernes","printsDrawingsEntity":"","printsDrawingsCollection":"","objectType":"esquisse","originalObject":"","printState":"","description":"","inscriptions":"","namesAndTitles":"","onomastics":"","dimension":[{"type":"Hauteur","value":"0,29","displayDimension":"0,29 m","unit":"m","anteriorPrecision":"","posteriorPrecision":"","tri":1,"note":""},{"type":"Largeur","value":"0,425","displayDimension":"0,425 m","unit":"m","anteriorPrecision":"","posteriorPrecision":"","tri":2,"note":""},{"type":"Profondeur","value":"0,03","displayDimension":"0,03 m","unit":"m","anteriorPrecision":"","posteriorPrecision":"","tri":3,"note":""}],"shape":"","materialsAndTechniques":"terre crue","placeOfCreation":"","dateOfDiscovery":"","placeOfDiscovery":"","provenance":"","historicalContext":[],"objectHistory":"Esquisse de l\u0027\u0153il-de-b\u0153uf gauche au rez-de-chauss\u00e9e du pavillon Sully donnant sur la cour Napol\u00e9on du Louvre (voir  ENT 1989.21). Soumission approuv\u00e9e le 10 mars 1857. Pay\u00e9 le 28 mai 1857. Don de Mme Henri Lefuel, n\u00e9e Hortense Guillaume (1857-1949), fille du sculpteur, 1921 (comit\u00e9 du 26 mai, arr\u00eat\u00e9 du 20 juin 1921). Vers\u00e9 au mus\u00e9e d\u0027Orsay de 1986 au 30 janvier 1989 et expos\u00e9 dans les salles d\u0027histoire du Louvre depuis cette date.","jabachInventory":"","napoleonInventory":"","previousOwner":[],"acquisitionDetails":[{"mode":"don","doubt":"","dates":[{"type":"date","value":"1921","startYear":1921,"endYear":1921}]}],"ownedBy":"Etat","heldBy":"Mus\u00e9e du Louvre, D\u00e9partement des Sculptures du Moyen Age, de la Renaissance et des temps modernes","longTermLoanTo":"","index":{"Category":[{"value":"mod\u00e8le et esquisse"},{"value":"sculpture"}],"Materials":[{"value":"mat\u00e9riau d\u0027origine min\u00e9rale"},{"value":"terre"},{"value":"terre crue"}],"Imagery":[{"value":"animal\/plante\/nature morte"},{"value":"architecture\/jardin"},{"value":"d\u00e9cor"},{"value":"litt\u00e9rature\/fantastique"},{"value":"portrait\/personnage\/nu"},{"value":"cr\u00e9ature\/animal fabuleux\/fantastique"},{"value":"sc\u00e8ne\/th\u00e8me all\u00e9gorique"},{"value":"personnage f\u00e9minin"},{"value":"divertissement"},{"value":"musique"},{"value":"objet\/instrument\/mobilier\/accessoire"}]},"bibliography":[{"bibliographyRef":"Mus\u00e9e du Louvre, Nouvelles acquisitions du D\u00e9partement des Sculptures (1988-1991), Paris, 1992","bibliographyDate":"1992","bibliographyDetail":"p. 146","comparison":false},{"bibliographyRef":"Pingeot, Anne ; Le Normand-Romain, Antoinette ; Margerie, Laure de, Mus\u00e9e d\u0027Orsay. Catalogue sommaire illustr\u00e9 des sculptures, Paris, 1986","bibliographyDate":"1986","bibliographyDetail":"p. 171","comparison":false},{"bibliographyRef":"Vitry, Paul, Mus\u00e9e national du Louvre. Catalogue des sculptures du Moyen \u00c2ge, de la Renaissance et des Temps modernes. Premi\u00e8re partie, Moyen \u00c2ge et Renaissance ; deuxi\u00e8me partie, Temps modernes, I, Paris, 1922","bibliographyDate":"1922","bibliographyDetail":"n\u00b0 1341","comparison":false}],"exhibition":[],"relatedWork":[],"image":[{"urlImage":"https:\/\/collections.louvre.fr\/media\/cache\/large\/0000000021\/0000094072\/0000253974_OG.JPG","urlThumbnail":"https:\/\/collections.louvre.fr\/media\/cache\/small\/0000000021\/0000094072\/0000253974_OG.JPG","copyright":"\u00a9 2003 Mus\u00e9e du Louvre \/ Pierre Philibert","type":"","position":0},{"urlImage":"https:\/\/collections.louvre.fr\/media\/cache\/large\/0000000021\/0000094072\/0000253975_OG.JPG","urlThumbnail":"https:\/\/collections.louvre.fr\/media\/cache\/small\/0000000021\/0000094072\/0000253975_OG.JPG","copyright":"\u00a9 2003 Mus\u00e9e du Louvre \/ Pierre Philibert","type":"","position":1},{"urlImage":"https:\/\/collections.louvre.fr\/media\/cache\/large\/0000000021\/0000094072\/0000253976_OG.JPG","urlThumbnail":"https:\/\/collections.louvre.fr\/media\/cache\/small\/0000000021\/0000094072\/0000253976_OG.JPG","copyright":"\u00a9 2003 Mus\u00e9e du Louvre \/ Pierre Philibert","type":"","position":2}]}