{"arkId":"cl010094811","url":"https:\/\/collections.louvre.fr\/ark:\/53355\/cl010094811","modified ":"2022-06-03","title":"Neptune","titleComplement":"","denominationTitle":"Titre : Neptune","displayDateCreated":"Date de cr\u00e9ation\/fabrication : 1703 - 1705 (signature)","currentLocation":"Richelieu, [SCULPT] Salle 102 - Cour Marly, Salle 102 - Partie m\u00e9diane","room":"Salle 102, Aile Richelieu, Niveau -1","isMuseesNationauxRecuperation":false,"dateCreated":[{"startYear":1703,"endYear":1705,"imprecision":"","text":"Fin du XVIIe si\u00e8cle - d\u00e9but du XVIIIe si\u00e8cle","type":"Date de cr\u00e9ation\/fabrication","doubt":""}],"creator":[{"label":"Coysevox, Antoine","attributionLevel":"Attribution actuelle","linkType":"","dates":[{"date":"1720","place":"","type":"date de mort"},{"date":"1640","place":"Lyon","type":"date de naissance"}],"creatorRole":"","authenticationType":"","doubt":"","attributedBy":"","attributedYear":"","wikidata":"Q505134"},{"label":"France","attributionLevel":"Attribution actuelle","linkType":"","creatorRole":"","authenticationType":"","doubt":"","attributedBy":"","attributedYear":"","wikidata":""}],"objectNumber":[{"value":"RF 3006","type":"Num\u00e9ro principal"}],"collection":"D\u00e9partement des Sculptures du Moyen Age, de la Renaissance et des temps modernes","printsDrawingsEntity":"","printsDrawingsCollection":"","objectType":"groupe","originalObject":"","printState":"","description":"","inscriptions":"Inscription :  ; Sur le rocher, sous l\u0027ant\u00e9rieur droit du cheval marin : \u0022A. COYZEVOX F. 1705\u0022","namesAndTitles":"","onomastics":"","dimension":[{"type":"Hauteur","value":"1,855","displayDimension":"1,855 m","unit":"m","anteriorPrecision":"","posteriorPrecision":"","tri":1,"note":""},{"type":"Largeur","value":"1,77","displayDimension":"1,77 m","unit":"m","anteriorPrecision":"","posteriorPrecision":"","tri":2,"note":""},{"type":"Profondeur","value":"1,11","displayDimension":"1,11 m","unit":"m","anteriorPrecision":"","posteriorPrecision":"","tri":3,"note":""}],"shape":"","materialsAndTechniques":"marbre","placeOfCreation":"","dateOfDiscovery":"","placeOfDiscovery":"","provenance":"parc (France-\u003EMarly) (bas de la Rivi\u00e8re)","historicalContext":[],"objectHistory":"Un des quatre groupes command\u00e9s en 1698 par Jules Hardouin-Mansart (1646-1708), surintendant des B\u00e2timents du roi, pour la Rivi\u00e8re du parc de Marly avec La Seine (MR 1825), La Marne (RF 3007 ) et son pendant Neptune (RF 3006). Mod\u00e8les ex\u00e9cut\u00e9s en 1698-1699. Moulage des mod\u00e8les en pl\u00e2tre ex\u00e9cut\u00e9 en 1699 sur les emplacements pr\u00e9vus pour les marbres. Ex\u00e9cution commenc\u00e9e une fois termin\u00e9s le Mercure (MR 1822) et La Renomm\u00e9e (MR 1824), et ex\u00e9cut\u00e9s en marbre de 1703 \u00e0 1708 (d\u0027apr\u00e8s l\u0027inventaire des collections royales de 1707, ex\u00e9cut\u00e9s en 1705). Parfait paiement, 18 avril 1712. \nDestin\u00e9 par Alexandre Lenoir au mus\u00e9e des Monuments fran\u00e7ais, le 12 octobre 1796 mais d\u00e9pos\u00e9 dans les jardins du Corps l\u00e9gislatif (actuel Palais-Bourbon). Paris, parc Monceau, 1800. \nD\u00e9pos\u00e9 \u00e0 la Ville de Brest et affect\u00e9 apr\u00e8s septembre 1801 au d\u00e9cor de la fontaine de Neptune sur le cours Dajot. Class\u00e9 monument historique par arr\u00eat\u00e9 du 15 mai 1909. Abrit\u00e9 au ch\u00e2teau de Kerjean (Nord-Finist\u00e8re) de 1940 \u00e0 1953, puis entrepos\u00e9 au ch\u00e2teau de Champs-sur-Marne (Seine-et-Marne). Vers\u00e9 au Louvre le 27 septembre 1966 et inventori\u00e9 pour r\u00e9gularisation en 1971.","jabachInventory":"","napoleonInventory":"","previousOwner":[],"acquisitionDetails":[{"mode":"versement","doubt":"","dates":[{"type":"date","value":"1801","startYear":1801,"endYear":1801},{"type":"date","value":"15\/05\/1909","startYear":1909,"endYear":1909},{"type":"date d\u0027arriv\u00e9e au Mus\u00e9e","value":"27\/09\/1966","startYear":1966,"endYear":1966},{"type":"date de l\u0027inscription sur l\u0027inventaire","value":"1971","startYear":1971,"endYear":1971}]}],"ownedBy":"Etat","heldBy":"Mus\u00e9e du Louvre, D\u00e9partement des Sculptures du Moyen Age, de la Renaissance et des temps modernes","longTermLoanTo":"","index":{"Category":[{"value":"statue, statuette, figurine"},{"value":"sculpture"}],"Materials":[{"value":"mat\u00e9riau d\u0027origine min\u00e9rale"},{"value":"pierre"},{"value":"marbre"}],"Imagery":[{"value":"animal\/plante\/nature morte"},{"value":"portrait\/personnage\/nu"},{"value":"religion\/mythologie\/magie\/zodiaque"},{"value":"cr\u00e9ature\/animal fabuleux\/fantastique"},{"value":"objet\/instrument\/mobilier\/accessoire"},{"value":"personnage mythologique"}],"Places":[{"value":"France"},{"value":"Marly"},{"value":"parc"}]},"bibliography":[{"bibliographyRef":"Souchal, Fran\u00e7ois, French sculptors of the 17th and 18th centuries  : the reign of Louis XIV, 3, Oxford ; Londres, Cassirer ; Faber, 1977-1987","bibliographyDate":"1981","bibliographyDetail":"t. I, 1977, p. 206-208, n\u00b0 65 ; t. IV, p.58, n\u00b0 65","comparison":false},{"bibliographyRef":"Maral, Alexandre ; Carpentier-Vanhaverbeke, Val\u00e9rie, Antoine Coysevox (1640-1720). Le sculpteur du Grand Si\u00e8cle, Paris, Arthena, 2020","bibliographyDate":"2020","bibliographyDetail":"p. 152-162, 500, n\u00b0 218","comparison":false},{"bibliographyRef":"Bresc-Bautier, Genevi\u00e8ve, La sculpture des jardins de Marly, Paris, Louvre \u00e9ditions, 2019","bibliographyDate":"2019","bibliographyDetail":"p. 42-43, 234-237, n\u00b0 50","comparison":false},{"bibliographyRef":"Mus\u00e9e du Louvre (dir.), Bresc-Bautier, Genevi\u00e8ve, Les Chasseurs de Marly et les oeuvres de Nicolas Coustou au mus\u00e9e du Louvre, Paris, Mus\u00e9e du Louvre\/Somogy, 2015","bibliographyDate":"2015","bibliographyDetail":"p. 52-58","comparison":false},{"bibliographyRef":"Castelluccio, St\u00e9phane, Marly. Art de vivre et pouvoir de Louis XIV \u00e0 Louis XVI, Montreuil, Gourcuff Gradenico, 2014","bibliographyDate":"2014","bibliographyDetail":"p. 80","comparison":false},{"bibliographyRef":"Chancel-Bardelot, B\u00e9atrice de, sous la direction de, Le mus\u00e9e des Monuments fran\u00e7ais d\u0027Alexandre Lenoir, histoire et collections, [INHA \/ Louvre], Paris, Institut National d\u0027Histoire de l\u0027Art, 2014, Disponible sur : \u0026lt;\thttps:\/\/agorha.inha.fr\/inhaprod\/ark:\/54721\/00145\u0026gt; ","bibliographyDate":"2014","bibliographyDetail":"https:\/\/agorha.inha.fr\/inhaprod\/ark:\/54721\/003141021","comparison":false},{"bibliographyRef":"Maroteaux, Vincent, Marly, l\u0027autre palais du soleil, Gen\u00e8ve, 2002","bibliographyDate":"2002","bibliographyDetail":"p. 158-159","comparison":false},{"bibliographyRef":"Gaborit, Jean-Ren\u00e9 sous la direction de, Sculpture fran\u00e7aise II - Renaissance et Temps Modernes, vol. 1 et 2, Paris, Editions de la R\u00e9union des mus\u00e9es nationaux, 1998","bibliographyDate":"1998","bibliographyDetail":"p. 176","comparison":false},{"bibliographyRef":"Keller-Dorian, Georges, Antoine Coysevox (1640-1720), 1920","bibliographyDate":"1920","bibliographyDetail":"t. II, p. 45-52, n\u00b0 73-76","comparison":false}],"exhibition":[],"relatedWork":[{"objectUrl":"https:\/\/collections.louvre.fr\/ark:\/53355\/cl010094810","type":"Pendant"}],"image":[{"urlImage":"https:\/\/collections.louvre.fr\/media\/cache\/large\/0000000021\/0000094811\/0000777890_OG.JPG","urlThumbnail":"https:\/\/collections.louvre.fr\/media\/cache\/small\/0000000021\/0000094811\/0000777890_OG.JPG","copyright":"\u00a9 2017 RMN-Grand Palais (mus\u00e9e du Louvre) \/ Adrien Didierjean","type":"face, recto, avers, avant","position":0},{"urlImage":"https:\/\/collections.louvre.fr\/media\/cache\/large\/0000000021\/0000094811\/0000777893_OG.JPG","urlThumbnail":"https:\/\/collections.louvre.fr\/media\/cache\/small\/0000000021\/0000094811\/0000777893_OG.JPG","copyright":"\u00a9 2017 RMN-Grand Palais (mus\u00e9e du Louvre) \/ Adrien Didierjean","type":"trois quarts droit","position":1},{"urlImage":"https:\/\/collections.louvre.fr\/media\/cache\/large\/0000000021\/0000094811\/0000777897_OG.JPG","urlThumbnail":"https:\/\/collections.louvre.fr\/media\/cache\/small\/0000000021\/0000094811\/0000777897_OG.JPG","copyright":"\u00a9 2017 RMN-Grand Palais (mus\u00e9e du Louvre) \/ Adrien Didierjean","type":"dos, verso, revers, arri\u00e8re","position":2},{"urlImage":"https:\/\/collections.louvre.fr\/media\/cache\/large\/0000000021\/0000094811\/0000327677_OG.JPG","urlThumbnail":"https:\/\/collections.louvre.fr\/media\/cache\/small\/0000000021\/0000094811\/0000327677_OG.JPG","copyright":"\u00a9 2005 RMN-Grand Palais (mus\u00e9e du Louvre) \/ Martine Beck-Coppola","type":"","position":3},{"urlImage":"https:\/\/collections.louvre.fr\/media\/cache\/large\/0000000021\/0000094811\/0000327678_OG.JPG","urlThumbnail":"https:\/\/collections.louvre.fr\/media\/cache\/small\/0000000021\/0000094811\/0000327678_OG.JPG","copyright":"\u00a9 2005 RMN-Grand Palais (mus\u00e9e du Louvre) \/ Martine Beck-Coppola","type":"","position":4},{"urlImage":"https:\/\/collections.louvre.fr\/media\/cache\/large\/0000000021\/0000094811\/0000327679_OG.JPG","urlThumbnail":"https:\/\/collections.louvre.fr\/media\/cache\/small\/0000000021\/0000094811\/0000327679_OG.JPG","copyright":"\u00a9 2005 RMN-Grand Palais (mus\u00e9e du Louvre) \/ Martine Beck-Coppola","type":"","position":5},{"urlImage":"https:\/\/collections.louvre.fr\/media\/cache\/large\/0000000021\/0000094811\/0000327680_OG.JPG","urlThumbnail":"https:\/\/collections.louvre.fr\/media\/cache\/small\/0000000021\/0000094811\/0000327680_OG.JPG","copyright":"\u00a9 2005 RMN-Grand Palais (mus\u00e9e du Louvre) \/ Martine Beck-Coppola","type":"","position":6},{"urlImage":"https:\/\/collections.louvre.fr\/media\/cache\/large\/0000000021\/0000094811\/0000327681_OG.JPG","urlThumbnail":"https:\/\/collections.louvre.fr\/media\/cache\/small\/0000000021\/0000094811\/0000327681_OG.JPG","copyright":"\u00a9 2005 RMN-Grand Palais (mus\u00e9e du Louvre) \/ Martine Beck-Coppola","type":"","position":7},{"urlImage":"https:\/\/collections.louvre.fr\/media\/cache\/large\/0000000021\/0000094811\/0000327682_OG.JPG","urlThumbnail":"https:\/\/collections.louvre.fr\/media\/cache\/small\/0000000021\/0000094811\/0000327682_OG.JPG","copyright":"\u00a9 2005 RMN-Grand Palais (mus\u00e9e du Louvre) \/ Martine Beck-Coppola","type":"","position":8},{"urlImage":"https:\/\/collections.louvre.fr\/media\/cache\/large\/0000000021\/0000094811\/0000327683_OG.JPG","urlThumbnail":"https:\/\/collections.louvre.fr\/media\/cache\/small\/0000000021\/0000094811\/0000327683_OG.JPG","copyright":"\u00a9 2005 RMN-Grand Palais (mus\u00e9e du Louvre) \/ Martine Beck-Coppola","type":"","position":9},{"urlImage":"https:\/\/collections.louvre.fr\/media\/cache\/large\/0000000021\/0000094811\/0000264399_OG.JPG","urlThumbnail":"https:\/\/collections.louvre.fr\/media\/cache\/small\/0000000021\/0000094811\/0000264399_OG.JPG","copyright":"\u00a9 1994 Mus\u00e9e du Louvre \/ Pierre Philibert","type":"","position":10},{"urlImage":"https:\/\/collections.louvre.fr\/media\/cache\/large\/0000000021\/0000094811\/0000264506_OG.JPG","urlThumbnail":"https:\/\/collections.louvre.fr\/media\/cache\/small\/0000000021\/0000094811\/0000264506_OG.JPG","copyright":"\u00a9 1994 Mus\u00e9e du Louvre \/ Pierre Philibert","type":"","position":11},{"urlImage":"https:\/\/collections.louvre.fr\/media\/cache\/large\/0000000021\/0000094811\/0000264507_OG.JPG","urlThumbnail":"https:\/\/collections.louvre.fr\/media\/cache\/small\/0000000021\/0000094811\/0000264507_OG.JPG","copyright":"\u00a9 1994 Mus\u00e9e du Louvre \/ Pierre Philibert","type":"","position":12},{"urlImage":"https:\/\/collections.louvre.fr\/media\/cache\/large\/0000000021\/0000094811\/0000264508_OG.JPG","urlThumbnail":"https:\/\/collections.louvre.fr\/media\/cache\/small\/0000000021\/0000094811\/0000264508_OG.JPG","copyright":"\u00a9 1994 Mus\u00e9e du Louvre \/ Pierre Philibert","type":"","position":13}]}