{"arkId":"cl010094301","url":"https:\/\/collections.louvre.fr\/ark:\/53355\/cl010094301","modified ":"2022-06-03","title":"La bienheureuse Ludovica Albertoni (1473-1553)","titleComplement":"","denominationTitle":"Titre : La bienheureuse Ludovica Albertoni (1473-1553)\nTitre d\u0027usage : La bienheureuse Albertoni","displayDateCreated":"Date de cr\u00e9ation\/fabrication : apr\u00e8s 1674","currentLocation":"Denon, [SCULPT] Salle 162 - Galerie d\u0027\u00e9tude 2 , Vitrine 02 ","room":"Salle 162, Aile Denon, Niveau -1","isMuseesNationauxRecuperation":false,"dateCreated":[{"startYear":1674,"endYear":"","imprecision":"apr\u00e8s","text":"XVIIe si\u00e8cle - XVIIIe si\u00e8cle","type":"Date de cr\u00e9ation\/fabrication","doubt":""}],"creator":[{"label":"Italie","attributionLevel":"Attribution actuelle","linkType":"","creatorRole":"","authenticationType":"","doubt":"","attributedBy":"","attributedYear":"","wikidata":""},{"label":"Bernin, Gian Lorenzo Bernini, dit Le Bernin","attributionLevel":"Attribution actuelle","linkType":"D\u2019apr\u00e8s","dates":[{"date":"07\/12\/1598","place":"Naples","type":"date de naissance"},{"date":"28\/11\/1680","place":"Rome","type":"date de mort"}],"creatorRole":"","authenticationType":"","doubt":"","attributedBy":"","attributedYear":"","wikidata":"Q160538"}],"objectNumber":[{"value":"RF 2454","type":"Num\u00e9ro principal"}],"collection":"D\u00e9partement des Sculptures du Moyen Age, de la Renaissance et des temps modernes","printsDrawingsEntity":"","printsDrawingsCollection":"","objectType":"statuette","originalObject":"","printState":"","description":"","inscriptions":"","namesAndTitles":"","onomastics":"","dimension":[{"type":"Hauteur","value":"0,21","displayDimension":"0,21 m","unit":"m","anteriorPrecision":"","posteriorPrecision":"","tri":1,"note":""},{"type":"Largeur","value":"0,5","displayDimension":"0,5 m","unit":"m","anteriorPrecision":"","posteriorPrecision":"","tri":2,"note":""},{"type":"Profondeur","value":"0,19","displayDimension":"0,19 m","unit":"m","anteriorPrecision":"","posteriorPrecision":"","tri":3,"note":""}],"shape":"","materialsAndTechniques":"terre cuite","placeOfCreation":"","dateOfDiscovery":"","placeOfDiscovery":"","provenance":"","historicalContext":[],"objectHistory":"R\u00e9duction en terre cuite du marbre de l\u2019\u00e9glise San Francesco a Ripa, ex\u00e9cut\u00e9 par Bernin \u00e0 Rome en 1674, repr\u00e9sentant Ludovica Albertoni, tertiaire franciscaine. Il existe plusieurs autres r\u00e9ductions de cette \u0153uvre. Pourrait \u00eatre l\u2019exemplaire de la collection Crozat, vente apr\u00e8s d\u00e9c\u00e8s \u00e0 Paris le 14 d\u00e9cembre 1750, n\u00b0 175. Acquis en 1936 (comit\u00e9 du 17\u00a0d\u00e9cembre 1936, arr\u00eat\u00e9 du 6 janvier 1937).","jabachInventory":"","napoleonInventory":"","previousOwner":[],"acquisitionDetails":[{"mode":"achat","doubt":"","dates":[{"type":"date de comit\u00e9\/commission","value":"17\/12\/1936","startYear":1936,"endYear":1936},{"type":"date de l\u0027arr\u00eat\u00e9\/d\u00e9cision","value":"06\/01\/1937","startYear":1937,"endYear":1937}]}],"ownedBy":"Etat","heldBy":"Mus\u00e9e du Louvre, D\u00e9partement des Sculptures du Moyen Age, de la Renaissance et des temps modernes","longTermLoanTo":"","index":{"Category":[{"value":"statue, statuette, figurine"},{"value":"sculpture"}],"Materials":[{"value":"mat\u00e9riau d\u0027origine min\u00e9rale"},{"value":"terre"},{"value":"terre cuite"}]},"bibliography":[{"bibliographyRef":"Vitry, Paul, \u00ab Deux maquettes de sculptures berninesques\u00a0 \u00bb, Bulletin des Mus\u00e9es de France = BMF, 4, avr.-37","bibliographyDate":"avr.-37","bibliographyDetail":"p. 53-55","comparison":false},{"bibliographyRef":"Gourarier, Zeev ; Marquette, Isabelle ; Schmitt, Jean-Claude (dir.), Amour. Une histoire des mani\u00e8res d\u0027aimer, cat. exp. (Lens, Mus\u00e9e du Louvre-Lens, 26 septembre 2018 - 21 janvier 2019), Lens, Louvre-Lens, 2018","bibliographyDate":"2018","bibliographyDetail":"p. 165, 168, p. 168, Cat. 42","comparison":false},{"bibliographyRef":"Mus\u00e9e du Louvre-Lens (dir.), L\u0027Europe de Rubens, cat. exp. (Lens, Mus\u00e9e du Louvre-Lens, du 22 mai au 23 septembre 2013), Paris, Hazan, 2013","bibliographyDate":"2013","bibliographyDetail":"p. 271, 298","comparison":false},{"bibliographyRef":"Bresc-Bautier, Genevi\u00e8ve, sous la direction de (dir.), Bormand, Marc ; Gaborit, Jean-Ren\u00e9 ; Guillot de Suduiraut, Sophie ; Lafabrie, Mich\u00e8le ; Le Pogam, Pierre-Yves ; Tupinier-Barrillon, B\u00e9atrice ; Leroy-Jay Lemaistre, Isabelle ; Scherf, Guilhem, Les Sculptures europ\u00e9ennes du Mus\u00e9e du Louvre: Byzance, Espagne, \u00eeles Britanniques, Italie, Anciens Pays-Bas et Belgique, pays germaniques et de l\u2019Europe de l\u2019Est, pays scandinaves, Antiques restaur\u00e9es et copies d\u2019antiques, Paris, Somogy, \u00e9ditions d\u0027art ; Mus\u00e9e du Louvre \u00e9ditions, 2006","bibliographyDate":"2006","bibliographyDetail":"p. 81, ill. 81","comparison":false},{"bibliographyRef":"Malgouyres, Philippe, \u00ab La bienheureuse Ludovica Albertoni de Gianlorenzo Bernini, (1598-1680)\u00a0: esquisses, mod\u00e8les et copies\u00a0 \u00bb, Bulletin des mus\u00e9es de Dijon, n\u00b02, 2002, p. 23-30.","bibliographyDate":"2002","bibliographyDetail":" ","comparison":false}],"exhibition":[{"value":"Amour, Louvre-Lens, 26\/09\/2018 - 21\/01\/2019 "}],"relatedWork":[],"image":[{"urlImage":"https:\/\/collections.louvre.fr\/media\/cache\/large\/0000000021\/0000094301\/0000327433_OG.JPG","urlThumbnail":"https:\/\/collections.louvre.fr\/media\/cache\/small\/0000000021\/0000094301\/0000327433_OG.JPG","copyright":"\u00a9 2010 RMN-Grand Palais (mus\u00e9e du Louvre) \/ St\u00e9phane Mar\u00e9challe","type":"","position":0},{"urlImage":"https:\/\/collections.louvre.fr\/media\/cache\/large\/0000000021\/0000094301\/0000327434_OG.JPG","urlThumbnail":"https:\/\/collections.louvre.fr\/media\/cache\/small\/0000000021\/0000094301\/0000327434_OG.JPG","copyright":"\u00a9 2010 RMN-Grand Palais (mus\u00e9e du Louvre) \/ St\u00e9phane Mar\u00e9challe","type":"","position":1},{"urlImage":"https:\/\/collections.louvre.fr\/media\/cache\/large\/0000000021\/0000094301\/0000327435_OG.JPG","urlThumbnail":"https:\/\/collections.louvre.fr\/media\/cache\/small\/0000000021\/0000094301\/0000327435_OG.JPG","copyright":"\u00a9 2010 RMN-Grand Palais (mus\u00e9e du Louvre) \/ St\u00e9phane Mar\u00e9challe","type":"","position":2},{"urlImage":"https:\/\/collections.louvre.fr\/media\/cache\/large\/0000000021\/0000094301\/0000327436_OG.JPG","urlThumbnail":"https:\/\/collections.louvre.fr\/media\/cache\/small\/0000000021\/0000094301\/0000327436_OG.JPG","copyright":"\u00a9 2010 RMN-Grand Palais (mus\u00e9e du Louvre) \/ St\u00e9phane Mar\u00e9challe","type":"","position":3},{"urlImage":"https:\/\/collections.louvre.fr\/media\/cache\/large\/0000000021\/0000094301\/0000327437_OG.JPG","urlThumbnail":"https:\/\/collections.louvre.fr\/media\/cache\/small\/0000000021\/0000094301\/0000327437_OG.JPG","copyright":"\u00a9 2010 RMN-Grand Palais (mus\u00e9e du Louvre) \/ St\u00e9phane Mar\u00e9challe","type":"","position":4},{"urlImage":"https:\/\/collections.louvre.fr\/media\/cache\/large\/0000000021\/0000094301\/0000253771_OG.JPG","urlThumbnail":"https:\/\/collections.louvre.fr\/media\/cache\/small\/0000000021\/0000094301\/0000253771_OG.JPG","copyright":"\u00a9 2001 Mus\u00e9e du Louvre \/ Pierre Philibert","type":"","position":5},{"urlImage":"https:\/\/collections.louvre.fr\/media\/cache\/large\/0000000021\/0000094301\/0000253770_OG.JPG","urlThumbnail":"https:\/\/collections.louvre.fr\/media\/cache\/small\/0000000021\/0000094301\/0000253770_OG.JPG","copyright":"\u00a9 2001 Mus\u00e9e du Louvre \/ Pierre Philibert","type":"","position":6}]}