{"arkId":"cl010094893","url":"https:\/\/collections.louvre.fr\/ark:\/53355\/cl010094893","modified ":"2022-06-03","title":"Femme voil\u00e9e (la Foi ?)","titleComplement":"","denominationTitle":"Titre : Femme voil\u00e9e (la Foi ?)","displayDateCreated":"Date de cr\u00e9ation\/fabrication : 1700 - 1800","currentLocation":"Denon, [SCULPT] Salle 403 - Galerie Michel-Ange","room":"Salle 403, Aile Denon, Niveau 0","isMuseesNationauxRecuperation":false,"dateCreated":[{"startYear":1700,"endYear":1800,"imprecision":"","text":"XVIIIe si\u00e8cle","type":"Date de cr\u00e9ation\/fabrication","doubt":""}],"creator":[{"label":"Corradini, Antonio","attributionLevel":"Attribution actuelle","linkType":"","dates":[{"date":"1688","place":"","type":"date de naissance"},{"date":"1752","place":"","type":"date de mort"}],"creatorRole":"","authenticationType":"","doubt":"","attributedBy":"","attributedYear":"","wikidata":"Q601707"},{"label":"Italie","attributionLevel":"Attribution actuelle","linkType":"","creatorRole":"","authenticationType":"","doubt":"","attributedBy":"","attributedYear":"","wikidata":""}],"objectNumber":[{"value":"RF 3088","type":"Num\u00e9ro principal"}],"collection":"D\u00e9partement des Sculptures du Moyen Age, de la Renaissance et des temps modernes","printsDrawingsEntity":"","printsDrawingsCollection":"","objectType":"statue","originalObject":"","printState":"","description":"","inscriptions":"Inscription :  ; Sur la plinthe\u00a0: \u00ab\u00a0ANTO\u00b0 CORADINI F.\u00a0\u00bb","namesAndTitles":"","onomastics":"","dimension":[{"type":"Hauteur","value":"1,38","displayDimension":"1,38 m","unit":"m","anteriorPrecision":"","posteriorPrecision":"","tri":1,"note":""},{"type":"Largeur","value":"0,48","displayDimension":"0,48 m","unit":"m","anteriorPrecision":"","posteriorPrecision":"","tri":2,"note":""},{"type":"Profondeur","value":"0,36","displayDimension":"0,36 m","unit":"m","anteriorPrecision":"","posteriorPrecision":"","tri":3,"note":""},{"type":"Poids","value":"220","displayDimension":"220 kg","unit":"kg","anteriorPrecision":"","posteriorPrecision":"","tri":4,"note":""}],"shape":"","materialsAndTechniques":"marbre","placeOfCreation":"","dateOfDiscovery":"","placeOfDiscovery":"","provenance":"","historicalContext":[],"objectHistory":"Le revers de la statue n\u2019est pas sculpt\u00e9 mais para\u00eet con\u00e7u pour \u00eatre adoss\u00e9 ou m\u00eame accroch\u00e9 \u00e0 un monument, peut-\u00eatre fun\u00e9raire. Le fait qu\u2019elle ait la poitrine demi d\u00e9couverte pourrait indiquer qu\u2019elle personnifie la Foi. Selon Cogo, la statue pourrait \u00eatre la Foi au visage et t\u00eate voil\u00e9e, mentionn\u00e9e en 1717 dans une lettre du peintre Antonio Balestra (V\u00e9rone, 1666 - 1740) \u00e0 Francesco Gaburri et identifi\u00e9e en 1815 par Moschini comme une Vestale dans le palais v\u00e9nitien du marquis Manfrin, dont la collection fut dispers\u00e9e apr\u00e8s le milieu du XIXe si\u00e8cle. Vente, Monaco, 24 juin 1976, n\u00b0 272 (Vestale). Acquis en 1976 (comit\u00e9 du 1er juillet, conseil du 7 juillet, arr\u00eat\u00e9 le 19\u00a0juillet 1976).","jabachInventory":"","napoleonInventory":"","previousOwner":[],"acquisitionDetails":[{"mode":"achat en vente publique","doubt":"","dates":[{"type":"date de comit\u00e9\/commission","value":"01\/07\/1976","startYear":1976,"endYear":1976},{"type":"date du conseil","value":"07\/07\/1976","startYear":1976,"endYear":1976},{"type":"date de l\u0027arr\u00eat\u00e9\/d\u00e9cision","value":"19\/07\/1976","startYear":1976,"endYear":1976}]}],"ownedBy":"Etat","heldBy":"Mus\u00e9e du Louvre, D\u00e9partement des Sculptures du Moyen Age, de la Renaissance et des temps modernes","longTermLoanTo":"","index":{"Category":[{"value":"statue, statuette, figurine"},{"value":"sculpture"}],"Materials":[{"value":"mat\u00e9riau d\u0027origine min\u00e9rale"},{"value":"pierre"},{"value":"marbre"}]},"bibliography":[{"bibliographyRef":"Le Drap\u00e9. Degas, Christo, Michel-Ange, Rodin, Man Ray, D\u00fcrer..., cat. exp. (Lyon (Externe, France), Mus\u00e9e des Beaux-Arts, 2019), Lyon, Mus\u00e9e des Beaux-Arts de Lyon ; Lienart, 2019","bibliographyDate":"2019","bibliographyDetail":"p. 326, 344, ill. p. 329, n\u00b0 244","comparison":false},{"bibliographyRef":"Eblouissante Venise. Venise, les arts et l\u0027Europe au XVIII si\u00e8cle, cat. exp. (Paris, Galeries nationales du Grand Palais, 24 septembre 2018-21 janvier 2019), Paris, R\u00e9union des mus\u00e9es nationaux-Grand Palais, 2018","bibliographyDate":"2018","bibliographyDetail":"p. 111, 117, 161, 246, p. 117, Cat. 78","comparison":false},{"bibliographyRef":"Bresc-Bautier, Genevi\u00e8ve, sous la direction de (dir.), Bormand, Marc ; Gaborit, Jean-Ren\u00e9 ; Guillot de Suduiraut, Sophie ; Lafabrie, Mich\u00e8le ; Le Pogam, Pierre-Yves ; Tupinier-Barrillon, B\u00e9atrice ; Leroy-Jay Lemaistre, Isabelle ; Scherf, Guilhem, Les Sculptures europ\u00e9ennes du Mus\u00e9e du Louvre: Byzance, Espagne, \u00eeles Britanniques, Italie, Anciens Pays-Bas et Belgique, pays germaniques et de l\u2019Europe de l\u2019Est, pays scandinaves, Antiques restaur\u00e9es et copies d\u2019antiques, Paris, Somogy, \u00e9ditions d\u0027art ; Mus\u00e9e du Louvre \u00e9ditions, 2006","bibliographyDate":"2006","bibliographyDetail":"p. 104, ill. 104","comparison":false},{"bibliographyRef":"Bacchi, Andrea, La Scultura a Venezia da Sansovino a Canova, Milan, 2000","bibliographyDate":"2000","bibliographyDetail":"p. 727","comparison":false},{"bibliographyRef":"Cogo, Bruno, Antonio Corradini scultore veneziano 1688-1752, 1996","bibliographyDate":"1996","bibliographyDetail":"p. 170-177, n\u00b0 10","comparison":false},{"bibliographyRef":"Orf\u00e8vrerie, objets d\u2019art et bel ameublement, Sotheby(s Parke Bernet Monaco SA, Sportig d\u0027hiver, Monte-Carlo, 23-24 mai 1976, [Vente, Monaco, 1976","bibliographyDate":"1976","bibliographyDetail":"n\u00b0 272","comparison":false}],"exhibition":[{"value":"Eblouissante Venise. Venise, les arts et l\u0027Europe au 18\u00e8 si\u00e8cle, Paris (Externe, France), Galeries nationales du Grand Palais, 24\/09\/2018 - 21\/01\/2019, \u00e9tape d\u0027une exposition itin\u00e9rante "},{"value":"Le Drap\u00e9, Lyon (Externe, France), Mus\u00e9e des Beaux-Arts, 30\/11\/2019 - 08\/03\/2020 "}],"relatedWork":[],"image":[{"urlImage":"https:\/\/collections.louvre.fr\/media\/cache\/large\/0000000021\/0000094893\/0000807038_OG.JPG","urlThumbnail":"https:\/\/collections.louvre.fr\/media\/cache\/small\/0000000021\/0000094893\/0000807038_OG.JPG","copyright":"\u00a9 2018 Mus\u00e9e du Louvre \/ Anne Chauvet","type":"face, recto, avers, avant","position":0},{"urlImage":"https:\/\/collections.louvre.fr\/media\/cache\/large\/0000000021\/0000094893\/0000807039_OG.JPG","urlThumbnail":"https:\/\/collections.louvre.fr\/media\/cache\/small\/0000000021\/0000094893\/0000807039_OG.JPG","copyright":"\u00a9 2018 Mus\u00e9e du Louvre \/ Anne Chauvet","type":"dos, verso, revers, arri\u00e8re","position":1},{"urlImage":"https:\/\/collections.louvre.fr\/media\/cache\/large\/0000000021\/0000094893\/0000807040_OG.JPG","urlThumbnail":"https:\/\/collections.louvre.fr\/media\/cache\/small\/0000000021\/0000094893\/0000807040_OG.JPG","copyright":"\u00a9 2018 Mus\u00e9e du Louvre \/ Anne Chauvet","type":"profil gauche","position":2},{"urlImage":"https:\/\/collections.louvre.fr\/media\/cache\/large\/0000000021\/0000094893\/0000807041_OG.JPG","urlThumbnail":"https:\/\/collections.louvre.fr\/media\/cache\/small\/0000000021\/0000094893\/0000807041_OG.JPG","copyright":"\u00a9 2018 Mus\u00e9e du Louvre \/ Anne Chauvet","type":"profil droit","position":3},{"urlImage":"https:\/\/collections.louvre.fr\/media\/cache\/large\/0000000021\/0000094893\/0000807042_OG.JPG","urlThumbnail":"https:\/\/collections.louvre.fr\/media\/cache\/small\/0000000021\/0000094893\/0000807042_OG.JPG","copyright":"\u00a9 2018 Mus\u00e9e du Louvre \/ Anne Chauvet","type":"trois quarts","position":4},{"urlImage":"https:\/\/collections.louvre.fr\/media\/cache\/large\/0000000021\/0000094893\/0000265745_OG.JPG","urlThumbnail":"https:\/\/collections.louvre.fr\/media\/cache\/small\/0000000021\/0000094893\/0000265745_OG.JPG","copyright":"\u00a9 1995 Mus\u00e9e du Louvre \/ Pierre Philibert","type":"","position":5}]}