{"arkId":"cl010104730","url":"https:\/\/collections.louvre.fr\/ark:\/53355\/cl010104730","modified ":"2022-06-03","title":"La Le\u00e7on de flageolet","titleComplement":"","denominationTitle":"Titre : La Le\u00e7on de flageolet","displayDateCreated":"","currentLocation":"Sully, [OArt] Salle 623 - Galerie Basile de Schlichting, Vitrine 8 ","room":"Salle 623, Aile Sully, Niveau 1","isMuseesNationauxRecuperation":false,"dateCreated":[],"creator":[{"label":"Manufacture de S\u00e8vres","attributionLevel":"Attribution actuelle","linkType":"","creatorRole":"","authenticationType":"","doubt":"","attributedBy":"","attributedYear":"","wikidata":"Q653307"},{"label":"Boucher, Fran\u00e7ois","attributionLevel":"Attribution actuelle","linkType":"D\u0027apr\u00e8s un mod\u00e8le de","dates":[{"date":"1770","place":"Paris","type":"date de mort"},{"date":"1703","place":"Paris","type":"date de naissance"}],"creatorRole":"Peintre","authenticationType":"","doubt":"","attributedBy":"","attributedYear":"","wikidata":"Q180932"}],"objectNumber":[{"value":"OA 8051","type":"Num\u00e9ro principal"}],"collection":"D\u00e9partement des Objets d\u0027art du Moyen Age, de la Renaissance et des temps modernes","printsDrawingsEntity":"","printsDrawingsCollection":"","objectType":"statue, statuette, figurine","originalObject":"","printState":"","description":"","inscriptions":"","namesAndTitles":"","onomastics":"","dimension":[{"type":"Hauteur avec accessoire","value":"23","displayDimension":"23 cm","unit":"cm","anteriorPrecision":"","posteriorPrecision":"","tri":1,"note":""},{"type":"Largeur avec accessoire","value":"24,5","displayDimension":"24,5 cm","unit":"cm","anteriorPrecision":"","posteriorPrecision":"","tri":2,"note":""},{"type":"Profondeur avec accessoire","value":"15","displayDimension":"15 cm","unit":"cm","anteriorPrecision":"","posteriorPrecision":"","tri":3,"note":""}],"shape":"","materialsAndTechniques":"Mat\u00e9riau : biscuit de porcelaine tendre\nTechnique : techniques c\u00e9ramique","placeOfCreation":"S\u00e8vres (Ile-de-France = Ile de France-\u003EHauts-de-Seine = Hauts de Seine)","dateOfDiscovery":"","placeOfDiscovery":"","provenance":"","historicalContext":[],"objectHistory":"","jabachInventory":"","napoleonInventory":"","previousOwner":[],"acquisitionDetails":[{"mode":"legs","doubt":"","dates":[{"type":"date","value":"1929","startYear":1929,"endYear":1929}]}],"ownedBy":"Etat","heldBy":"Mus\u00e9e du Louvre, D\u00e9partement des Objets d\u0027art du Moyen Age, de la Renaissance et des temps modernes","longTermLoanTo":"","index":{"Category":[{"value":"statue, statuette, figurine"}],"Places":[{"value":"Europe"},{"value":"France"},{"value":"Ile-de-France = Ile de France"},{"value":"Hauts-de-Seine = Hauts de Seine"},{"value":"S\u00e8vres"}],"objectType":[{"value":"statue, statuette, figurine"}]},"bibliography":[],"exhibition":[{"value":"Dansez, embrassez qui vous voudrez, Louvre-Lens, Salles d\u0027expositions temporaires, 05\/12\/2015 - 29\/02\/2016 "}],"relatedWork":[],"image":[{"urlImage":"https:\/\/collections.louvre.fr\/media\/cache\/large\/0000000021\/0000104730\/0000868423_OG.JPG","urlThumbnail":"https:\/\/collections.louvre.fr\/media\/cache\/small\/0000000021\/0000104730\/0000868423_OG.JPG","copyright":"\u00a9 2015 RMN-Grand Palais (mus\u00e9e du Louvre) \/ St\u00e9phane Mar\u00e9challe","type":"","position":0},{"urlImage":"https:\/\/collections.louvre.fr\/media\/cache\/large\/0000000021\/0000104730\/0000868422_OG.JPG","urlThumbnail":"https:\/\/collections.louvre.fr\/media\/cache\/small\/0000000021\/0000104730\/0000868422_OG.JPG","copyright":"\u00a9 2015 RMN-Grand Palais (mus\u00e9e du Louvre) \/ St\u00e9phane Mar\u00e9challe","type":"","position":1},{"urlImage":"https:\/\/collections.louvre.fr\/media\/cache\/large\/0000000021\/0000104730\/0000868425_OG.JPG","urlThumbnail":"https:\/\/collections.louvre.fr\/media\/cache\/small\/0000000021\/0000104730\/0000868425_OG.JPG","copyright":"\u00a9 2015 RMN-Grand Palais (mus\u00e9e du Louvre) \/ St\u00e9phane Mar\u00e9challe","type":"","position":2}]}