{"arkId":"cl010409128","url":"https:\/\/collections.louvre.fr\/ark:\/53355\/cl010409128","modified ":"2022-06-03","title":"Vase orn\u00e9 de masques de satyres cornus et barbus et de guirlandes de fruits","titleComplement":"","denominationTitle":"Titre : Vase orn\u00e9 de masques de satyres cornus et barbus et de guirlandes de fruits (titre forg\u00e9)","displayDateCreated":"Date de cr\u00e9ation\/fabrication : avant 1853 (attribution)","currentLocation":"[SCULPT] Jardin de l\u0027Infante","room":"","isMuseesNationauxRecuperation":false,"dateCreated":[{"startYear":1853,"endYear":"","imprecision":"avant","text":"","type":"Date de cr\u00e9ation\/fabrication","doubt":""}],"creator":[{"label":"Perrault, Charles","attributionLevel":"Attribution actuelle","linkType":"","creatorRole":"Sculpteur","authenticationType":"source documentaire ou archivistique","doubt":"","attributedBy":"","attributedYear":"","wikidata":""},{"label":"Duvieux fils, Charles","attributionLevel":"Ancienne Attribution","linkType":"","creatorRole":"Sculpteur","authenticationType":"bibliographie\/travail de r\u00e9f\u00e9rence","doubt":"","attributedBy":"","attributedYear":"","wikidata":""}],"objectNumber":[{"value":"TUIL 39","type":"Num\u00e9ro principal"}],"collection":"Sculptures des jardins","printsDrawingsEntity":"","printsDrawingsCollection":"","objectType":"","originalObject":"","printState":"","description":"","inscriptions":"","namesAndTitles":"","onomastics":"","dimension":"","shape":"","materialsAndTechniques":"pierre calcaire","placeOfCreation":"","dateOfDiscovery":"","placeOfDiscovery":"","provenance":"","historicalContext":[],"objectHistory":"Commande de l\u0027architecte F\u00e9lix Duban pour la recr\u00e9ation du jardin de l\u0027Infante ; sa d\u00e9mission en d\u00e9cembre 1853 donne le terminus post quem","jabachInventory":"","napoleonInventory":"","previousOwner":[],"acquisitionDetails":[],"ownedBy":"Etat","heldBy":"Mus\u00e9e du Louvre, D\u00e9partement des Sculptures du Moyen Age, de la Renaissance et des temps modernes","longTermLoanTo":"","index":{"Category":[{"value":"vase, r\u00e9cipient"},{"value":"sculpture"}],"Materials":[{"value":"mat\u00e9riau d\u0027origine min\u00e9rale"},{"value":"pierre"},{"value":"pierre calcaire"}]},"bibliography":[],"exhibition":[],"relatedWork":[],"image":[{"urlImage":"https:\/\/collections.louvre.fr\/media\/cache\/original\/0000000021\/0000409128\/0001023152_OG.JPG","urlThumbnail":"https:\/\/collections.louvre.fr\/media\/cache\/small\/0000000021\/0000409128\/0001023152_OG.JPG","copyright":"\u00a9 2017 Mus\u00e9e du Louvre \/ Sculptures du Moyen Age, de la Renaissance et des temps modernes","type":"trois quarts droit","position":0}]}