{"arkId":"cl010379723","url":"https:\/\/collections.louvre.fr\/ark:\/53355\/cl010379723","modified ":"2022-06-03","title":"La Foule","titleComplement":"","denominationTitle":"Titre : La Foule","displayDateCreated":"Date de cr\u00e9ation\/fabrication : 1963 - 1967","currentLocation":"non expos\u00e9","room":"","isMuseesNationauxRecuperation":false,"dateCreated":[{"startYear":1963,"endYear":1967,"imprecision":"","text":"XXe si\u00e8cle ; 3e quart du XXe si\u00e8cle","type":"Date de cr\u00e9ation\/fabrication","doubt":""}],"creator":[{"label":"Mason, Raymond","attributionLevel":"Attribution actuelle","linkType":"","dates":[{"date":"1922","place":"Birmingham","type":"date de naissance"},{"date":"2010","place":"Paris","type":"date de mort"}],"creatorRole":"","authenticationType":"","doubt":"","attributedBy":"","attributedYear":"","wikidata":""}],"objectNumber":[{"value":"FNAC 9703","type":"Num\u00e9ro principal"}],"collection":"Sculptures des jardins","printsDrawingsEntity":"","printsDrawingsCollection":"","objectType":"","originalObject":"","printState":"","description":"Personnages group\u00e9s en une foule compacte et anonyme, qui avance vers le spectateur","inscriptions":"Inscription :  ; Sign\u00e9 et dat\u00e9 \u00e0 gauche sur la terrasse : Mason\/1963-67 ; Sur le c\u00f4t\u00e9 droit : A. BRUNI. FUSE. ROMA","namesAndTitles":"","onomastics":"","dimension":[{"type":"Hauteur","value":"210","displayDimension":"210 cm","unit":"cm","anteriorPrecision":"","posteriorPrecision":"","tri":1,"note":""},{"type":"Largeur","value":"115","displayDimension":"115 cm","unit":"cm","anteriorPrecision":"","posteriorPrecision":"","tri":1,"note":""},{"type":"Profondeur","value":"296","displayDimension":"296 cm","unit":"cm","anteriorPrecision":"","posteriorPrecision":"","tri":1,"note":""}],"shape":"","materialsAndTechniques":"bronze fonte \u00e0 la cire perdue=fondu \u00e0 la cire perdue","placeOfCreation":"","dateOfDiscovery":"","placeOfDiscovery":"","provenance":"","historicalContext":[],"objectHistory":"D\u0027apr\u00e8s un mod\u00e8le en pl\u00e2tre r\u00e9alis\u00e9 entre 1963 et 1965 dans l\u0027atelier de l\u0027artiste rue Monsieur-le-Prince \u00e0 Paris ; fondu \u00e0 Rome en 1967 par Bruni ; achet\u00e9 \u00e0 la Pierre Matisse Gallery en 1969 ; install\u00e9 au jardin des Tuileries le 9 janvier 1986 en pr\u00e9sence du sculpteur ; inaugur\u00e9 le 10 janvier 1986","jabachInventory":"","napoleonInventory":"","previousOwner":[],"acquisitionDetails":[{"mode":"achat","doubt":"","dates":[{"type":"date","value":"1969","startYear":1969,"endYear":1969},{"type":"autres dates","value":"16\/03\/1987","startYear":1987,"endYear":1987}]}],"ownedBy":"Fonds national d\u0027art contemporain (FNAC, Minist\u00e8re de la Culture), FNAC, Puteaux","heldBy":"","longTermLoanTo":"","index":{"Category":[{"value":"relief"},{"value":"sculpture"}],"Materials":[{"value":"mat\u00e9riau d\u0027origine min\u00e9rale"},{"value":"m\u00e9tal"},{"value":"alliage"},{"value":"alliage binaire"},{"value":"bronze"}],"technic":[{"value":"fondu=coul\u00e9 fondu=fonte"},{"value":"fonte \u00e0 la cire perdue=fondu \u00e0 la cire perdue"}]},"bibliography":[{"bibliographyRef":"Bresc-Bautier, Genevi\u00e8ve ; Pingeot, Anne, Sculptures des jardins du Louvre, du Carrousel et des Tuileries, 2, Paris, 1986","bibliographyDate":"1986","bibliographyDetail":"p. 325, apr\u00e8s 271","comparison":false}],"exhibition":[],"relatedWork":[],"image":[{"urlImage":"https:\/\/collections.louvre.fr\/media\/cache\/large\/0000000021\/0000379723\/0000927214_OG.JPG","urlThumbnail":"https:\/\/collections.louvre.fr\/media\/cache\/small\/0000000021\/0000379723\/0000927214_OG.JPG","copyright":"\u00a9 2015 Mus\u00e9e du Louvre \/ Sculptures du Moyen Age, de la Renaissance et des temps modernes","type":"face, recto, avers, avant","position":0}]}