{"arkId":"cl010090777","url":"https:\/\/collections.louvre.fr\/ark:\/53355\/cl010090777","modified ":"2022-06-03","title":"Apoth\u00e9ose de l\u0027empereur Napol\u00e9on Ier","titleComplement":"","denominationTitle":"Titre : Apoth\u00e9ose de l\u0027empereur Napol\u00e9on Ier","displayDateCreated":"Date de cr\u00e9ation\/fabrication : vers 1834","currentLocation":"Richelieu, [SCULPT] Salle 226 - Antoine-Louis Barye (1796-1875) - Le romantisme en sculpture, Vitrine 01 ","room":"Salle 226, Aile Richelieu, Niveau 0","isMuseesNationauxRecuperation":false,"dateCreated":[{"startYear":1834,"endYear":"","imprecision":"vers","text":"XIXe si\u00e8cle","type":"Date de cr\u00e9ation\/fabrication","doubt":""}],"creator":[{"label":"Pradier, James","attributionLevel":"Attribution actuelle","linkType":"","dates":[{"date":"1790","place":"","type":"date de naissance"},{"date":"1852","place":"","type":"date de mort"}],"creatorRole":"","authenticationType":"","doubt":"","attributedBy":"","attributedYear":"","wikidata":"Q1362889"},{"label":"France","attributionLevel":"Attribution actuelle","linkType":"","creatorRole":"","authenticationType":"","doubt":"","attributedBy":"","attributedYear":"","wikidata":""}],"objectNumber":[{"value":"ENT 1982.03","type":"Num\u00e9ro principal"}],"collection":"D\u00e9partement des Sculptures du Moyen Age, de la Renaissance et des temps modernes","printsDrawingsEntity":"","printsDrawingsCollection":"","objectType":"groupe","originalObject":"","printState":"","description":"","inscriptions":"","namesAndTitles":"","onomastics":"","dimension":[{"type":"Hauteur","value":"0,61","displayDimension":"0,61 m","unit":"m","anteriorPrecision":"","posteriorPrecision":"","tri":1,"note":""},{"type":"Largeur","value":"0,53","displayDimension":"0,53 m","unit":"m","anteriorPrecision":"","posteriorPrecision":"","tri":2,"note":""},{"type":"Profondeur","value":"0,305","displayDimension":"0,305 m","unit":"m","anteriorPrecision":"","posteriorPrecision":"","tri":3,"note":""}],"shape":"","materialsAndTechniques":"pl\u00e2tre","placeOfCreation":"","dateOfDiscovery":"","placeOfDiscovery":"","provenance":"","historicalContext":[],"objectHistory":"\u00c9tude pour le couronnement de l\u0027arc de triomphe de l\u0027\u00c9toile \u00e0 Paris. Vente apr\u00e8s d\u00e9c\u00e8s de l\u0027artiste, 26-28 juillet 1852, n\u00b057. D\u00e9p\u00f4t de la Fondation Dosne-Thiers (inv. 1160), 1982.","jabachInventory":"","napoleonInventory":"","previousOwner":[],"acquisitionDetails":[{"mode":"d\u00e9p\u00f4t","doubt":"","dates":[{"type":"date","value":"1982","startYear":1982,"endYear":1982}]}],"ownedBy":"Fondation Dosne Thiers, Paris","heldBy":"","longTermLoanTo":"Mus\u00e9e du Louvre, D\u00e9partement des Sculptures du Moyen Age, de la Renaissance et des temps modernes","index":{"Category":[{"value":"statue, statuette, figurine"},{"value":"sculpture"}],"Materials":[{"value":"mat\u00e9riau d\u0027origine min\u00e9rale"},{"value":"pierre"},{"value":"gypse"},{"value":"pl\u00e2tre"}],"Imagery":[{"value":"animal\/plante\/nature morte"},{"value":"d\u00e9cor"},{"value":"portrait\/personnage\/nu"},{"value":"pouvoir"},{"value":"souverain\/prince"},{"value":"costume\/coiffure\/couronne\/bijou"},{"value":"objet\/instrument\/mobilier\/accessoire"},{"value":"personnage divinis\u00e9"}]},"bibliography":[{"bibliographyRef":"Caracciolo, Maria Teresa (dir.), Napol\u00e9on, la L\u00e9gende, cat. exp. (Ajaccio (Externe, France), Mus\u00e9e-Palais Fesch, 2021), Milan, Ajaccio, Silvana Editoriale ; Ville d\u0027Ajaccio palais Fesch-Mus\u00e9e des beaux-arts, 2021","bibliographyDate":"2021","bibliographyDetail":"p. 350, p. 350, n\u00b0 137","comparison":false},{"bibliographyRef":"Olivesi, Jean-Marc (dir.), Les Bonaparte et l\u2019Antique. Un langage imp\u00e9rial \nUn langage imp\u00e9rial, cat. exp. (Ajaccio (Externe, France), Mus\u00e9e-Palais Fesch, 2021), Ajaccio, Albiana, 2021","bibliographyDate":"2021","bibliographyDetail":" ","comparison":false},{"bibliographyRef":"Lapaire, Claude, James Pradier (1790-1852) et la sculpture fran\u00e7aise de la g\u00e9n\u00e9ration romantique - Catalogue raisonn\u00e9, Milan, 5 Continents, 2010","bibliographyDate":"2010","bibliographyDetail":"p. 275-276, ill. 89, n\u00b0 89","comparison":false},{"bibliographyRef":"Statue de chair. Sculptures de James Pradier, Gen\u00e8ve,mus\u00e9e d\u0027Art et d\u0027Histoire, Paris, mus\u00e9e du Luxembourg, 1985, 1985","bibliographyDate":"1985","bibliographyDetail":"n\u00b0 24","comparison":false},{"bibliographyRef":"Siler, Douglas, James Pradier. Correspondance, Paris, 1984","bibliographyDate":"1984","bibliographyDetail":" t. II, p. 17-22, 25-26, 29-30, 34-35, 37, 50, et 340-342","comparison":false}],"exhibition":[{"value":"Napol\u00e9on, la L\u00e9gende, Ajaccio (Externe, France), Mus\u00e9e-Palais Fesch, 30\/06\/2021 - 04\/10\/2021 "}],"relatedWork":[],"image":[{"urlImage":"https:\/\/collections.louvre.fr\/media\/cache\/large\/0000000021\/0000090777\/0001058592_OG.JPG","urlThumbnail":"https:\/\/collections.louvre.fr\/media\/cache\/small\/0000000021\/0000090777\/0001058592_OG.JPG","copyright":"\u00a9 2021 RMN-Grand Palais (mus\u00e9e du Louvre) \/ Mathieu Rabeau","type":"face, recto, avers, avant","position":0},{"urlImage":"https:\/\/collections.louvre.fr\/media\/cache\/large\/0000000021\/0000090777\/0001058594_OG.JPG","urlThumbnail":"https:\/\/collections.louvre.fr\/media\/cache\/small\/0000000021\/0000090777\/0001058594_OG.JPG","copyright":"\u00a9 2021 RMN-Grand Palais (mus\u00e9e du Louvre) \/ Mathieu Rabeau","type":"trois quarts face","position":1},{"urlImage":"https:\/\/collections.louvre.fr\/media\/cache\/large\/0000000021\/0000090777\/0001058596_OG.JPG","urlThumbnail":"https:\/\/collections.louvre.fr\/media\/cache\/small\/0000000021\/0000090777\/0001058596_OG.JPG","copyright":"\u00a9 2021 RMN-Grand Palais (mus\u00e9e du Louvre) \/ Mathieu Rabeau","type":"trois quarts","position":2},{"urlImage":"https:\/\/collections.louvre.fr\/media\/cache\/large\/0000000021\/0000090777\/0001059255_OG.JPG","urlThumbnail":"https:\/\/collections.louvre.fr\/media\/cache\/small\/0000000021\/0000090777\/0001059255_OG.JPG","copyright":"\u00a9 2021 RMN-Grand Palais (mus\u00e9e du Louvre) \/ Mathieu Rabeau","type":"dos, verso, revers, arri\u00e8re","position":3},{"urlImage":"https:\/\/collections.louvre.fr\/media\/cache\/original\/0000000021\/0000090777\/0000725297_OG.JPG","urlThumbnail":"https:\/\/collections.louvre.fr\/media\/cache\/small\/0000000021\/0000090777\/0000725297_OG.JPG","copyright":"\u00a9 RMN-Grand Palais (mus\u00e9e du Louvre)","type":"","position":4}]}