{"arkId":"cl010089390","url":"https:\/\/collections.louvre.fr\/ark:\/53355\/cl010089390","modified ":"2022-06-03","title":"Daphnis et Chloe","titleComplement":"","denominationTitle":"Titre : Daphnis et Chloe","displayDateCreated":"Date de cr\u00e9ation\/fabrication : 1827","currentLocation":"Richelieu, [SCULPT] Salle 105 - Cour Puget, Salle 105 - RDC","room":"Salle 105, Aile Richelieu, Niveau -1","isMuseesNationauxRecuperation":false,"dateCreated":[{"startYear":1827,"endYear":"","imprecision":"","text":"XIXe si\u00e8cle","type":"Date de cr\u00e9ation\/fabrication","doubt":""}],"creator":[{"label":"Cortot, Jean Pierre","attributionLevel":"Attribution actuelle","linkType":"","dates":[{"date":"1787","place":"","type":"date de naissance"},{"date":"1843","place":"","type":"date de mort"}],"creatorRole":"","authenticationType":"","doubt":"","attributedBy":"","attributedYear":"","wikidata":"Q2583927"},{"label":"France","attributionLevel":"Attribution actuelle","linkType":"","creatorRole":"","authenticationType":"","doubt":"","attributedBy":"","attributedYear":"","wikidata":""}],"objectNumber":[{"value":"CC 171","type":"Num\u00e9ro principal"},{"value":"N 15565","type":"Autre num\u00e9ro d\u0027inventaire"}],"collection":"D\u00e9partement des Sculptures du Moyen Age, de la Renaissance et des temps modernes","printsDrawingsEntity":"","printsDrawingsCollection":"","objectType":"groupe","originalObject":"","printState":"","description":"","inscriptions":"","namesAndTitles":"","onomastics":"","dimension":[{"type":"Hauteur","value":"1,431","displayDimension":"1,431 m","unit":"m","anteriorPrecision":"","posteriorPrecision":"","tri":1,"note":""},{"type":"Largeur","value":"0,81","displayDimension":"0,81 m","unit":"m","anteriorPrecision":"","posteriorPrecision":"","tri":2,"note":""},{"type":"Profondeur","value":"0,825","displayDimension":"0,825 m","unit":"m","anteriorPrecision":"","posteriorPrecision":"","tri":3,"note":""},{"type":"Hauteur","value":"0,09","displayDimension":"0,09 m","unit":"m","anteriorPrecision":"","posteriorPrecision":"","tri":4,"note":""},{"type":"Largeur","value":"0,079","displayDimension":"0,079 m","unit":"m","anteriorPrecision":"","posteriorPrecision":"","tri":5,"note":""},{"type":"Hauteur avec accessoire","value":"1,53","displayDimension":"1,53 m","unit":"m","anteriorPrecision":"","posteriorPrecision":"","tri":6,"note":""},{"type":"Poids","value":"620","displayDimension":"620 kg","unit":"kg","anteriorPrecision":"","posteriorPrecision":"","tri":7,"note":""}],"shape":"","materialsAndTechniques":"marbre","placeOfCreation":"","dateOfDiscovery":"","placeOfDiscovery":"","provenance":"","historicalContext":[{"value":"Salon, Salon de 1827, Paris"}],"objectHistory":"Command\u00e9 par le minist\u00e8re de la Maison du Roi, le 24 janvier 1825 (mod\u00e8le au Salon de 1824, n\u00b0 1793). Pay\u00e9 le 29 mars 1825. Salon de 1827, n\u00b0 1078. Entr\u00e9 au Louvre en d\u00e9cembre 1827. Plac\u00e9 au mus\u00e9e du Luxembourg du 28 mars 1829 \u00e0 1847.","jabachInventory":"","napoleonInventory":"","previousOwner":[],"acquisitionDetails":[{"mode":"achat apr\u00e8s commande Maison du roi","doubt":"","dates":[{"type":"date d\u0027arriv\u00e9e au Mus\u00e9e","value":"01\/12\/1827","startYear":1827,"endYear":1827}]}],"ownedBy":"Etat","heldBy":"Mus\u00e9e du Louvre, D\u00e9partement des Sculptures du Moyen Age, de la Renaissance et des temps modernes","longTermLoanTo":"","index":{"Category":[{"value":"statue, statuette, figurine"},{"value":"sculpture"}],"Materials":[{"value":"mat\u00e9riau d\u0027origine min\u00e9rale"},{"value":"pierre"},{"value":"marbre"}],"Imagery":[{"value":"animal\/plante\/nature morte"},{"value":"litt\u00e9rature\/fantastique"},{"value":"portrait\/personnage\/nu"},{"value":"religion\/mythologie\/magie\/zodiaque"},{"value":"acad\u00e9mie\/nu"},{"value":"costume\/coiffure\/couronne\/bijou"},{"value":"divertissement"},{"value":"musique"},{"value":"objet\/instrument\/mobilier\/accessoire"},{"value":"personnage mythologique"}]},"bibliography":[{"bibliographyRef":"Vitry, Paul, Mus\u00e9e national du Louvre. Catalogue des sculptures du Moyen \u00c2ge, de la Renaissance et des Temps modernes. Premi\u00e8re partie, Moyen \u00c2ge et Renaissance ; deuxi\u00e8me partie, Temps modernes, I, Paris, 1922","bibliographyDate":"1922","bibliographyDetail":"n\u00b0 1083","comparison":false},{"bibliographyRef":"Michel, Andr\u00e9, Mus\u00e9e national du Louvre. Catalogue sommaire des sculptures du Moyen \u00c2ge, de la Renaissance et des Temps Modernes, Paris, 1897","bibliographyDate":"1897","bibliographyDetail":"n\u00b0 538","comparison":false},{"bibliographyRef":"Barbet de Jouy, Henry, Mus\u00e9e national du Louvre. Description des Sculptures du Moyen-Age, de la Renaissance et des Temps modernes, Paris, 1873","bibliographyDate":"1873","bibliographyDetail":"n\u00b0 338","comparison":false},{"bibliographyRef":"Barbet de Jouy, Henry, Mus\u00e9e imp\u00e9rial du Louvre. Description des sculptures modernes, 1855","bibliographyDate":"1855","bibliographyDetail":"n\u00b0 338 ; 339","comparison":false},{"bibliographyRef":"Explication des ouvrages de peinture et de sculpture de l\u0027\u00c9cole moderne de France expos\u00e9s dans le mus\u00e9e royal du Luxembourg, Paris, 1829","bibliographyDate":"1829","bibliographyDetail":"n\u00b0 119","comparison":false},{"bibliographyRef":"Clarac, Charles Othon Fr\u00e9d\u00e9ric Jean-Baptiste de (Comte de), Mus\u00e9e de sculpture antique et moderne ou description historique et graphique du Louvre et de toutes ses parties, des statues, bustes, bas-reliefs et inscriptions du mus\u00e9e royal des Antiques et des Tuileries [\u2026], Paris, 1841-1853","bibliographyDate":"","bibliographyDetail":"n\u00b0 2688 A","comparison":false}],"exhibition":[{"value":"Le Louvre  Qu\u00e9bec. Les arts et la vie, Qu\u00e9bec (Canada), Mus\u00e9e National des beaux-arts du Qu\u00e9bec, 05\/06\/2008 - 26\/10\/2008 "}],"relatedWork":[],"image":[{"urlImage":"https:\/\/collections.louvre.fr\/media\/cache\/large\/0000000021\/0000089390\/0000268042_OG.JPG","urlThumbnail":"https:\/\/collections.louvre.fr\/media\/cache\/small\/0000000021\/0000089390\/0000268042_OG.JPG","copyright":"\u00a9 1999 Mus\u00e9e du Louvre \/ Pierre Philibert","type":"","position":0},{"urlImage":"https:\/\/collections.louvre.fr\/media\/cache\/large\/0000000021\/0000089390\/0000268043_OG.JPG","urlThumbnail":"https:\/\/collections.louvre.fr\/media\/cache\/small\/0000000021\/0000089390\/0000268043_OG.JPG","copyright":"\u00a9 1999 Mus\u00e9e du Louvre \/ Pierre Philibert","type":"","position":1},{"urlImage":"https:\/\/collections.louvre.fr\/media\/cache\/large\/0000000021\/0000089390\/0000268044_OG.JPG","urlThumbnail":"https:\/\/collections.louvre.fr\/media\/cache\/small\/0000000021\/0000089390\/0000268044_OG.JPG","copyright":"\u00a9 1999 Mus\u00e9e du Louvre \/ Pierre Philibert","type":"","position":2},{"urlImage":"https:\/\/collections.louvre.fr\/media\/cache\/large\/0000000021\/0000089390\/0000268045_OG.JPG","urlThumbnail":"https:\/\/collections.louvre.fr\/media\/cache\/small\/0000000021\/0000089390\/0000268045_OG.JPG","copyright":"\u00a9 1999 Mus\u00e9e du Louvre \/ Pierre Philibert","type":"","position":3},{"urlImage":"https:\/\/collections.louvre.fr\/media\/cache\/large\/0000000021\/0000089390\/0000268046_OG.JPG","urlThumbnail":"https:\/\/collections.louvre.fr\/media\/cache\/small\/0000000021\/0000089390\/0000268046_OG.JPG","copyright":"\u00a9 1999 Mus\u00e9e du Louvre \/ Pierre Philibert","type":"","position":4}]}