{"arkId":"cl010060335","url":"https:\/\/collections.louvre.fr\/ark:\/53355\/cl010060335","modified ":"2022-06-03","title":"Portrait des princesses Elena (1787-1869) et Alexandra (1788-1819) Kourakine, avec leur chien, 1802","titleComplement":"","denominationTitle":"Titre : Portrait des princesses Elena (1787-1869) et Alexandra (1788-1819) Kourakine, avec leur chien, 1802","displayDateCreated":"Date de cr\u00e9ation\/fabrication : 1e quart du XIXe si\u00e8cle (1802)","currentLocation":"Richelieu, [Peint] Salle 860 - Flandres, Hollande, Russie","room":"Salle 860, Aile Richelieu, Niveau 2","isMuseesNationauxRecuperation":false,"dateCreated":[{"startYear":1802,"endYear":"","imprecision":"","text":"1e quart du XIXe si\u00e8cle","type":"Date de cr\u00e9ation\/fabrication","doubt":""}],"creator":[{"label":"Borovikovskii, Vladimir Loukitc","attributionLevel":"Attribution actuelle","linkType":"","dates":[{"date":"1825","place":"","type":"date de mort"},{"date":"1757","place":"","type":"date de naissance"}],"creatorRole":"","authenticationType":"","doubt":"","attributedBy":"","attributedYear":"","wikidata":"Q262098"},{"label":"Russie","attributionLevel":"Attribution actuelle","linkType":"\u00c9cole de","creatorRole":"","authenticationType":"","doubt":"","attributedBy":"","attributedYear":"","wikidata":""}],"objectNumber":[{"value":"RF 1962 4","type":"Num\u00e9ro principal"}],"collection":"D\u00e9partement des Peintures","printsDrawingsEntity":"","printsDrawingsCollection":"","objectType":"","originalObject":"","printState":"","description":"Au revers, coll\u00e9e sur la toile, \u00e9tiquette portant l\u2019inscription suivante : Borovikovsky V. \/ Family group of the Princesses Kurakin : Helen (later Countess Zotov) and Alexandra (later Princess Saltykov and by her second mariage Mrs Chicherin) [\u2026] (sans doute appos\u00e9e lors du pr\u00eat du tableau \u00e0 l\u2019exp. de Londres de 1935, voir Hist.).Les mod\u00e8les, Elena (future comtesse Zoltov) et Alexandra (d\u2019abord princesse Saltykov et, en secondes noces, \u00e9pouse Tchitcherine), sont les fi du prince Alexandre Borissovitch Kourakine (1752-1818), amateur d\u2019art mais aussi diplomate, qui prit part aux pourparlers de la paix de Tilsitt (1807) et fut ambassadeur extraordinaire de Russie \u00e0 Paris de 1808 \u00e0 1812. Elles posent avec leur carlin, un chien tr\u00e8s \u00e0 la mode \u00e0 l\u2019\u00e9poque dans le milieu des cours europ\u00e9ennes.","inscriptions":"Signature :  ; S.D. mi-h.d. en caract\u00e8res cyrilliques : Pissal Borovikovskii 1802 1802 (soit : Peint par Borovikovskii 1802 ).","namesAndTitles":"","onomastics":"","dimension":[{"type":"Hauteur","value":"0,94","displayDimension":"0,94 m","unit":"m","anteriorPrecision":"","posteriorPrecision":"","tri":1,"note":""},{"type":"Hauteur avec accessoire","value":"1,118","displayDimension":"1,118 m","unit":"m","anteriorPrecision":"","posteriorPrecision":"","tri":2,"note":""},{"type":"Largeur","value":"0,75","displayDimension":"0,75 m","unit":"m","anteriorPrecision":"","posteriorPrecision":"","tri":3,"note":""},{"type":"Largeur avec accessoire","value":"0,93","displayDimension":"0,93 m","unit":"m","anteriorPrecision":"","posteriorPrecision":"","tri":4,"note":""},{"type":"Epaisseur avec accessoire","value":"7","displayDimension":"7 cm","unit":"cm","anteriorPrecision":"","posteriorPrecision":"","tri":5,"note":""}],"shape":"","materialsAndTechniques":"huile sur toile","placeOfCreation":"","dateOfDiscovery":"","placeOfDiscovery":"","provenance":"","historicalContext":[],"objectHistory":"Rest\u00e9 dans la famille Kourakine : prince Anatolii Alexandrovitch Kourakine (1845-1936), arri\u00e8re-petit-neveu du p\u00e8re des princesses Elena et Alexandra, mod\u00e8les du R.F. 1962-4, membre du conseil d\u2019\u00c9tat de l\u2019Empire russe et actionnaire de diverses soci\u00e9t\u00e9s mini\u00e8res, notamment p\u00e9troli\u00e8res \u00e0 l\u2019\u00eele de Sakhaline, apr\u00e8s avoir soutenu la r\u00e9volu-\n tion de f\u00e9vrier 1917, contraint de s\u2019expatrier peu apr\u00e8s octobre 1917 en France o\u00f9 il s\u2019\u00e9tablit d\u00e9finitivement (donn\u00e9es biographiques fournies par Tatiana Mojenok-Ninin, 25 V 2012). \u2013 Abraham Dobry (1868-1936), banquier d\u2019origine russe r\u00e9fugi\u00e9 en France, n\u00e9gociateur en 1918 du trait\u00e9 \u00e9conomique entre l\u2019Ukraine et l\u2019Allemagne, et son \u00e9pouse, n\u00e9e Lubov Baratz, Paris et ch\u00e2teau d\u2019Auxigny \u00e0 Quantilly (Cher) (pr\u00eat\u00e9 par\nA. Dobry \u00e0 la grande exp. d\u2019art russe de Londres, 1 Belgrave Square, VI-VII 1935, n\u00b0 133, voir \u00e9tiquette supra) ; transmis par h\u00e9ritage au fr\u00e8re de Mme Dobry, l\u2019avocat et professeur L\u00e9on Baratz (1871-1961), n\u00e9 \u00e0 Kiev, r\u00e9fugi\u00e9 russe en France, et \u00e0 son \u00e9pouse, n\u00e9e C\u00e9cile Burstein, Paris et Monte-Carlo ; legs en 1958 de L. Baratz, en m\u00eame temps que le R.F. 1962-5 (voir infra), deux portraits de Quadal (R.F. 1962-6 et R.F. 1962-7, voir \u00e9cole tch\u00e8que), ainsi que des peintures et dessins d\u2019artistes russes modernes, certains ayant travaill\u00e9 pour les Ballets russes (tout cet ensemble venant d\u2019A. Dobry), le donateur stipulant dans son testament que cette lib\u00e9ralit\u00e9 doit \u00eatre enregistr\u00e9e comme \u00ab don de M. et Mme L\u00e9on Baratz, en m\u00e9moire de M. et Mme Abraham Dobry \u00bb ; entr\u00e9 au mus\u00e9e en 1962.","jabachInventory":"","napoleonInventory":"","previousOwner":[],"acquisitionDetails":[{"mode":"legs","doubt":"","dates":[{"type":"date du legs","value":"1958","startYear":1958,"endYear":1958}]}],"ownedBy":"Etat","heldBy":"Mus\u00e9e du Louvre, D\u00e9partement des Peintures","longTermLoanTo":"","index":{"Category":[{"value":"peinture"}],"Imagery":[{"value":"portrait\/personnage\/nu"},{"value":"pouvoir"},{"value":"souverain\/prince"},{"value":"portrait de groupe"},{"value":"personnage f\u00e9minin"}]},"bibliography":[{"bibliographyRef":"Foucart-Walter, \u00c9lisabeth, \u00ab Ecoles diverses. Russie, R\u00e9publique tch\u00e8que, Pologne, Suisse \u00bb, dans Foucart-Walter, \u00c9lisabeth (dir.), Catalogue des peintures britanniques, espagnoles, germaniques, scandinaves et diverses du mus\u00e9e du Louvre, [Mus\u00e9e du Louvre, D\u00e9partement des peintures], Paris, Louvre \u00e9ditions \/ Gallimard, 2013, p. 187-198","bibliographyDate":"2013","bibliographyDetail":"p. 188, ill. n\u0026b","comparison":false},{"bibliographyRef":"Vladimir Loukitch Borovikovskii, cat. exp. (Moscou, Galerie Tretiakov, 30 octobre 2008), 2008","bibliographyDate":"2008","bibliographyDetail":" ","comparison":false},{"bibliographyRef":"Brejon de Lavergn\u00e9e, Arnauld ; Thi\u00e9baut, Dominique, Catalogue sommaire illustr\u00e9 des peintures du mus\u00e9e du Louvre. II. Italie, Espagne, Allemagne, Grande-Bretagne et divers, Paris, R.M.N., 1981","bibliographyDate":"1981","bibliographyDetail":"p. 349","comparison":false}],"exhibition":[{"value":"Vladimir Loukitch Borovikovskii, Moscou (F\u00e9d\u00e9ration de Russie), Galerie Tretiakov, 30\/10\/2008 - 18\/01\/2009 "},{"value":"La peinture romantique en Russie au temps de Pouchkine. Chefs d\u0027\u0153uvres du mus\u00e9e de Tver, Amiens (France), Mus\u00e9e de Picardie, 28\/06\/1996 - 03\/11\/1996 "},{"value":"La France et la Russie au si\u00e8cle des Lumi\u00e8res, Saint-Petersbourg (F\u00e9d\u00e9ration de Russie), Mus\u00e9e de l\u0027Ermitage, 20\/03\/1987 - 10\/05\/1987, \u00e9tape d\u0027une exposition itin\u00e9rante "},{"value":"La France et la Russie au si\u00e8cle des Lumi\u00e8res, Paris (France), Galeries nationales du Grand Palais, 20\/11\/1986 - 15\/02\/1987, \u00e9tape d\u0027une exposition itin\u00e9rante "},{"value":"La France et la Russie au si\u00e8cle des Lumi\u00e8res, Moscou (F\u00e9d\u00e9ration de Russie), Mus\u00e9e d\u0027Etat des Beaux-Arts Pouchkine, 01\/06\/1987 - 15\/07\/1987, \u00e9tape d\u0027une exposition itin\u00e9rante "}],"relatedWork":[],"image":[{"urlImage":"https:\/\/collections.louvre.fr\/media\/cache\/large\/0000000021\/0000060335\/0000144015_OG.JPG","urlThumbnail":"https:\/\/collections.louvre.fr\/media\/cache\/small\/0000000021\/0000060335\/0000144015_OG.JPG","copyright":"\u00a9 2013 RMN-Grand Palais (mus\u00e9e du Louvre) \/ Adrien Didierjean","type":"face, recto, avers, avant ; vue d\u0027ensemble ; vue sans cadre","position":0},{"urlImage":"https:\/\/collections.louvre.fr\/media\/cache\/original\/0000000021\/0000060335\/0000052342_OG.JPG","urlThumbnail":"https:\/\/collections.louvre.fr\/media\/cache\/small\/0000000021\/0000060335\/0000052342_OG.JPG","copyright":"\u00a9 1998 Mus\u00e9e du Louvre \/ Ang\u00e8le Dequier","type":"face, recto, avers, avant ; vue d\u0027ensemble ; vue avec cadre","position":1}]}