{"arkId":"cl010091222","url":"https:\/\/collections.louvre.fr\/ark:\/53355\/cl010091222","modified ":"2022-06-03","title":"La Po\u00e9sie et la Musique","titleComplement":"","denominationTitle":"Titre : La Po\u00e9sie et la Musique","displayDateCreated":"Date de cr\u00e9ation\/fabrication : 1824","currentLocation":"Cour carr\u00e9e","room":"Aile Cour carr\u00e9e, Niveau ","isMuseesNationauxRecuperation":false,"dateCreated":[{"startYear":1824,"endYear":"","imprecision":"","text":"XIXe si\u00e8cle","type":"Date de cr\u00e9ation\/fabrication","doubt":""}],"creator":[{"label":"Debay, Jean Baptiste, le p\u00e8re","attributionLevel":"Attribution actuelle","linkType":"","dates":[{"date":"1779","place":"","type":"date de naissance"},{"date":"1863","place":"","type":"date de mort"}],"creatorRole":"","authenticationType":"","doubt":"","attributedBy":"","attributedYear":"","wikidata":"Q3170555"},{"label":"France","attributionLevel":"Attribution actuelle","linkType":"","creatorRole":"","authenticationType":"","doubt":"","attributedBy":"","attributedYear":"","wikidata":""}],"objectNumber":[{"value":"LL 402","type":"Num\u00e9ro principal"}],"collection":"D\u00e9partement des Sculptures du Moyen Age, de la Renaissance et des temps modernes","printsDrawingsEntity":"","printsDrawingsCollection":"","objectType":"oeil de boeuf","originalObject":"","printState":"","description":"","inscriptions":"","namesAndTitles":"","onomastics":"","dimension":"","shape":"","materialsAndTechniques":"pierre","placeOfCreation":"","dateOfDiscovery":"","placeOfDiscovery":"","provenance":"","historicalContext":[],"objectHistory":"Commande pour la cour Carr\u00e9e du Louvre, r\u00e9alis\u00e9e en 1824.","jabachInventory":"","napoleonInventory":"","previousOwner":[],"acquisitionDetails":[],"ownedBy":"Etat","heldBy":"Mus\u00e9e du Louvre, D\u00e9partement des Sculptures du Moyen Age, de la Renaissance et des temps modernes","longTermLoanTo":"","index":{"Category":[{"value":"\u00e9l\u00e9ment d\u0027architecture, d\u00e9cor int\u00e9rieur et ext\u00e9rieur, huisserie"},{"value":"sculpture"}],"Materials":[{"value":"mat\u00e9riau d\u0027origine min\u00e9rale"},{"value":"pierre"}]},"bibliography":[],"exhibition":[],"relatedWork":[],"image":[{"urlImage":"https:\/\/collections.louvre.fr\/media\/cache\/large\/0000000021\/0000091222\/0000257240_OG.JPG","urlThumbnail":"https:\/\/collections.louvre.fr\/media\/cache\/small\/0000000021\/0000091222\/0000257240_OG.JPG","copyright":"\u00a9 2005 Mus\u00e9e du Louvre \/ Pierre Philibert","type":"","position":0}]}