{"arkId":"cl010065532","url":"https:\/\/collections.louvre.fr\/ark:\/53355\/cl010065532","modified ":"2022-06-03","title":"Portrait d\u0027une femme noire","titleComplement":"","denominationTitle":"Titre : Portrait d\u0027une femme noire\nAncien titre : Portrait de n\u00e9gresse (Titre du Salon de 1800)\nAutre titre : Portait pr\u00e9sum\u00e9 de Madeleine","displayDateCreated":"Date de cr\u00e9ation\/fabrication : 1e quart du XIXe si\u00e8cle (1800)","currentLocation":"Sully, [Peint] Salle 935 - Jacques-Louis David (1745-1825) et ses \u00e9l\u00e8ves, l\u2019art du portrait","room":"Salle 935, Aile Sully, Niveau 2","isMuseesNationauxRecuperation":false,"dateCreated":[{"startYear":1800,"endYear":"","imprecision":"","text":"1e quart du XIXe si\u00e8cle","type":"Date de cr\u00e9ation\/fabrication","doubt":""}],"creator":[{"label":"Benoist, Marie-Guillemine","attributionLevel":"Attribution actuelle","linkType":"","dates":[{"date":"1826","place":"Paris","type":"date de mort"},{"date":"1768","place":"Paris","type":"date de naissance"}],"creatorRole":"","authenticationType":"","doubt":"","attributedBy":"","attributedYear":"","wikidata":"Q118810"},{"label":"France","attributionLevel":"Attribution actuelle","linkType":"\u00c9cole de","creatorRole":"","authenticationType":"","doubt":"","attributedBy":"","attributedYear":"","wikidata":""}],"objectNumber":[{"value":"INV 2508","type":"Num\u00e9ro principal"},{"value":"L 3597","type":"Autre num\u00e9ro d\u0027inventaire"}],"collection":"D\u00e9partement des Peintures","printsDrawingsEntity":"","printsDrawingsCollection":"","objectType":"","originalObject":"","printState":"","description":"","inscriptions":"Signature :  ; S. vers le b.d. : \u0022Laville Leroulx, f. Benoist\u0022.","namesAndTitles":"","onomastics":"","dimension":[{"type":"Hauteur","value":"0,81","displayDimension":"0,81 m","unit":"m","anteriorPrecision":"","posteriorPrecision":"","tri":1,"note":""},{"type":"Hauteur avec accessoire","value":"1,07","displayDimension":"1,07 m","unit":"m","anteriorPrecision":"","posteriorPrecision":"","tri":2,"note":""},{"type":"Largeur","value":"0,65","displayDimension":"0,65 m","unit":"m","anteriorPrecision":"","posteriorPrecision":"","tri":3,"note":""},{"type":"Largeur avec accessoire","value":"0,905","displayDimension":"0,905 m","unit":"m","anteriorPrecision":"","posteriorPrecision":"","tri":4,"note":""}],"shape":"","materialsAndTechniques":"huile sur toile","placeOfCreation":"","dateOfDiscovery":"","placeOfDiscovery":"","provenance":"","historicalContext":[],"objectHistory":"Expos\u00e9 \u00e0 Paris, Salon de 1800 (n\u00b0238 : \u0022Portrait d\u0027une n\u00e9gresse\u0022) ; achet\u00e9 par la Direction des Mus\u00e9es royaux (Maison du Roi), le 27 juin 1818 avec trois autres oeuvres du m\u00eame artiste (INV. 2504, INV. 2505 et INV. 2506), pour 11000 francs l\u0027ensemble ; localis\u00e9 au Luxembourg, puis au Louvre dans l\u0027inventaire LL, r\u00e9alis\u00e9 sous le r\u00e8gne de Louis XVIII.","jabachInventory":"","napoleonInventory":"","previousOwner":[],"acquisitionDetails":[{"mode":"entr\u00e9e - Collection de Louis XVIII","doubt":"","dates":[{"type":"date","value":"27\/06\/1818","startYear":1818,"endYear":1818}]}],"ownedBy":"Etat","heldBy":"Mus\u00e9e du Louvre, D\u00e9partement des Peintures","longTermLoanTo":"","index":{"Category":[{"value":"peinture"}],"Imagery":[{"value":"portrait\/personnage\/nu"},{"value":"portrait"},{"value":"personnage f\u00e9minin"}]},"bibliography":[{"bibliographyRef":"Peintres femmes. Naissance d\u0027un combat, 1780-1830, cat. exp. (Paris, mus\u00e9e du Luxembourg, du 3 mars au 4 juillet 2021), Paris, R\u00e9union des mus\u00e9es nationaux-Grand Palais, 2021","bibliographyDate":"2021","bibliographyDetail":"p. 162-163, ill.coul, n\u00b0 120","comparison":false},{"bibliographyRef":"Petite Galerie 5 : Figure d\u0027artiste, cat. exp. (Paris, mus\u00e9e du Louvre, 25 septembre 2019 - 29 juin 2020), Paris, Louvre \u00e9dition, Seuil, 2019","bibliographyDate":"2019","bibliographyDetail":"p. 126-127, n\u00b035","comparison":false},{"bibliographyRef":"Le Mod\u00e8le noir : de G\u00e9ricault \u00e0 Matisse, cat. exp. (Paris, mus\u00e9e d\u0027Orsay, 26 mars - 21 juillet 2019 ; Pointe-\u00e0-Pitre, M\u00e9morial ACTE, 13 septembre - 29 d\u00e9cembre 2019), Paris, Flammarion, 2019","bibliographyDate":"2019","bibliographyDetail":"p. 59, ill. 35","comparison":false},{"bibliographyRef":"Boni, Daniela ; Manfrini, Monica, Pittrici della rivoluzione. Le allieve di Jacques-Louis David, Bologne, Pendragon, 2017","bibliographyDate":"2017","bibliographyDetail":"p. 96-97, 119 (note 48), 122","comparison":false},{"bibliographyRef":"Ch\u00e9reau, Patrice (dir.), Les visages et les corps, cat. exp. (Paris, Mus\u00e9e du Louvre, 4 novembre 2010 - 31 janvier 2011), Paris, Skira-Flammarion \/ Louvre \u00e9ditions, 2010","bibliographyDate":"2010","bibliographyDetail":"p. 210","comparison":false},{"bibliographyRef":"Portraits publics, portraits priv\u00e9s, 1770  \u00e0 1830, cat. exp. (Paris (France), Galeries nationales du Grand Palais, 02\/10\/2006), Paris, R\u00e9union des mus\u00e9es nationaux, 2006","bibliographyDate":"2006","bibliographyDetail":"p. 129-130, n\u00b032","comparison":false},{"bibliographyRef":"Girodet 1767-1824, cat. exp. (Paris, Mus\u00e9e du Louvre ; Chicago, The Art Institute ; New-York, The Metropolitain Museum Art ; Montr\u00e9al, Mus\u00e9e des Beaux-Arts), Paris, Gallimard \/ Mus\u00e9e du Louvre \u00e9ditions, 2005","bibliographyDate":"2005","bibliographyDetail":"p. 331, ill. coul","comparison":false},{"bibliographyRef":"Compin, Isabelle ; Roquebert, Anne, Catalogue sommaire illustr\u00e9 des peintures du mus\u00e9e du Louvre et du mus\u00e9e d\u0027Orsay.\u00a0III. Ecole fran\u00e7aise, A-K, Paris, R.M.N., 1986","bibliographyDate":"1986","bibliographyDetail":"p. 53, ill. n\u0026b","comparison":false},{"bibliographyRef":"Compin, Isabelle ; Reynaud, Nicole, Catalogue des peintures du mus\u00e9e du Louvre.\u00a0I,\u00a0Ecole fran\u00e7aise, Paris, R.M.N., 1972","bibliographyDate":"1972","bibliographyDetail":"p. 29","comparison":false}],"exhibition":[{"value":"Le Mod\u00e8le noir, Paris (Externe, France), Mus\u00e9e d\u0027Orsay, 25\/03\/2019 - 21\/07\/2019, \u00e9tape d\u0027une exposition itin\u00e9rante "},{"value":"La repr\u00e9sentation des populations noires en France et en Grande Bretagne entre 1700 et  1830, La Chapelle, 01\/03\/2014 - 01\/06\/2014 "},{"value":"Patrice Ch\u00e9reau: les corps et les visages, Sully, [Peint] Salle 43 F - Restout : grande peint. d\u0027Histoire au XVIII\u00e8, 03\/11\/2010 - 31\/01\/2011 "},{"value":"Portraits publics, portraits priv\u00e9s, 1770 \u00e0 1830, Paris (France), Galeries nationales du Grand Palais, 02\/10\/2006 - 09\/01\/2007, \u00e9tape d\u0027une exposition itin\u00e9rante "},{"value":"Petite galerie 5 : Figure de l\u0027artiste, Richelieu, Salle 101 - Petite Galerie, 26\/09\/2019 - 30\/06\/2021 "}],"relatedWork":[],"image":[{"urlImage":"https:\/\/collections.louvre.fr\/media\/cache\/large\/0000000021\/0000065532\/0001096381_OG.JPG","urlThumbnail":"https:\/\/collections.louvre.fr\/media\/cache\/small\/0000000021\/0000065532\/0001096381_OG.JPG","copyright":"\u00a9 2021 RMN-Grand Palais (mus\u00e9e du Louvre) \/ Mathieu Rabeau","type":"face, recto, avers, avant ; vue d\u0027ensemble ; vue sans cadre","position":0},{"urlImage":"https:\/\/collections.louvre.fr\/media\/cache\/original\/0000000021\/0000065532\/0000597889_OG.JPG","urlThumbnail":"https:\/\/collections.louvre.fr\/media\/cache\/small\/0000000021\/0000065532\/0000597889_OG.JPG","copyright":"\u00a9 2010 Mus\u00e9e du Louvre \/ Ang\u00e8le Dequier","type":"face, recto, avers, avant ; vue d\u0027ensemble ; vue avec cadre","position":1},{"urlImage":"https:\/\/collections.louvre.fr\/media\/cache\/large\/0000000021\/0000065532\/0000134251_OG.JPG","urlThumbnail":"https:\/\/collections.louvre.fr\/media\/cache\/small\/0000000021\/0000065532\/0000134251_OG.JPG","copyright":"\u00a9 2006 RMN-Grand Palais (mus\u00e9e du Louvre) \/ G\u00e9rard Blot","type":"face, recto, avers, avant ; vue d\u0027ensemble ; vue sans cadre","position":2},{"urlImage":"https:\/\/collections.louvre.fr\/media\/cache\/original\/0000000021\/0000065532\/0000049020_OG.JPG","urlThumbnail":"https:\/\/collections.louvre.fr\/media\/cache\/small\/0000000021\/0000065532\/0000049020_OG.JPG","copyright":"\u00a9 2003 Mus\u00e9e du Louvre \/ Ang\u00e8le Dequier","type":"face, recto, avers, avant ; vue d\u0027ensemble ; vue avec cadre","position":3}]}