{"arkId":"cl010095420","url":"https:\/\/collections.louvre.fr\/ark:\/53355\/cl010095420","modified ":"2022-06-03","title":"Saint Antoine","titleComplement":"","denominationTitle":"Titre : Saint Antoine","displayDateCreated":"Date de cr\u00e9ation\/fabrication : vers 1510 - 1515","currentLocation":"Denon, [SCULPT] Salle 169 - Gothique tardif, Vitrine 08 ","room":"Salle 169, Aile Denon, Niveau -1","isMuseesNationauxRecuperation":false,"dateCreated":[{"startYear":1510,"endYear":1515,"imprecision":"vers","text":"XVIe si\u00e8cle","type":"Date de cr\u00e9ation\/fabrication","doubt":""}],"creator":[{"label":"Pays Germaniques  et de l\u0027Europe de l\u0027Est Carinthie","attributionLevel":"Attribution actuelle","linkType":"","creatorRole":"","authenticationType":"","doubt":"","attributedBy":"","attributedYear":"","wikidata":""},{"label":"Pays Germaniques et de l\u0027Europe de l\u0027Est","attributionLevel":"Attribution actuelle","linkType":"","creatorRole":"","authenticationType":"","doubt":"","attributedBy":"","attributedYear":"","wikidata":""}],"objectNumber":[{"value":"RF 4513","type":"Num\u00e9ro principal"}],"collection":"D\u00e9partement des Sculptures du Moyen Age, de la Renaissance et des temps modernes","printsDrawingsEntity":"","printsDrawingsCollection":"","objectType":"statue","originalObject":"","printState":"","description":"Sculpture provenant de la caisse d\u2019un retable.","inscriptions":"","namesAndTitles":"","onomastics":"","dimension":[{"type":"Hauteur","value":"1,15","displayDimension":"1,15 m","unit":"m","anteriorPrecision":"","posteriorPrecision":"","tri":1,"note":""},{"type":"Largeur","value":"0,43","displayDimension":"0,43 m","unit":"m","anteriorPrecision":"","posteriorPrecision":"","tri":2,"note":""},{"type":"Profondeur","value":"0,29","displayDimension":"0,29 m","unit":"m","anteriorPrecision":"","posteriorPrecision":"","tri":3,"note":""}],"shape":"","materialsAndTechniques":"tilleul polychromie originale","placeOfCreation":"","dateOfDiscovery":"","placeOfDiscovery":"","provenance":"","historicalContext":[],"objectHistory":"Origine inconnue. Commerce de l\u0027art, Paris. Acquisition,1995.","jabachInventory":"","napoleonInventory":"","previousOwner":[],"acquisitionDetails":[{"mode":"achat","doubt":"","dates":[{"type":"date de comit\u00e9\/commission","value":"01\/06\/1995","startYear":1995,"endYear":1995},{"type":"date du conseil","value":"07\/06\/1995","startYear":1995,"endYear":1995},{"type":"date de l\u0027arr\u00eat\u00e9\/d\u00e9cision","value":"16\/06\/1995","startYear":1995,"endYear":1995}]}],"ownedBy":"Etat","heldBy":"Mus\u00e9e du Louvre, D\u00e9partement des Sculptures du Moyen Age, de la Renaissance et des temps modernes","longTermLoanTo":"","index":{"Category":[{"value":"statue, statuette, figurine"},{"value":"sculpture"}],"Materials":[{"value":"mat\u00e9riau d\u0027origine v\u00e9g\u00e9tale"},{"value":"bois"},{"value":"tilleul"}],"technic":[{"value":"polychrom\u00e9"},{"value":"polychromie originale"}],"Imagery":[{"value":"religion\/mythologie\/magie\/zodiaque"},{"value":"sc\u00e8ne\/culte\/personnage chr\u00e9tien"},{"value":"cr\u00e9ature d\u00e9moniaque"}]},"bibliography":[{"bibliographyRef":"Ravaud, Elisabeth ; Guillot de Suduiraut, Sophie, \u00ab La campagne d\u0027identification des bois des sculptures europ\u00e9ennes du mus\u00e9e du Louvre \u00bb, Techn\u00e8 : la science au service de l\u0027histoire de l\u0027art et des civilisations, 29, 2009, p. 63-70","bibliographyDate":"2009","bibliographyDetail":"p. 65","comparison":false},{"bibliographyRef":"Bresc-Bautier, Genevi\u00e8ve, sous la direction de (dir.), Bormand, Marc ; Gaborit, Jean-Ren\u00e9 ; Guillot de Suduiraut, Sophie ; Lafabrie, Mich\u00e8le ; Le Pogam, Pierre-Yves ; Tupinier-Barrillon, B\u00e9atrice ; Leroy-Jay Lemaistre, Isabelle ; Scherf, Guilhem, Les Sculptures europ\u00e9ennes du Mus\u00e9e du Louvre: Byzance, Espagne, \u00eeles Britanniques, Italie, Anciens Pays-Bas et Belgique, pays germaniques et de l\u2019Europe de l\u2019Est, pays scandinaves, Antiques restaur\u00e9es et copies d\u2019antiques, Paris, Somogy, \u00e9ditions d\u0027art ; Mus\u00e9e du Louvre \u00e9ditions, 2006","bibliographyDate":"2006","bibliographyDetail":"p. 371","comparison":false},{"bibliographyRef":"Gaborit, Jean-Ren\u00e9 dir., Mus\u00e9e du Louvre. Nouvelles acquisitions du d\u00e9partement des Sculptures (1992-1995), Paris, 1996","bibliographyDate":"1996","bibliographyDetail":"p. 47-52, n\u00b0 13","comparison":false},{"bibliographyRef":"\u00ab Principales acquisitions des mus\u00e9es en 1995 - La Chronique des Arts \u00bb, Gazette des Beaux-Arts, Suppl\u00e9ment, 1996, p. 3-105","bibliographyDate":"1996","bibliographyDetail":"p. 6, n\u00b0 15","comparison":false},{"bibliographyRef":"Guillot de Suduiraut, Sophie, \u00ab Acquisitions \u00bb, Revue du Louvre. La revue des mus\u00e9es de France, 5-6, 1995, p. 114","bibliographyDate":"1995","bibliographyDetail":" ","comparison":false}],"exhibition":[],"relatedWork":[{"objectUrl":"https:\/\/collections.louvre.fr\/ark:\/53355\/cl010095421","type":"Ensemble"}],"image":[{"urlImage":"https:\/\/collections.louvre.fr\/media\/cache\/large\/0000000021\/0000095420\/0000258456_OG.JPG","urlThumbnail":"https:\/\/collections.louvre.fr\/media\/cache\/small\/0000000021\/0000095420\/0000258456_OG.JPG","copyright":"\u00a9 2006 Mus\u00e9e du Louvre \/ Pierre Philibert","type":"","position":0},{"urlImage":"https:\/\/collections.louvre.fr\/media\/cache\/large\/0000000021\/0000095420\/0001062530_OG.JPG","urlThumbnail":"https:\/\/collections.louvre.fr\/media\/cache\/small\/0000000021\/0000095420\/0001062530_OG.JPG","copyright":"\u00a9 2021 Mus\u00e9e du Louvre \/ Thierry Ollivier","type":"face, recto, avers, avant","position":1},{"urlImage":"https:\/\/collections.louvre.fr\/media\/cache\/large\/0000000021\/0000095420\/0001062533_OG.JPG","urlThumbnail":"https:\/\/collections.louvre.fr\/media\/cache\/small\/0000000021\/0000095420\/0001062533_OG.JPG","copyright":"\u00a9 2021 Mus\u00e9e du Louvre \/ Thierry Ollivier","type":"face, recto, avers, avant","position":2},{"urlImage":"https:\/\/collections.louvre.fr\/media\/cache\/large\/0000000021\/0000095420\/0001062535_OG.JPG","urlThumbnail":"https:\/\/collections.louvre.fr\/media\/cache\/small\/0000000021\/0000095420\/0001062535_OG.JPG","copyright":"\u00a9 2021 Mus\u00e9e du Louvre \/ Thierry Ollivier","type":"profil gauche","position":3},{"urlImage":"https:\/\/collections.louvre.fr\/media\/cache\/large\/0000000021\/0000095420\/0001062536_OG.JPG","urlThumbnail":"https:\/\/collections.louvre.fr\/media\/cache\/small\/0000000021\/0000095420\/0001062536_OG.JPG","copyright":"\u00a9 2021 Mus\u00e9e du Louvre \/ Thierry Ollivier","type":"dos, verso, revers, arri\u00e8re","position":4},{"urlImage":"https:\/\/collections.louvre.fr\/media\/cache\/large\/0000000021\/0000095420\/0001062537_OG.JPG","urlThumbnail":"https:\/\/collections.louvre.fr\/media\/cache\/small\/0000000021\/0000095420\/0001062537_OG.JPG","copyright":"\u00a9 2021 Mus\u00e9e du Louvre \/ Thierry Ollivier","type":"profil droit","position":5},{"urlImage":"https:\/\/collections.louvre.fr\/media\/cache\/large\/0000000021\/0000095420\/0001062539_OG.JPG","urlThumbnail":"https:\/\/collections.louvre.fr\/media\/cache\/small\/0000000021\/0000095420\/0001062539_OG.JPG","copyright":"\u00a9 2021 Mus\u00e9e du Louvre \/ Thierry Ollivier","type":"vue de dessous","position":6},{"urlImage":"https:\/\/collections.louvre.fr\/media\/cache\/large\/0000000021\/0000095420\/0001062540_OG.JPG","urlThumbnail":"https:\/\/collections.louvre.fr\/media\/cache\/small\/0000000021\/0000095420\/0001062540_OG.JPG","copyright":"\u00a9 2021 Mus\u00e9e du Louvre \/ Thierry Ollivier","type":"vue de dessus","position":7},{"urlImage":"https:\/\/collections.louvre.fr\/media\/cache\/large\/0000000021\/0000095420\/0000258457_OG.JPG","urlThumbnail":"https:\/\/collections.louvre.fr\/media\/cache\/small\/0000000021\/0000095420\/0000258457_OG.JPG","copyright":"\u00a9 2006 Mus\u00e9e du Louvre \/ Pierre Philibert","type":"","position":8},{"urlImage":"https:\/\/collections.louvre.fr\/media\/cache\/large\/0000000021\/0000095420\/0000258458_OG.JPG","urlThumbnail":"https:\/\/collections.louvre.fr\/media\/cache\/small\/0000000021\/0000095420\/0000258458_OG.JPG","copyright":"\u00a9 2006 Mus\u00e9e du Louvre \/ Pierre Philibert","type":"","position":9},{"urlImage":"https:\/\/collections.louvre.fr\/media\/cache\/large\/0000000021\/0000095420\/0000267115_OG.JPG","urlThumbnail":"https:\/\/collections.louvre.fr\/media\/cache\/small\/0000000021\/0000095420\/0000267115_OG.JPG","copyright":"\u00a9 1997 Mus\u00e9e du Louvre \/ Pierre Philibert","type":"","position":10},{"urlImage":"https:\/\/collections.louvre.fr\/media\/cache\/large\/0000000021\/0000095420\/0000267116_OG.JPG","urlThumbnail":"https:\/\/collections.louvre.fr\/media\/cache\/small\/0000000021\/0000095420\/0000267116_OG.JPG","copyright":"\u00a9 1997 Mus\u00e9e du Louvre \/ Pierre Philibert","type":"","position":11}]}