{"arkId":"cl010095504","url":"https:\/\/collections.louvre.fr\/ark:\/53355\/cl010095504","modified ":"2022-06-03","title":"Saint Jean Baptiste","titleComplement":"","denominationTitle":"Titre : Saint Jean Baptiste","displayDateCreated":"Date de cr\u00e9ation\/fabrication : 1699","currentLocation":"Richelieu, [SCULPT] Salle 104 - Crypte Fran\u00e7ois Girardon (1628-1715), Vitrine 02 ","room":"Salle 104, Aile Richelieu, Niveau -1","isMuseesNationauxRecuperation":false,"dateCreated":[{"startYear":1699,"endYear":"","imprecision":"","text":"XVIIe si\u00e8cle","type":"Date de cr\u00e9ation\/fabrication","doubt":""}],"creator":[{"label":"Girardon, Fran\u00e7ois","attributionLevel":"Attribution actuelle","linkType":"","dates":[{"date":"1628","place":"Troyes","type":"date de naissance"},{"date":"1715","place":"Paris","type":"date de mort"}],"creatorRole":"","authenticationType":"","doubt":"","attributedBy":"","attributedYear":"","wikidata":"Q712497"},{"label":"France","attributionLevel":"Attribution actuelle","linkType":"","creatorRole":"","authenticationType":"","doubt":"","attributedBy":"","attributedYear":"","wikidata":""}],"objectNumber":[{"value":"RF 4592","type":"Num\u00e9ro principal"},{"value":"ENT 1996.24","type":"Autre num\u00e9ro d\u0027inventaire"}],"collection":"D\u00e9partement des Sculptures du Moyen Age, de la Renaissance et des temps modernes","printsDrawingsEntity":"","printsDrawingsCollection":"","objectType":"statuette","originalObject":"","printState":"","description":"","inscriptions":"","namesAndTitles":"","onomastics":"","dimension":[{"type":"Hauteur","value":"0,369","displayDimension":"0,369 m","unit":"m","anteriorPrecision":"","posteriorPrecision":"","tri":1,"note":""},{"type":"Largeur","value":"0,18","displayDimension":"0,18 m","unit":"m","anteriorPrecision":"","posteriorPrecision":"","tri":2,"note":""},{"type":"Profondeur","value":"0,235","displayDimension":"0,235 m","unit":"m","anteriorPrecision":"","posteriorPrecision":"","tri":3,"note":""}],"shape":"","materialsAndTechniques":"bronze fonte \u00e0 la cire perdue=fondu \u00e0 la cire perdue","placeOfCreation":"","dateOfDiscovery":"","placeOfDiscovery":"","provenance":"","historicalContext":[{"value":"Salon, Salon de 1699, Paris"}],"objectHistory":"Salon de 1699, sans n\u00b0, sous le titre de : L\u2019union de l\u2019ancien \u0026 du nouveau Testament par la venue de J. C, et associ\u00e9 \u00e0 deux copies en r\u00e9duction d\u2019apr\u00e8s Fran\u00e7ois (1597-1643) et J\u00e9r\u00f4me (1602-1654) Duquesnoy (Christ du tombeau d\u2019Antoine Triest, cath\u00e9drale Saint-Bavon, Gand) et d\u2019apr\u00e8s Michel-Ange (Mo\u00efse du tombeau de Jules II, \u00e9glise de Saint-Pierre-aux-Liens, Rome).\nA figur\u00e9 dans la Galerie de Girardon ; cit\u00e9 dans l\u2019inventaire apr\u00e8s d\u00e9c\u00e8s du sculpteur, le 25 septembre 1715, n\u00b0 16. Vente anonyme, Londres, Sotheby\u2019s, 7 d\u00e9cembre 1995, n\u00b0 138. Londres, commerce d\u2019art ; acquis en 1996 (comit\u00e9s du 22 mai et du 27 juin, conseil du 3 juillet, arr\u00eat\u00e9 du 11 juillet 1996).","jabachInventory":"","napoleonInventory":"","previousOwner":[],"acquisitionDetails":[{"mode":"achat","doubt":"","dates":[{"type":"date de comit\u00e9\/commission","value":"22\/05\/1996","startYear":1996,"endYear":1996},{"type":"date du conseil","value":"03\/06\/1996","startYear":1996,"endYear":1996},{"type":"date de l\u0027arr\u00eat\u00e9\/d\u00e9cision","value":"11\/06\/1996","startYear":1996,"endYear":1996},{"type":"date de comit\u00e9\/commission","value":"27\/06\/1996","startYear":1996,"endYear":1996}]}],"ownedBy":"Etat","heldBy":"Mus\u00e9e du Louvre, D\u00e9partement des Sculptures du Moyen Age, de la Renaissance et des temps modernes","longTermLoanTo":"","index":{"Category":[{"value":"statue, statuette, figurine"},{"value":"sculpture"}],"Materials":[{"value":"mat\u00e9riau d\u0027origine min\u00e9rale"},{"value":"m\u00e9tal"},{"value":"alliage"},{"value":"alliage binaire"},{"value":"bronze"}],"technic":[{"value":"fondu=coul\u00e9 fondu=fonte"},{"value":"fonte \u00e0 la cire perdue=fondu \u00e0 la cire perdue"}],"Imagery":[{"value":"animal\/plante\/nature morte"},{"value":"portrait\/personnage\/nu"},{"value":"religion\/mythologie\/magie\/zodiaque"},{"value":"sc\u00e8ne\/culte\/personnage biblique"},{"value":"objet\/instrument\/mobilier\/accessoire"}]},"bibliography":[{"bibliographyRef":"Maral, Alexandre, Girardon, le sculpteur de Louis XIV, Paris, Arth\u00e9na, 2015","bibliographyDate":"2015","bibliographyDetail":"p. 452-453, Sb. 34","comparison":false},{"bibliographyRef":"Bresc-Bautier, Genevi\u00e8ve ; Scherf, Guilhem (dir.), Bronzes fran\u00e7ais de la Renaissance au Si\u00e8cle des Lumi\u00e8res, cat. exp. (Paris, Mus\u00e9e du Louvre, 2008-2009 ; New York, The Metropolitan Museum, 2009 ; Los Angeles, The Paul J. Getty Museum, 2009), Paris, Mus\u00e9e du Louvre ; Somogy, 2008","bibliographyDate":"2008","bibliographyDetail":"p. 280-281","comparison":false},{"bibliographyRef":"Gaborit, Jean-Ren\u00e9 sous la direction de, Sculpture fran\u00e7aise II - Renaissance et Temps Modernes, vol. 1 et 2, Paris, Editions de la R\u00e9union des mus\u00e9es nationaux, 1998","bibliographyDate":"1998","bibliographyDetail":"p. 395","comparison":false},{"bibliographyRef":"Gaborit, Jean-Ren\u00e9 dir., Mus\u00e9e du Louvre. Nouvelles acquisitions du d\u00e9partement des Sculptures (1992-1995), Paris, 1996","bibliographyDate":"1996","bibliographyDetail":"p. 37-38","comparison":false},{"bibliographyRef":"Souchal, Fran\u00e7ois, French sculptors of the 17th and 18th centuries  : the reign of Louis XIV, 3, Oxford ; Londres, Cassirer ; Faber, 1977-1987","bibliographyDate":"1981","bibliographyDetail":"t. II, p. 82, n\u00b0 129","comparison":false},{"bibliographyRef":"Francastel, Pierre, Girardon, Paris, 1928","bibliographyDate":"1928","bibliographyDetail":"p. 73","comparison":false}],"exhibition":[{"value":"Cast in bronze, New York (Etats-Unis), Metropolitan Museum of Art, 23\/02\/2009 - 24\/05\/2009, \u00e9tape d\u0027une exposition itin\u00e9rante "},{"value":"Cast in bronze, Los Angeles (Etats-Unis), J. Paul Getty Museum, 30\/06\/2009 - 27\/09\/2009, \u00e9tape d\u0027une exposition itin\u00e9rante "}],"relatedWork":[],"image":[{"urlImage":"https:\/\/collections.louvre.fr\/media\/cache\/large\/0000000021\/0000095504\/0000260422_OG.JPG","urlThumbnail":"https:\/\/collections.louvre.fr\/media\/cache\/small\/0000000021\/0000095504\/0000260422_OG.JPG","copyright":"\u00a9 2007 Mus\u00e9e du Louvre \/ Pierre Philibert","type":"","position":0},{"urlImage":"https:\/\/collections.louvre.fr\/media\/cache\/large\/0000000021\/0000095504\/0000260423_OG.JPG","urlThumbnail":"https:\/\/collections.louvre.fr\/media\/cache\/small\/0000000021\/0000095504\/0000260423_OG.JPG","copyright":"\u00a9 2007 Mus\u00e9e du Louvre \/ Pierre Philibert","type":"","position":1},{"urlImage":"https:\/\/collections.louvre.fr\/media\/cache\/large\/0000000021\/0000095504\/0000260424_OG.JPG","urlThumbnail":"https:\/\/collections.louvre.fr\/media\/cache\/small\/0000000021\/0000095504\/0000260424_OG.JPG","copyright":"\u00a9 2007 Mus\u00e9e du Louvre \/ Pierre Philibert","type":"","position":2},{"urlImage":"https:\/\/collections.louvre.fr\/media\/cache\/large\/0000000021\/0000095504\/0000260425_OG.JPG","urlThumbnail":"https:\/\/collections.louvre.fr\/media\/cache\/small\/0000000021\/0000095504\/0000260425_OG.JPG","copyright":"\u00a9 2007 Mus\u00e9e du Louvre \/ Pierre Philibert","type":"","position":3},{"urlImage":"https:\/\/collections.louvre.fr\/media\/cache\/large\/0000000021\/0000095504\/0000260426_OG.JPG","urlThumbnail":"https:\/\/collections.louvre.fr\/media\/cache\/small\/0000000021\/0000095504\/0000260426_OG.JPG","copyright":"\u00a9 2007 Mus\u00e9e du Louvre \/ Pierre Philibert","type":"","position":4},{"urlImage":"https:\/\/collections.louvre.fr\/media\/cache\/large\/0000000021\/0000095504\/0000260427_OG.JPG","urlThumbnail":"https:\/\/collections.louvre.fr\/media\/cache\/small\/0000000021\/0000095504\/0000260427_OG.JPG","copyright":"\u00a9 2007 Mus\u00e9e du Louvre \/ Pierre Philibert","type":"","position":5},{"urlImage":"https:\/\/collections.louvre.fr\/media\/cache\/large\/0000000021\/0000095504\/0000260428_OG.JPG","urlThumbnail":"https:\/\/collections.louvre.fr\/media\/cache\/small\/0000000021\/0000095504\/0000260428_OG.JPG","copyright":"\u00a9 2007 Mus\u00e9e du Louvre \/ Pierre Philibert","type":"","position":6},{"urlImage":"https:\/\/collections.louvre.fr\/media\/cache\/large\/0000000021\/0000095504\/0000260429_OG.JPG","urlThumbnail":"https:\/\/collections.louvre.fr\/media\/cache\/small\/0000000021\/0000095504\/0000260429_OG.JPG","copyright":"\u00a9 2007 Mus\u00e9e du Louvre \/ Pierre Philibert","type":"","position":7},{"urlImage":"https:\/\/collections.louvre.fr\/media\/cache\/large\/0000000021\/0000095504\/0000260430_OG.JPG","urlThumbnail":"https:\/\/collections.louvre.fr\/media\/cache\/small\/0000000021\/0000095504\/0000260430_OG.JPG","copyright":"\u00a9 2007 Mus\u00e9e du Louvre \/ Pierre Philibert","type":"","position":8},{"urlImage":"https:\/\/collections.louvre.fr\/media\/cache\/large\/0000000021\/0000095504\/0000260431_OG.JPG","urlThumbnail":"https:\/\/collections.louvre.fr\/media\/cache\/small\/0000000021\/0000095504\/0000260431_OG.JPG","copyright":"\u00a9 2007 Mus\u00e9e du Louvre \/ Pierre Philibert","type":"","position":9},{"urlImage":"https:\/\/collections.louvre.fr\/media\/cache\/large\/0000000021\/0000095504\/0000260432_OG.JPG","urlThumbnail":"https:\/\/collections.louvre.fr\/media\/cache\/small\/0000000021\/0000095504\/0000260432_OG.JPG","copyright":"\u00a9 2007 Mus\u00e9e du Louvre \/ Pierre Philibert","type":"","position":10},{"urlImage":"https:\/\/collections.louvre.fr\/media\/cache\/large\/0000000021\/0000095504\/0000260483_OG.JPG","urlThumbnail":"https:\/\/collections.louvre.fr\/media\/cache\/small\/0000000021\/0000095504\/0000260483_OG.JPG","copyright":"\u00a9 2007 Mus\u00e9e du Louvre \/ Pierre Philibert","type":"","position":11},{"urlImage":"https:\/\/collections.louvre.fr\/media\/cache\/large\/0000000021\/0000095504\/0000260484_OG.JPG","urlThumbnail":"https:\/\/collections.louvre.fr\/media\/cache\/small\/0000000021\/0000095504\/0000260484_OG.JPG","copyright":"\u00a9 2007 Mus\u00e9e du Louvre \/ Pierre Philibert","type":"","position":12},{"urlImage":"https:\/\/collections.louvre.fr\/media\/cache\/large\/0000000021\/0000095504\/0000260799_OG.JPG","urlThumbnail":"https:\/\/collections.louvre.fr\/media\/cache\/small\/0000000021\/0000095504\/0000260799_OG.JPG","copyright":"\u00a9 2007 Mus\u00e9e du Louvre \/ Pierre Philibert","type":"","position":13},{"urlImage":"https:\/\/collections.louvre.fr\/media\/cache\/large\/0000000021\/0000095504\/0000260800_OG.JPG","urlThumbnail":"https:\/\/collections.louvre.fr\/media\/cache\/small\/0000000021\/0000095504\/0000260800_OG.JPG","copyright":"\u00a9 2007 Mus\u00e9e du Louvre \/ Pierre Philibert","type":"","position":14},{"urlImage":"https:\/\/collections.louvre.fr\/media\/cache\/large\/0000000021\/0000095504\/0000260801_OG.JPG","urlThumbnail":"https:\/\/collections.louvre.fr\/media\/cache\/small\/0000000021\/0000095504\/0000260801_OG.JPG","copyright":"\u00a9 2007 Mus\u00e9e du Louvre \/ Pierre Philibert","type":"","position":15},{"urlImage":"https:\/\/collections.louvre.fr\/media\/cache\/large\/0000000021\/0000095504\/0000260802_OG.JPG","urlThumbnail":"https:\/\/collections.louvre.fr\/media\/cache\/small\/0000000021\/0000095504\/0000260802_OG.JPG","copyright":"\u00a9 2007 Mus\u00e9e du Louvre \/ Pierre Philibert","type":"","position":16},{"urlImage":"https:\/\/collections.louvre.fr\/media\/cache\/large\/0000000021\/0000095504\/0000260803_OG.JPG","urlThumbnail":"https:\/\/collections.louvre.fr\/media\/cache\/small\/0000000021\/0000095504\/0000260803_OG.JPG","copyright":"\u00a9 2007 Mus\u00e9e du Louvre \/ Pierre Philibert","type":"","position":17},{"urlImage":"https:\/\/collections.louvre.fr\/media\/cache\/large\/0000000021\/0000095504\/0000260804_OG.JPG","urlThumbnail":"https:\/\/collections.louvre.fr\/media\/cache\/small\/0000000021\/0000095504\/0000260804_OG.JPG","copyright":"\u00a9 2007 Mus\u00e9e du Louvre \/ Pierre Philibert","type":"","position":18},{"urlImage":"https:\/\/collections.louvre.fr\/media\/cache\/large\/0000000021\/0000095504\/0000260805_OG.JPG","urlThumbnail":"https:\/\/collections.louvre.fr\/media\/cache\/small\/0000000021\/0000095504\/0000260805_OG.JPG","copyright":"\u00a9 2007 Mus\u00e9e du Louvre \/ Pierre Philibert","type":"","position":19},{"urlImage":"https:\/\/collections.louvre.fr\/media\/cache\/large\/0000000021\/0000095504\/0000260806_OG.JPG","urlThumbnail":"https:\/\/collections.louvre.fr\/media\/cache\/small\/0000000021\/0000095504\/0000260806_OG.JPG","copyright":"\u00a9 2007 Mus\u00e9e du Louvre \/ Pierre Philibert","type":"","position":20},{"urlImage":"https:\/\/collections.louvre.fr\/media\/cache\/large\/0000000021\/0000095504\/0000260807_OG.JPG","urlThumbnail":"https:\/\/collections.louvre.fr\/media\/cache\/small\/0000000021\/0000095504\/0000260807_OG.JPG","copyright":"\u00a9 2007 Mus\u00e9e du Louvre \/ Pierre Philibert","type":"","position":21},{"urlImage":"https:\/\/collections.louvre.fr\/media\/cache\/large\/0000000021\/0000095504\/0000267123_OG.JPG","urlThumbnail":"https:\/\/collections.louvre.fr\/media\/cache\/small\/0000000021\/0000095504\/0000267123_OG.JPG","copyright":"\u00a9 1997 Mus\u00e9e du Louvre \/ Pierre Philibert","type":"","position":22},{"urlImage":"https:\/\/collections.louvre.fr\/media\/cache\/large\/0000000021\/0000095504\/0000267124_OG.JPG","urlThumbnail":"https:\/\/collections.louvre.fr\/media\/cache\/small\/0000000021\/0000095504\/0000267124_OG.JPG","copyright":"\u00a9 1997 Mus\u00e9e du Louvre \/ Pierre Philibert","type":"","position":23},{"urlImage":"https:\/\/collections.louvre.fr\/media\/cache\/large\/0000000021\/0000095504\/0000267125_OG.JPG","urlThumbnail":"https:\/\/collections.louvre.fr\/media\/cache\/small\/0000000021\/0000095504\/0000267125_OG.JPG","copyright":"\u00a9 1997 Mus\u00e9e du Louvre \/ Pierre Philibert","type":"","position":24}]}