{"arkId":"cl010093840","url":"https:\/\/collections.louvre.fr\/ark:\/53355\/cl010093840","modified ":"2022-06-03","title":"Monument au conteur Perrault","titleComplement":"","denominationTitle":"Titre : Monument au conteur Perrault\nAutre titre : Monument \u00e0 Charles Perrault","displayDateCreated":"Date de cr\u00e9ation\/fabrication : 1903 - 1908","currentLocation":"[SCULPT] Jardin des Tuileries","room":"","isMuseesNationauxRecuperation":false,"dateCreated":[{"startYear":1903,"endYear":1908,"imprecision":"","text":"XXe si\u00e8cle","type":"Date de cr\u00e9ation\/fabrication","doubt":""}],"creator":[{"label":"France","attributionLevel":"Attribution actuelle","linkType":"","creatorRole":"","authenticationType":"","doubt":"","attributedBy":"","attributedYear":"","wikidata":""},{"label":"Pech, Gabriel Edouard Baptiste","attributionLevel":"Attribution actuelle","linkType":"","dates":[{"date":"1854","place":"Albi","type":"date de naissance"},{"date":"1930","place":"Saint-Loup-Cammas","type":"date de mort"}],"creatorRole":"","authenticationType":"","doubt":"","attributedBy":"","attributedYear":"","wikidata":"Q3093728"}],"objectNumber":[{"value":"RF 1502","type":"Num\u00e9ro principal"}],"collection":"Sculptures des jardins","printsDrawingsEntity":"","printsDrawingsCollection":"","objectType":"","originalObject":"","printState":"","description":"Sur un pi\u00e9destal \u00e9lev\u00e9, un buste de Charles Perrault (1628-1703), d\u00e9riv\u00e9 d\u0027un portrait grav\u00e9 par Edelinck en 1694 ; \u00e0 ses pieds, \u00e0 gauche, sur la base, une ronde de trois fillettes se tenant la main ; \u00e0 droite, le Chat bott\u00e9, d\u0027apr\u00e8s la gravure de Gustave Dor\u00e9","inscriptions":"Inscription :  ; devant sur la gaine : A \/ CHARLES PERRAULT ; sur la plus haute marche du socle \u00e0 droite : GABRIEL PECH\/1908","namesAndTitles":"","onomastics":"","dimension":[{"type":"Hauteur","value":"3","displayDimension":"3 m","unit":"m","anteriorPrecision":"","posteriorPrecision":"","tri":1,"note":""},{"type":"Largeur","value":"2,8","displayDimension":"2,8 m","unit":"m","anteriorPrecision":"","posteriorPrecision":"","tri":2,"note":""},{"type":"Profondeur","value":"2","displayDimension":"2 m","unit":"m","anteriorPrecision":"","posteriorPrecision":"","tri":3,"note":""}],"shape":"","materialsAndTechniques":"marbre","placeOfCreation":"","dateOfDiscovery":"","placeOfDiscovery":"","provenance":"","historicalContext":[],"objectHistory":"Command\u00e9 par l\u0027Etat par arr\u00eat\u00e9 du 4 novembre 1903, sur intervention de Jean Jaur\u00e8s, alors vice-pr\u00e9sident de la Chambre des D\u00e9put\u00e9s et compatriote du sculpteur ; marbre expos\u00e9 au Salon des Artistes fran\u00e7ais de 1908, r\u00e9compens\u00e9 par une m\u00e9daille de 1\u00e8re classe ; attribu\u00e9 aux Mus\u00e9es nationaux pour le jardin des Tuileries par arr\u00eat\u00e9 du 23 juin 1910 ; plac\u00e9 d\u0027abord en novembre 1910 sur la terrasse du Jeu de Paume ; d\u00e9plac\u00e9 en 1998 dans le Grand Couvert, pr\u00e8s des trampolines ; affect\u00e9 au mus\u00e9e d\u0027Orsay en 1986","jabachInventory":"","napoleonInventory":"","previousOwner":[],"acquisitionDetails":[],"ownedBy":"Etat","heldBy":"Mus\u00e9e d\u0027Orsay, Paris","longTermLoanTo":"","index":{"Category":[{"value":"statue, statuette, figurine"},{"value":"sculpture"}],"Materials":[{"value":"mat\u00e9riau d\u0027origine min\u00e9rale"},{"value":"pierre"},{"value":"marbre"}]},"bibliography":[{"bibliographyRef":"Bresc-Bautier, Genevi\u00e8ve ; Pingeot, Anne, Sculptures des jardins du Louvre, du Carrousel et des Tuileries, 2, Paris, 1986","bibliographyDate":"1986","bibliographyDetail":"n\u00b0 300","comparison":false}],"exhibition":[],"relatedWork":[],"image":[{"urlImage":"https:\/\/collections.louvre.fr\/media\/cache\/large\/0000000021\/0000093840\/0000258680_OG.JPG","urlThumbnail":"https:\/\/collections.louvre.fr\/media\/cache\/small\/0000000021\/0000093840\/0000258680_OG.JPG","copyright":"\u00a9 2007 Mus\u00e9e du Louvre \/ Pierre Philibert","type":"","position":0},{"urlImage":"https:\/\/collections.louvre.fr\/media\/cache\/large\/0000000021\/0000093840\/0000925800_OG.JPG","urlThumbnail":"https:\/\/collections.louvre.fr\/media\/cache\/small\/0000000021\/0000093840\/0000925800_OG.JPG","copyright":"\u00a9 2019 Mus\u00e9e du Louvre \/ Sculptures du Moyen Age, de la Renaissance et des temps modernes","type":"trois quarts face","position":1},{"urlImage":"https:\/\/collections.louvre.fr\/media\/cache\/large\/0000000021\/0000093840\/0000258681_OG.JPG","urlThumbnail":"https:\/\/collections.louvre.fr\/media\/cache\/small\/0000000021\/0000093840\/0000258681_OG.JPG","copyright":"\u00a9 2007 Mus\u00e9e du Louvre \/ Pierre Philibert","type":"","position":2},{"urlImage":"https:\/\/collections.louvre.fr\/media\/cache\/large\/0000000021\/0000093840\/0000258682_OG.JPG","urlThumbnail":"https:\/\/collections.louvre.fr\/media\/cache\/small\/0000000021\/0000093840\/0000258682_OG.JPG","copyright":"\u00a9 2007 Mus\u00e9e du Louvre \/ Pierre Philibert","type":"","position":3},{"urlImage":"https:\/\/collections.louvre.fr\/media\/cache\/large\/0000000021\/0000093840\/0000258683_OG.JPG","urlThumbnail":"https:\/\/collections.louvre.fr\/media\/cache\/small\/0000000021\/0000093840\/0000258683_OG.JPG","copyright":"\u00a9 2007 Mus\u00e9e du Louvre \/ Pierre Philibert","type":"","position":4},{"urlImage":"https:\/\/collections.louvre.fr\/media\/cache\/large\/0000000021\/0000093840\/0000258684_OG.JPG","urlThumbnail":"https:\/\/collections.louvre.fr\/media\/cache\/small\/0000000021\/0000093840\/0000258684_OG.JPG","copyright":"\u00a9 2007 Mus\u00e9e du Louvre \/ Pierre Philibert","type":"","position":5},{"urlImage":"https:\/\/collections.louvre.fr\/media\/cache\/large\/0000000021\/0000093840\/0000258685_OG.JPG","urlThumbnail":"https:\/\/collections.louvre.fr\/media\/cache\/small\/0000000021\/0000093840\/0000258685_OG.JPG","copyright":"\u00a9 2007 Mus\u00e9e du Louvre \/ Pierre Philibert","type":"","position":6},{"urlImage":"https:\/\/collections.louvre.fr\/media\/cache\/large\/0000000021\/0000093840\/0000258686_OG.JPG","urlThumbnail":"https:\/\/collections.louvre.fr\/media\/cache\/small\/0000000021\/0000093840\/0000258686_OG.JPG","copyright":"\u00a9 2007 Mus\u00e9e du Louvre \/ Pierre Philibert","type":"","position":7},{"urlImage":"https:\/\/collections.louvre.fr\/media\/cache\/large\/0000000021\/0000093840\/0000258687_OG.JPG","urlThumbnail":"https:\/\/collections.louvre.fr\/media\/cache\/small\/0000000021\/0000093840\/0000258687_OG.JPG","copyright":"\u00a9 2007 Mus\u00e9e du Louvre \/ Pierre Philibert","type":"","position":8},{"urlImage":"https:\/\/collections.louvre.fr\/media\/cache\/large\/0000000021\/0000093840\/0000258688_OG.JPG","urlThumbnail":"https:\/\/collections.louvre.fr\/media\/cache\/small\/0000000021\/0000093840\/0000258688_OG.JPG","copyright":"\u00a9 2007 Mus\u00e9e du Louvre \/ Pierre Philibert","type":"","position":9},{"urlImage":"https:\/\/collections.louvre.fr\/media\/cache\/large\/0000000021\/0000093840\/0000258689_OG.JPG","urlThumbnail":"https:\/\/collections.louvre.fr\/media\/cache\/small\/0000000021\/0000093840\/0000258689_OG.JPG","copyright":"\u00a9 2007 Mus\u00e9e du Louvre \/ Pierre Philibert","type":"","position":10},{"urlImage":"https:\/\/collections.louvre.fr\/media\/cache\/large\/0000000021\/0000093840\/0000258690_OG.JPG","urlThumbnail":"https:\/\/collections.louvre.fr\/media\/cache\/small\/0000000021\/0000093840\/0000258690_OG.JPG","copyright":"\u00a9 2007 Mus\u00e9e du Louvre \/ Pierre Philibert","type":"","position":11},{"urlImage":"https:\/\/collections.louvre.fr\/media\/cache\/large\/0000000021\/0000093840\/0000258187_OG.JPG","urlThumbnail":"https:\/\/collections.louvre.fr\/media\/cache\/small\/0000000021\/0000093840\/0000258187_OG.JPG","copyright":"\u00a9 2006 Mus\u00e9e du Louvre \/ Pierre Philibert","type":"","position":12},{"urlImage":"https:\/\/collections.louvre.fr\/media\/cache\/large\/0000000021\/0000093840\/0000258188_OG.JPG","urlThumbnail":"https:\/\/collections.louvre.fr\/media\/cache\/small\/0000000021\/0000093840\/0000258188_OG.JPG","copyright":"\u00a9 2006 Mus\u00e9e du Louvre \/ Pierre Philibert","type":"","position":13},{"urlImage":"https:\/\/collections.louvre.fr\/media\/cache\/large\/0000000021\/0000093840\/0000258189_OG.JPG","urlThumbnail":"https:\/\/collections.louvre.fr\/media\/cache\/small\/0000000021\/0000093840\/0000258189_OG.JPG","copyright":"\u00a9 2006 Mus\u00e9e du Louvre \/ Pierre Philibert","type":"","position":14},{"urlImage":"https:\/\/collections.louvre.fr\/media\/cache\/large\/0000000021\/0000093840\/0000266343_OG.JPG","urlThumbnail":"https:\/\/collections.louvre.fr\/media\/cache\/small\/0000000021\/0000093840\/0000266343_OG.JPG","copyright":"\u00a9 1996 Mus\u00e9e du Louvre \/ Pierre Philibert","type":"","position":15},{"urlImage":"https:\/\/collections.louvre.fr\/media\/cache\/large\/0000000021\/0000093840\/0000266344_OG.JPG","urlThumbnail":"https:\/\/collections.louvre.fr\/media\/cache\/small\/0000000021\/0000093840\/0000266344_OG.JPG","copyright":"\u00a9 1996 Mus\u00e9e du Louvre \/ Pierre Philibert","type":"","position":16},{"urlImage":"https:\/\/collections.louvre.fr\/media\/cache\/large\/0000000021\/0000093840\/0000266345_OG.JPG","urlThumbnail":"https:\/\/collections.louvre.fr\/media\/cache\/small\/0000000021\/0000093840\/0000266345_OG.JPG","copyright":"\u00a9 1996 Mus\u00e9e du Louvre \/ Pierre Philibert","type":"","position":17},{"urlImage":"https:\/\/collections.louvre.fr\/media\/cache\/large\/0000000021\/0000093840\/0000266346_OG.JPG","urlThumbnail":"https:\/\/collections.louvre.fr\/media\/cache\/small\/0000000021\/0000093840\/0000266346_OG.JPG","copyright":"\u00a9 1996 Mus\u00e9e du Louvre \/ Pierre Philibert","type":"","position":18}]}