{"arkId":"cl010065751","url":"https:\/\/collections.louvre.fr\/ark:\/53355\/cl010065751","modified ":"2022-06-03","title":"Plafond : Les oiseaux.","titleComplement":"","denominationTitle":"Titre : Plafond : Les oiseaux.","displayDateCreated":"Date de cr\u00e9ation\/fabrication : 3e quart du XXe si\u00e8cle (1953)","currentLocation":"non expos\u00e9","room":"","isMuseesNationauxRecuperation":false,"dateCreated":[{"startYear":1953,"endYear":"","imprecision":"","text":"3e quart du XXe si\u00e8cle","type":"Date de cr\u00e9ation\/fabrication","doubt":""}],"creator":[{"label":"Braque, Georges","attributionLevel":"Attribution actuelle","linkType":"","dates":[{"date":"1963","place":"Paris","type":"date de mort"},{"date":"1882","place":"Argenteuil (Val-d\u0027Oise)","type":"date de naissance"}],"creatorRole":"","authenticationType":"","doubt":"","attributedBy":"","attributedYear":"","wikidata":"Q153793"},{"label":"France","attributionLevel":"Attribution actuelle","linkType":"\u00c9cole de","creatorRole":"","authenticationType":"","doubt":"","attributedBy":"","attributedYear":"","wikidata":""}],"objectNumber":[{"value":"INV 20378","type":"Num\u00e9ro principal"}],"collection":"D\u00e9partement des Peintures","printsDrawingsEntity":"","printsDrawingsCollection":"","objectType":"","originalObject":"","printState":"","description":"Format : ovale","inscriptions":"","namesAndTitles":"","onomastics":"","dimension":[{"type":"Hauteur","value":"2,7","displayDimension":"2,7 m","unit":"m","anteriorPrecision":"","posteriorPrecision":"","tri":1,"note":""},{"type":"Largeur","value":"2,12","displayDimension":"2,12 m","unit":"m","anteriorPrecision":"","posteriorPrecision":"","tri":3,"note":""}],"shape":"","materialsAndTechniques":"huile sur toile","placeOfCreation":"","dateOfDiscovery":"","placeOfDiscovery":"","provenance":"","historicalContext":[],"objectHistory":"Plafond en trois parties command\u00e9 pour 10 millions de francs le 22 juin 1953. Mis en place dans la salle Henri II vers le 15 juillet 1953, en remplacement du plafond de Blondel d\u00e9pos\u00e9 en 1938 (Louvre. INV. 2626, 2626 BIS, 2626 TER).","jabachInventory":"","napoleonInventory":"","previousOwner":[],"acquisitionDetails":[{"mode":"achat apr\u00e8s commande","doubt":"","dates":[{"type":"date","value":"1953","startYear":1953,"endYear":1953}]}],"ownedBy":"Etat","heldBy":"Mus\u00e9e du Louvre, D\u00e9partement des Peintures","longTermLoanTo":"","index":{"Category":[{"value":"peinture"}],"Imagery":[{"value":"animal\/plante\/nature morte"},{"value":"architecture\/jardin"},{"value":"animal (oiseau)"},{"value":"architecture civile"}]},"bibliography":[{"bibliographyRef":"Compin, Isabelle ; Roquebert, Anne, Catalogue sommaire illustr\u00e9 des peintures du mus\u00e9e du Louvre et du mus\u00e9e d\u0027Orsay.\u00a0III. Ecole fran\u00e7aise, A-K, Paris, R.M.N., 1986","bibliographyDate":"1986","bibliographyDetail":"p. 91, ill. n\u0026b","comparison":false},{"bibliographyRef":"Compin, Isabelle ; Reynaud, Nicole, Catalogue des peintures du mus\u00e9e du Louvre.\u00a0I,\u00a0Ecole fran\u00e7aise, Paris, R.M.N., 1972","bibliographyDate":"1972","bibliographyDetail":"p. 47","comparison":false}],"exhibition":[],"relatedWork":[{"objectUrl":"https:\/\/collections.louvre.fr\/ark:\/53355\/cl010065746","type":"Ensemble"},{"objectUrl":"https:\/\/collections.louvre.fr\/ark:\/53355\/cl010065750","type":"Ensemble"}],"image":[{"urlImage":"https:\/\/collections.louvre.fr\/media\/cache\/large\/0000000021\/0000065751\/0000353077_OG.JPG","urlThumbnail":"https:\/\/collections.louvre.fr\/media\/cache\/small\/0000000021\/0000065751\/0000353077_OG.JPG","copyright":"\u00a9 2015 Mus\u00e9e du Louvre \/ Peintures","type":"face, recto, avers, avant ; vue d\u0027ensemble ; vue avec cadre","position":0}]}