{"arkId":"cl010095690","url":"https:\/\/collections.louvre.fr\/ark:\/53355\/cl010095690","modified ":"2022-06-03","title":"Nuit","titleComplement":"","denominationTitle":"Titre : Nuit","displayDateCreated":"Date de cr\u00e9ation\/fabrication : 1909","currentLocation":"[SCULPT] Jardin du Carrousel","room":"","isMuseesNationauxRecuperation":false,"dateCreated":[{"startYear":1909,"endYear":"","imprecision":"","text":"XXe si\u00e8cle","type":"Date de cr\u00e9ation\/fabrication","doubt":""}],"creator":[{"label":"Maillol, Aristide","attributionLevel":"Attribution actuelle","linkType":"","dates":[{"date":"1944","place":"","type":"date de mort"},{"date":"1861","place":"","type":"date de naissance"}],"creatorRole":"","authenticationType":"","doubt":"","attributedBy":"","attributedYear":"","wikidata":"Q153920"},{"label":"France","attributionLevel":"Attribution actuelle","linkType":"","creatorRole":"","authenticationType":"","doubt":"","attributedBy":"","attributedYear":"","wikidata":""}],"objectNumber":[{"value":"FNAC 9487","type":"Num\u00e9ro principal"}],"collection":"Sculptures des jardins","printsDrawingsEntity":"","printsDrawingsCollection":"","objectType":"","originalObject":"","printState":"","description":"","inscriptions":"","namesAndTitles":"","onomastics":"","dimension":[{"type":"Hauteur","value":"1,1","displayDimension":"1,1 m","unit":"m","anteriorPrecision":"","posteriorPrecision":"","tri":1,"note":""},{"type":"Largeur","value":"0,6","displayDimension":"0,6 m","unit":"m","anteriorPrecision":"","posteriorPrecision":"","tri":2,"note":""},{"type":"Profondeur","value":"1,05","displayDimension":"1,05 m","unit":"m","anteriorPrecision":"","posteriorPrecision":"","tri":3,"note":""}],"shape":"","materialsAndTechniques":"bronze","placeOfCreation":"","dateOfDiscovery":"","placeOfDiscovery":"","provenance":"","historicalContext":[],"objectHistory":"Fait partie d\u2019un ensemble de sculptures fondues en 1964-1965, \u00e0 la suite de la donation par Lucien Maillol, fils de l\u2019artiste, et par Dina Vierny, ex\u00e9cutrice testamentaire, des droits de tirage, pour \u00eatre install\u00e9es au jardin du Carrousel. La donation a \u00e9t\u00e9 suscit\u00e9e et fortement encourag\u00e9e par le ministre des Affaires culturelles Andr\u00e9 Malraux. Les fontes ont \u00e9t\u00e9 command\u00e9es par le service de la Cr\u00e9ation artistique, dirig\u00e9 par Bernard Anthonioz. Fait partie d\u2019un premier march\u00e9 notifi\u00e9 au fondeur Georges Rudier le 10 avril 1964 pour un montant de 199.900 F ; livr\u00e9 fin 1964 ;  plac\u00e9 dans le jardin du Carrousel \u00e0 une date inconnue, probablement en janvier 1965 ; \u00e0 la suite de la recr\u00e9ation du jardin du Carrousel par les paysagistes Jacques et Peter Wirtz, cette \u0153uvre a \u00e9t\u00e9 r\u00e9install\u00e9e en octobre 1995.","jabachInventory":"","napoleonInventory":"","previousOwner":[],"acquisitionDetails":[{"mode":"commande du minist\u00e8re","doubt":"","dates":[]}],"ownedBy":"Fonds national d\u0027art contemporain (FNAC, Minist\u00e8re de la Culture), FNAC, Puteaux","heldBy":"","longTermLoanTo":"","index":{"Category":[{"value":"statue, statuette, figurine"},{"value":"sculpture"}],"Materials":[{"value":"mat\u00e9riau d\u0027origine min\u00e9rale"},{"value":"m\u00e9tal"},{"value":"alliage"},{"value":"alliage binaire"},{"value":"bronze"}]},"bibliography":[{"bibliographyRef":"Bresc-Bautier, Genevi\u00e8ve ; Pingeot, Anne, Sculptures des jardins du Louvre, du Carrousel et des Tuileries, 2, Paris, 1986","bibliographyDate":"1986","bibliographyDetail":"n\u00b0 242","comparison":false}],"exhibition":[],"relatedWork":[],"image":[{"urlImage":"https:\/\/collections.louvre.fr\/media\/cache\/large\/0000000021\/0000095690\/0000256637_OG.JPG","urlThumbnail":"https:\/\/collections.louvre.fr\/media\/cache\/small\/0000000021\/0000095690\/0000256637_OG.JPG","copyright":"\u00a9 2004 Mus\u00e9e du Louvre \/ Pierre Philibert","type":"","position":0},{"urlImage":"https:\/\/collections.louvre.fr\/media\/cache\/large\/0000000021\/0000095690\/0000256638_OG.JPG","urlThumbnail":"https:\/\/collections.louvre.fr\/media\/cache\/small\/0000000021\/0000095690\/0000256638_OG.JPG","copyright":"\u00a9 2004 Mus\u00e9e du Louvre \/ Pierre Philibert","type":"","position":1},{"urlImage":"https:\/\/collections.louvre.fr\/media\/cache\/large\/0000000021\/0000095690\/0000256639_OG.JPG","urlThumbnail":"https:\/\/collections.louvre.fr\/media\/cache\/small\/0000000021\/0000095690\/0000256639_OG.JPG","copyright":"\u00a9 2004 Mus\u00e9e du Louvre \/ Pierre Philibert","type":"","position":2},{"urlImage":"https:\/\/collections.louvre.fr\/media\/cache\/large\/0000000021\/0000095690\/0000256640_OG.JPG","urlThumbnail":"https:\/\/collections.louvre.fr\/media\/cache\/small\/0000000021\/0000095690\/0000256640_OG.JPG","copyright":"\u00a9 2004 Mus\u00e9e du Louvre \/ Pierre Philibert","type":"","position":3}]}