{"arkId":"cl010092622","url":"https:\/\/collections.louvre.fr\/ark:\/53355\/cl010092622","modified ":"2022-06-03","title":"Guerrier se poignardant","titleComplement":"","denominationTitle":"Titre : Guerrier se poignardant","displayDateCreated":"Date de cr\u00e9ation\/fabrication : 1685 - 1700","currentLocation":"Denon, [SCULPT] Salle 403 - Galerie Michel-Ange, Vitrine 16","room":"Salle 403, Aile Denon, Niveau 0","isMuseesNationauxRecuperation":false,"dateCreated":[{"startYear":1685,"endYear":1700,"imprecision":"","text":"Fin du XVIIe si\u00e8cle","type":"Date de cr\u00e9ation\/fabrication","doubt":""}],"creator":[{"label":"Italie Latium Rome","attributionLevel":"Attribution actuelle","linkType":"","creatorRole":"","authenticationType":"","doubt":"","attributedBy":"","attributedYear":"","wikidata":""},{"label":"Italie","attributionLevel":"Attribution actuelle","linkType":"","creatorRole":"","authenticationType":"","doubt":"","attributedBy":"","attributedYear":"","wikidata":""}],"objectNumber":[{"value":"OA 2092","type":"Num\u00e9ro principal"}],"collection":"D\u00e9partement des Sculptures du Moyen Age, de la Renaissance et des temps modernes","printsDrawingsEntity":"","printsDrawingsCollection":"","objectType":"statuette","originalObject":"","printState":"","description":"","inscriptions":"","namesAndTitles":"","onomastics":"","dimension":[{"type":"Largeur","value":"0,2","displayDimension":"0,2 m","unit":"m","anteriorPrecision":"","posteriorPrecision":"","tri":2,"note":""},{"type":"Profondeur","value":"0,11","displayDimension":"0,11 m","unit":"m","anteriorPrecision":"","posteriorPrecision":"","tri":3,"note":""}],"shape":"","materialsAndTechniques":"terre cuite","placeOfCreation":"","dateOfDiscovery":"","placeOfDiscovery":"","provenance":"","historicalContext":[],"objectHistory":"Librement inspir\u00e9 du groupe antique, repr\u00e9sentant un guerrier gaulois se tuant apr\u00e8s avoir immol\u00e9 sa femme (collection Ludovisi \u00e0 Rome), c\u00e9l\u00e8bre au XVIIe si\u00e8cle, comme repr\u00e9sentant Paetus et Arria. Acquis en mars 1874 par le d\u00e9partement des Sculptures et Objets d\u2019art (comme P\u0153tus\u00a0Thraseas se poignardant, \u00e9cole de Nicolas Coustou) et inscrit sur l\u2019inventaire des objets d\u2019art. Rapproch\u00e9 par Philippe Malgouyres de l\u0027art d\u0027Ercole Ferrata.","jabachInventory":"","napoleonInventory":"","previousOwner":[],"acquisitionDetails":[{"mode":"achat","doubt":"","dates":[{"type":"date de vente publique","value":"1874","startYear":1874,"endYear":1874}]}],"ownedBy":"Etat","heldBy":"Mus\u00e9e du Louvre, D\u00e9partement des Sculptures du Moyen Age, de la Renaissance et des temps modernes","longTermLoanTo":"","index":{"Category":[{"value":"statue, statuette, figurine"},{"value":"sculpture"}],"Materials":[{"value":"mat\u00e9riau d\u0027origine min\u00e9rale"},{"value":"terre"},{"value":"terre cuite"}]},"bibliography":[{"bibliographyRef":"Bresc-Bautier, Genevi\u00e8ve, sous la direction de (dir.), Bormand, Marc ; Gaborit, Jean-Ren\u00e9 ; Guillot de Suduiraut, Sophie ; Lafabrie, Mich\u00e8le ; Le Pogam, Pierre-Yves ; Tupinier-Barrillon, B\u00e9atrice ; Leroy-Jay Lemaistre, Isabelle ; Scherf, Guilhem, Les Sculptures europ\u00e9ennes du Mus\u00e9e du Louvre: Byzance, Espagne, \u00eeles Britanniques, Italie, Anciens Pays-Bas et Belgique, pays germaniques et de l\u2019Europe de l\u2019Est, pays scandinaves, Antiques restaur\u00e9es et copies d\u2019antiques, Paris, Somogy, \u00e9ditions d\u0027art ; Mus\u00e9e du Louvre \u00e9ditions, 2006","bibliographyDate":"2006","bibliographyDetail":"p. 280, ill. 280","comparison":false},{"bibliographyRef":"Bresc-Bautier, Genevi\u00e8ve (dir.), Un combat pour la sculpture : Louis Courajod (1841-1896), historien d\u0027art et conservateur.actes de la journ\u00e9e d\u0027\u00e9tude, \u00e0 l\u0027occasion du centenaire de la mort de Louis Courajod (1841-1896), Mus\u00e9e du Louvre, 15 janvier 1996, Paris, Ecole du Louvre, 2003","bibliographyDate":"2003","bibliographyDetail":"p. 38, ill. 4 p. 38","comparison":false},{"bibliographyRef":"Vitry, Paul, Mus\u00e9e national du Louvre. Catalogue des sculptures du Moyen \u00c2ge, de la Renaissance et des Temps modernes. Premi\u00e8re partie, Moyen \u00c2ge et Renaissance ; deuxi\u00e8me partie, Temps modernes, I, Paris, 1922","bibliographyDate":"1922","bibliographyDetail":"n\u00b0 875","comparison":false},{"bibliographyRef":"Michel, Andr\u00e9 ; Vitry, Paul, Mus\u00e9e national du Louvre. Catalogue sommaire des sculptures du Moyen \u00c2ge, de la Renaissance et des Temps Modernes. Suppl\u00e9ment, Paris, 1907","bibliographyDate":"1907","bibliographyDetail":"n\u00b0 1068","comparison":false}],"exhibition":[],"relatedWork":[],"image":[{"urlImage":"https:\/\/collections.louvre.fr\/media\/cache\/large\/0000000021\/0000092622\/0000254117_OG.JPG","urlThumbnail":"https:\/\/collections.louvre.fr\/media\/cache\/small\/0000000021\/0000092622\/0000254117_OG.JPG","copyright":"\u00a9 2003 Mus\u00e9e du Louvre \/ Pierre Philibert","type":"","position":0},{"urlImage":"https:\/\/collections.louvre.fr\/media\/cache\/large\/0000000021\/0000092622\/0000254118_OG.JPG","urlThumbnail":"https:\/\/collections.louvre.fr\/media\/cache\/small\/0000000021\/0000092622\/0000254118_OG.JPG","copyright":"\u00a9 2003 Mus\u00e9e du Louvre \/ Pierre Philibert","type":"","position":1},{"urlImage":"https:\/\/collections.louvre.fr\/media\/cache\/large\/0000000021\/0000092622\/0000254119_OG.JPG","urlThumbnail":"https:\/\/collections.louvre.fr\/media\/cache\/small\/0000000021\/0000092622\/0000254119_OG.JPG","copyright":"\u00a9 2003 Mus\u00e9e du Louvre \/ Pierre Philibert","type":"","position":2},{"urlImage":"https:\/\/collections.louvre.fr\/media\/cache\/large\/0000000021\/0000092622\/0000254120_OG.JPG","urlThumbnail":"https:\/\/collections.louvre.fr\/media\/cache\/small\/0000000021\/0000092622\/0000254120_OG.JPG","copyright":"\u00a9 2003 Mus\u00e9e du Louvre \/ Pierre Philibert","type":"","position":3},{"urlImage":"https:\/\/collections.louvre.fr\/media\/cache\/large\/0000000021\/0000092622\/0000252612_OG.JPG","urlThumbnail":"https:\/\/collections.louvre.fr\/media\/cache\/small\/0000000021\/0000092622\/0000252612_OG.JPG","copyright":"\u00a9 Mus\u00e9e du Louvre \/ Maurice et Pierre Chuzeville","type":"","position":4}]}