{"arkId":"cl010111056","url":"https:\/\/collections.louvre.fr\/ark:\/53355\/cl010111056","modified ":"2022-06-03","title":"Hercule enfant et le serpent","titleComplement":"","denominationTitle":"Titre : Hercule enfant et le serpent","displayDateCreated":"","currentLocation":"Sully, [OArt] Salle 604 - De Louis XIV \u00e0 Louis XVI - Charles Cressent","room":"Salle 604, Aile Sully, Niveau 1","isMuseesNationauxRecuperation":false,"dateCreated":[],"creator":[{"label":"Algardi, Alessandro","attributionLevel":"Attribution actuelle","linkType":"D\u0027apr\u00e8s","dates":[{"date":"1598","place":"Bologne","type":"date de naissance"},{"date":"1654","place":"Rome","type":"date de mort"}],"creatorRole":"","authenticationType":"","doubt":"","attributedBy":"","attributedYear":"","wikidata":"Q336798"}],"objectNumber":[{"value":"OA 5068","type":"Num\u00e9ro principal"}],"collection":"D\u00e9partement des Objets d\u0027art du Moyen Age, de la Renaissance et des temps modernes","printsDrawingsEntity":"","printsDrawingsCollection":"","objectType":"sculpture","originalObject":"","printState":"","description":"","inscriptions":"Inscription :  ; TU 1199 (Grav\u00e9)","namesAndTitles":"","onomastics":"","dimension":[{"type":"Hauteur","value":"40","displayDimension":"40 cm","unit":"cm","anteriorPrecision":"","posteriorPrecision":"","tri":1,"note":""},{"type":"Largeur","value":"48","displayDimension":"48 cm","unit":"cm","anteriorPrecision":"","posteriorPrecision":"","tri":2,"note":""}],"shape":"","materialsAndTechniques":"Mat\u00e9riau : bronze\nTechnique : techniques m\u00e9tal (sculpture)","placeOfCreation":"","dateOfDiscovery":"","placeOfDiscovery":"","provenance":"","historicalContext":[],"objectHistory":"","jabachInventory":"","napoleonInventory":"","previousOwner":[],"acquisitionDetails":[{"mode":"versement","doubt":"","dates":[{"type":"date du d\u00e9cret","value":"24\/02\/1901","startYear":1901,"endYear":1901},{"type":"date de l\u0027arr\u00eat\u00e9\/d\u00e9cision","value":"01\/03\/1901","startYear":1901,"endYear":1901}]}],"ownedBy":"Etat","heldBy":"Mus\u00e9e du Louvre, D\u00e9partement des Objets d\u0027art du Moyen Age, de la Renaissance et des temps modernes","longTermLoanTo":"","index":{"Category":[{"value":"sculpture"}],"objectType":[{"value":"sculpture"}]},"bibliography":[{"bibliographyRef":"Migeon, Gaston, Catalogue des bronzes et cuivres de la Renaissance et des temps modernes, Paris, Librairies-imprimeries r\u00e9unies, 1904","bibliographyDate":"1904","bibliographyDetail":"p. 201, n\u00b0 238","comparison":false}],"exhibition":[],"relatedWork":[],"image":[{"urlImage":"https:\/\/collections.louvre.fr\/media\/cache\/original\/0000000021\/0000111056\/0000175855_OG.JPG","urlThumbnail":"https:\/\/collections.louvre.fr\/media\/cache\/small\/0000000021\/0000111056\/0000175855_OG.JPG","copyright":"\u00a9 1966 RMN-Grand Palais (mus\u00e9e du Louvre) \/ Photographe inconnu","type":"","position":0},{"urlImage":"https:\/\/collections.louvre.fr\/media\/cache\/original\/0000000021\/0000111056\/0000175854_OG.JPG","urlThumbnail":"https:\/\/collections.louvre.fr\/media\/cache\/small\/0000000021\/0000111056\/0000175854_OG.JPG","copyright":"\u00a9 1977 RMN-Grand Palais (mus\u00e9e du Louvre) \/ Photographe inconnu","type":"","position":1},{"urlImage":"https:\/\/collections.louvre.fr\/media\/cache\/original\/0000000021\/0000111056\/0000175853_OG.JPG","urlThumbnail":"https:\/\/collections.louvre.fr\/media\/cache\/small\/0000000021\/0000111056\/0000175853_OG.JPG","copyright":"\u00a9 1977 RMN-Grand Palais (mus\u00e9e du Louvre) \/ Photographe inconnu","type":"","position":2}]}