{"arkId":"cl010066652","url":"https:\/\/collections.louvre.fr\/ark:\/53355\/cl010066652","modified ":"2022-06-04","title":"L\u0027Am\u00e9rique","titleComplement":"","denominationTitle":"Titre : L\u0027Am\u00e9rique","displayDateCreated":"Date de cr\u00e9ation\/fabrication : 2e moiti\u00e9 du XVIIe si\u00e8cle (1659 - 1661)","currentLocation":"Sully, [AE] Salle 640 - Le Nouvel Empire - Toutankhamon et ses successeurs, Plafonds (Salle d\u0027exposition permanente)","room":"Salle 640, Aile Sully, Niveau 1","isMuseesNationauxRecuperation":false,"dateCreated":[{"startYear":1659,"endYear":1661,"imprecision":"","text":"2e moiti\u00e9 du XVIIe si\u00e8cle","type":"Date de cr\u00e9ation\/fabrication","doubt":""}],"creator":[{"label":"Dorigny, Michel","attributionLevel":"Attribution actuelle","linkType":"","dates":[{"date":"1665","place":"Paris","type":"date de mort"},{"date":"1617","place":"Saint-Quentin","type":"date de naissance"}],"creatorRole":"","authenticationType":"","doubt":"","attributedBy":"","attributedYear":"","wikidata":"Q3309511"},{"label":"France","attributionLevel":"Attribution actuelle","linkType":"\u00c9cole de","creatorRole":"","authenticationType":"","doubt":"","attributedBy":"","attributedYear":"","wikidata":""}],"objectNumber":[{"value":"INV 20356","type":"Num\u00e9ro principal"}],"collection":"D\u00e9partement des Peintures","printsDrawingsEntity":"","printsDrawingsCollection":"","objectType":"","originalObject":"","printState":"","description":"Plafond","inscriptions":"","namesAndTitles":"","onomastics":"","dimension":[{"type":"Hauteur","value":"0,98","displayDimension":"0,98 m","unit":"m","anteriorPrecision":"","posteriorPrecision":"","tri":1,"note":""},{"type":"Hauteur avec accessoire","value":"0","displayDimension":"0 m","unit":"m","anteriorPrecision":"","posteriorPrecision":"","tri":2,"note":""},{"type":"Largeur","value":"1,31","displayDimension":"1,31 m","unit":"m","anteriorPrecision":"","posteriorPrecision":"","tri":3,"note":""}],"shape":"","materialsAndTechniques":"huile sur toile","placeOfCreation":"","dateOfDiscovery":"","placeOfDiscovery":"","provenance":"","historicalContext":[],"objectHistory":"Historique:\nCh\u00e2teau-neuf de Vincennes, salle du Conseil, pavillon de la Reine ; enlev\u00e9s en 1793 (cf. A.M.M.F., 1883-1897) ; install\u00e9 au Louvre \u00e0 leur emplacement actuel en 1832.\n\nCommentaire:\nL\u0027un des quatre tableaux repr\u00e9sentant les quatre parties du monde.\nLes quatre parties du monde ont \u00e9t\u00e9 peintes pour le d\u00e9cor du plafond de la salle du Conseil dans l\u2019appartement d\u2019Anne d\u2019Autriche au ch\u00e2teau-neuf de Vincennes. Dorigny s\u2019est tr\u00e8s fid\u00e8lement inspir\u00e9 du code all\u00e9gorique de l\u2019Iconologia de Cesare Ripa (1593 ; \u00e9dition illustr\u00e9e en 1603 ; traduction fran\u00e7aise par Jean Baudoin en 1643). Les quatre tableaux ont \u00e9t\u00e9 encastr\u00e9s dans le plafond de la premi\u00e8re salle de la Colonnade, au Louvre, en 1832. Vingt et un dessins pr\u00e9paratoires pour le d\u00e9cor sont conserv\u00e9s au ch\u00e2teau de Vincennes (cf. Hurtret, 1937). Un dessin pr\u00e9paratoire pour L\u2019Am\u00e9rique a \u00e9t\u00e9 acquis par le mus\u00e9e des Beaux-Arts de Rennes en 1998 (pierre noire et rehauts de craie blanche ; 19,3 \u00d7 24,8 cm ; inv. 1998.9.42 ; cf. Kazerouni, 2014a). Les quatre toiles de Dorigny ont \u00e9t\u00e9 restaur\u00e9es par Catherine\nVernochet en 1997 (refixage \u00e0 la colle de peau et intervention en couche picturale) (N. Milovanovic, 2021).","jabachInventory":"","napoleonInventory":"","previousOwner":[],"acquisitionDetails":[{"mode":"ancienne collection royale\/de la Couronne","doubt":"","dates":[{"type":"date d\u0027arriv\u00e9e au Mus\u00e9e","value":"1832","startYear":1832,"endYear":1832}]}],"ownedBy":"Etat","heldBy":"Mus\u00e9e du Louvre, D\u00e9partement des Peintures","longTermLoanTo":"","index":{"Category":[{"value":"peinture"}],"Imagery":[{"value":"d\u00e9cor"},{"value":"litt\u00e9rature\/fantastique"},{"value":"sc\u00e8ne\/th\u00e8me all\u00e9gorique"},{"value":"d\u00e9cor figur\u00e9"}]},"bibliography":[{"bibliographyRef":"Milovanovic, Nicolas, Peintures fran\u00e7aises du XVIIe du mus\u00e9e du Louvre, Editions Gallimard \/ Mus\u00e9e du Louvre Editions, 2021","bibliographyDate":"2021","bibliographyDetail":"p. 58, ill. coul., n\u00b0143","comparison":false},{"bibliographyRef":"Dessiner pour cr\u00e9er : feuilles fran\u00e7aises des XVIe et XVIIe si\u00e8cles du mus\u00e9e des Beaux-Arts de Rennes, Rennes, Mus\u00e9e des Beaux-Arts, 2014","bibliographyDate":"2014","bibliographyDetail":" ","comparison":false},{"bibliographyRef":"Compin, Isabelle ; Roquebert, Anne, Catalogue sommaire illustr\u00e9 des peintures du mus\u00e9e du Louvre et du mus\u00e9e d\u0027Orsay.\u00a0III. Ecole fran\u00e7aise, A-K, Paris, R.M.N., 1986","bibliographyDate":"1986","bibliographyDetail":"p. 229, ill. n\u0026b","comparison":false},{"bibliographyRef":"Compin, Isabelle ; Reynaud, Nicole ; Rosenberg, Pierre, Mus\u00e9e du Louvre. Catalogue illustr\u00e9 des peintures. Ecole fran\u00e7aise. XVIIe et XVIIIe si\u00e8cles : I, A-L, Paris, Mus\u00e9es nationaux, 1974","bibliographyDate":"1974","bibliographyDetail":"p. 109, 268, fig. 225, .225","comparison":false},{"bibliographyRef":"Compin, Isabelle ; Reynaud, Nicole, Catalogue des peintures du mus\u00e9e du Louvre.\u00a0I,\u00a0Ecole fran\u00e7aise, Paris, R.M.N., 1972","bibliographyDate":"1972","bibliographyDetail":"p. 145","comparison":false},{"bibliographyRef":"Hurtret, Andr\u00e9, \u00ab Dessins de Michel Dorigny ayant servi \u00e0 la d\u00e9coration du ch\u00e2teau neuf de Vincennes \u00bb, dans Les Monuments historiques de la France, 1937, p. 129-133","bibliographyDate":"1937","bibliographyDetail":"p. 129-133","comparison":false},{"bibliographyRef":"Bri\u00e8re, Gaston, Mus\u00e9e national du Louvre. Catalogue des peintures expos\u00e9es dans les galeries.\u00a0I.Ecole fran\u00e7aise, Paris, Mus\u00e9es nationaux, 1924","bibliographyDate":"1924","bibliographyDetail":"p. 308","comparison":false},{"bibliographyRef":"Inventaire g\u00e9n\u00e9ral des richesses d\u0027art de la France. Archives du Mus\u00e9e des monuments fran\u00e7ais : Deuxi\u00e8me partie : documents d\u00e9pos\u00e9s aux Archives nationales et provenant du Mus\u00e9e des monuments fran\u00e7ais, t.II, Paris, E. Plon, 1886","bibliographyDate":"1886","bibliographyDetail":"p. 42","comparison":false}],"exhibition":[],"relatedWork":[],"image":[{"urlImage":"https:\/\/collections.louvre.fr\/media\/cache\/large\/0000000021\/0000066652\/0000147655_OG.JPG","urlThumbnail":"https:\/\/collections.louvre.fr\/media\/cache\/small\/0000000021\/0000066652\/0000147655_OG.JPG","copyright":"\u00a9 1997 RMN-Grand Palais (mus\u00e9e du Louvre) \/ Daniel Arnaudet","type":"face, recto, avers, avant ; vue d\u0027ensemble ; vue sans cadre","position":0}]}