{"arkId":"cl010064390","url":"https:\/\/collections.louvre.fr\/ark:\/53355\/cl010064390","modified ":"2022-06-03","title":"Le retour de l\u0027enfant prodigue","titleComplement":"","denominationTitle":"Titre : Le retour de l\u0027enfant prodigue","displayDateCreated":"Date de cr\u00e9ation\/fabrication : 1e quart du XVIIe si\u00e8cle (1600 - 1625)","currentLocation":"Denon, [Peint] Salle 728 (sud) - La peinture \u00e0 G\u00eanes et \u00e0 Naples au 17e si\u00e8cle","room":"Salle 728, Aile Denon, Niveau 1","isMuseesNationauxRecuperation":false,"dateCreated":[{"startYear":1600,"endYear":1625,"imprecision":"","text":"1e quart du XVIIe si\u00e8cle","type":"Date de cr\u00e9ation\/fabrication","doubt":""}],"creator":[{"label":"Spada, Leonello","attributionLevel":"Attribution actuelle","linkType":"","dates":[{"date":"1622","place":"Parme","type":"date de mort"},{"date":"1576","place":"Bologne","type":"date de naissance"}],"creatorRole":"","authenticationType":"","doubt":"","attributedBy":"","attributedYear":"","wikidata":"Q2739274"},{"label":"Italie","attributionLevel":"Attribution actuelle","linkType":"\u00c9cole de","creatorRole":"","authenticationType":"","doubt":"","attributedBy":"","attributedYear":"","wikidata":""}],"objectNumber":[{"value":"INV 677","type":"Num\u00e9ro principal"},{"value":"MR 487","type":"Autre num\u00e9ro d\u0027inventaire"}],"collection":"D\u00e9partement des Peintures","printsDrawingsEntity":"","printsDrawingsCollection":"","objectType":"","originalObject":"","printState":"","description":"","inscriptions":"","namesAndTitles":"","onomastics":"","dimension":[{"type":"Hauteur","value":"1,6","displayDimension":"1,6 m","unit":"m","anteriorPrecision":"","posteriorPrecision":"","tri":1,"note":""},{"type":"Hauteur avec accessoire","value":"1,76","displayDimension":"1,76 m","unit":"m","anteriorPrecision":"","posteriorPrecision":"","tri":2,"note":""},{"type":"Largeur","value":"1,19","displayDimension":"1,19 m","unit":"m","anteriorPrecision":"","posteriorPrecision":"","tri":3,"note":""},{"type":"Largeur avec accessoire","value":"1,3","displayDimension":"1,3 m","unit":"m","anteriorPrecision":"","posteriorPrecision":"","tri":4,"note":""}],"shape":"","materialsAndTechniques":"huile sur toile","placeOfCreation":"","dateOfDiscovery":"","placeOfDiscovery":"","provenance":"","historicalContext":[],"objectHistory":"Collection du duc Alessandro d\u0027Este \u00e0 Rome, 1625 (?) ; conserv\u00e9 au XVIII\u00e8me si\u00e8cle dans la Galerie ducale de Mod\u00e8ne ; pr\u00e9lev\u00e9 par les commissaires de la R\u00e9publique fran\u00e7aise et emport\u00e9 en France, 1796 ; expos\u00e9 au Mus\u00e9e Central des Arts \u00e0 partir de 1798 ; laiss\u00e9 au Louvre lors des restitutions de 1815 ; d\u00e9pos\u00e9 au mus\u00e9e du ch\u00e2teau de Compi\u00e8gne en 1896 et revenu avant 1981.","jabachInventory":"","napoleonInventory":"","previousOwner":[],"acquisitionDetails":[{"mode":"conqu\u00eate militaire","doubt":"","dates":[{"type":"date","value":"1797","startYear":1797,"endYear":1797}]}],"ownedBy":"Etat","heldBy":"Mus\u00e9e du Louvre, D\u00e9partement des Peintures","longTermLoanTo":"","index":{"Category":[{"value":"peinture"}]},"bibliography":[{"bibliographyRef":"Loire, St\u00e9phane, \u00ab XVIIe si\u00e8cle \u00bb, dans Foucart-Walter, \u00c9lisabeth (dir.), Catalogue des peintures italiennes du mus\u00e9e du Louvre. Catalogue sommaire, [Mus\u00e9e du Louvre, D\u00e9partement des peintures], Paris, Mus\u00e9e du Louvre Editions \/ Gallimard, 2007, p. 123-182","bibliographyDate":"2007","bibliographyDetail":"p. 172, ill. n\u0026b","comparison":false},{"bibliographyRef":"Loire, St\u00e9phane, Mus\u00e9e du Louvre. D\u00e9partement des peintures, Ecole italienne. XVIIe si\u00e8cle. I. Bologne, Paris, R.M.N., 1996","bibliographyDate":"1996","bibliographyDetail":"p. 344-346, ill. n\u0026b","comparison":false},{"bibliographyRef":"Lebrun, Jean-Baptiste-Pierre, Examen historique et critique des tableaux expos\u00e9s provisoirement, venant des premier \u0026 second envois de Milan, Cremone, Parme, Plaisance, Mod\u00e8ne, Cento \u0026 Bologne, auquel on a joint le d\u00e9tail de tous les Monuments des Arts qui sont arriv\u00e9s d\u0027Italie, Paris, Desenne, An VI (1797)","bibliographyDate":"","bibliographyDetail":"p. 37, n\u00b0 133","comparison":false}],"exhibition":[{"value":"IL settencento estense, Mod\u00e8ne (Italie), Palazzo dei Musei, 31\/05\/1986 - 31\/10\/1986 "},{"value":"Ducal galleria estense. Le raccolte d\u0027arte di Casa d\u0027Este, Mod\u00e8ne (Externe, Italie), Palazzo dei Musei, 03\/10\/1998 - 13\/12\/1998 "}],"relatedWork":[],"image":[{"urlImage":"https:\/\/collections.louvre.fr\/media\/cache\/large\/0000000021\/0000064390\/0000135439_OG.JPG","urlThumbnail":"https:\/\/collections.louvre.fr\/media\/cache\/small\/0000000021\/0000064390\/0000135439_OG.JPG","copyright":"\u00a9 2009 RMN-Grand Palais (mus\u00e9e du Louvre) \/ St\u00e9phane Mar\u00e9challe","type":"face, recto, avers, avant ; vue d\u0027ensemble ; vue sans cadre","position":0}]}