{"arkId":"cl010062318","url":"https:\/\/collections.louvre.fr\/ark:\/53355\/cl010062318","modified ":"2022-06-03","title":"Le martyre d\u0027une sainte","titleComplement":"","denominationTitle":"Titre : Le martyre d\u0027une sainte","displayDateCreated":"Date de cr\u00e9ation\/fabrication : 1e quart du XVIIe si\u00e8cle (1600 - 1625)","currentLocation":"Denon, [Peint] Salle 729 (sud) - Sassoferrato","room":"Salle 729, Aile Denon, Niveau 1","isMuseesNationauxRecuperation":false,"dateCreated":[{"startYear":1600,"endYear":1625,"imprecision":"","text":"1e quart du XVIIe si\u00e8cle","type":"Date de cr\u00e9ation\/fabrication","doubt":""}],"creator":[{"label":"Nuvolone, Carlo Francesco","attributionLevel":"Attribution actuelle","linkType":"","dates":[{"date":"1662","place":"Milan","type":"date de mort"},{"date":"1609","place":"Cr\u00e9mone ou Mantoue","type":"date de naissance"}],"creatorRole":"","authenticationType":"","doubt":"","attributedBy":"","attributedYear":"","wikidata":"Q951849"},{"label":"Italie","attributionLevel":"Attribution actuelle","linkType":"\u00c9cole de","creatorRole":"","authenticationType":"","doubt":"","attributedBy":"","attributedYear":"","wikidata":""}],"objectNumber":[{"value":"INV 709","type":"Num\u00e9ro principal"},{"value":"MR 533","type":"Autre num\u00e9ro d\u0027inventaire"}],"collection":"D\u00e9partement des Peintures","printsDrawingsEntity":"","printsDrawingsCollection":"","objectType":"","originalObject":"","printState":"","description":"","inscriptions":"","namesAndTitles":"","onomastics":"","dimension":[{"type":"Hauteur","value":"0,51","displayDimension":"0,51 m","unit":"m","anteriorPrecision":"","posteriorPrecision":"","tri":1,"note":""},{"type":"Hauteur avec accessoire","value":"0,74","displayDimension":"0,74 m","unit":"m","anteriorPrecision":"","posteriorPrecision":"","tri":2,"note":""},{"type":"Largeur","value":"0,365","displayDimension":"0,365 m","unit":"m","anteriorPrecision":"","posteriorPrecision":"","tri":3,"note":""},{"type":"Largeur avec accessoire","value":"0,611","displayDimension":"0,611 m","unit":"m","anteriorPrecision":"","posteriorPrecision":"","tri":4,"note":""}],"shape":"","materialsAndTechniques":"huile sur bois","placeOfCreation":"","dateOfDiscovery":"","placeOfDiscovery":"","provenance":"","historicalContext":[],"objectHistory":"Ancienne collection ; expos\u00e9 au Mus\u00e9e royal \u00e0 partir de 1816.","jabachInventory":"","napoleonInventory":"","previousOwner":[],"acquisitionDetails":[{"mode":"ancienne collection","doubt":"","dates":[]}],"ownedBy":"Etat","heldBy":"Mus\u00e9e du Louvre, D\u00e9partement des Peintures","longTermLoanTo":"","index":{"Category":[{"value":"peinture"}]},"bibliography":[{"bibliographyRef":"Loire, St\u00e9phane, \u00ab XVIIe si\u00e8cle \u00bb, dans Foucart-Walter, \u00c9lisabeth (dir.), Catalogue des peintures italiennes du mus\u00e9e du Louvre. Catalogue sommaire, [Mus\u00e9e du Louvre, D\u00e9partement des peintures], Paris, Mus\u00e9e du Louvre Editions \/ Gallimard, 2007, p. 123-182","bibliographyDate":"2007","bibliographyDetail":"p. 156, ill. n\u0026b","comparison":false},{"bibliographyRef":"Loire, St\u00e9phane, Peintures italiennes du XVIIe si\u00e8cle du mus\u00e9e du Louvre : Florence, G\u00eanes, Lombardie, Naples, Rome et Venise, Paris, Gallimard \/ Mus\u00e9e du Louvre Editions, 2006","bibliographyDate":"2006","bibliographyDetail":"p. 243-245, 505, ill. coul.","comparison":false}],"exhibition":[],"relatedWork":[],"image":[{"urlImage":"https:\/\/collections.louvre.fr\/media\/cache\/large\/0000000021\/0000062318\/0000135446_OG.JPG","urlThumbnail":"https:\/\/collections.louvre.fr\/media\/cache\/small\/0000000021\/0000062318\/0000135446_OG.JPG","copyright":"\u00a9 2009 RMN-Grand Palais (mus\u00e9e du Louvre) \/ St\u00e9phane Mar\u00e9challe","type":"face, recto, avers, avant ; vue d\u0027ensemble ; vue sans cadre","position":0},{"urlImage":"https:\/\/collections.louvre.fr\/media\/cache\/original\/0000000021\/0000062318\/0000052170_OG.JPG","urlThumbnail":"https:\/\/collections.louvre.fr\/media\/cache\/small\/0000000021\/0000062318\/0000052170_OG.JPG","copyright":"\u00a9 2004 Mus\u00e9e du Louvre \/ Ang\u00e8le Dequier","type":"face, recto, avers, avant ; vue d\u0027ensemble ; vue avec cadre","position":1}]}