{"arkId":"cl010094796","url":"https:\/\/collections.louvre.fr\/ark:\/53355\/cl010094796","modified ":"2022-06-03","title":"Le G\u00e9nie du Printemps","titleComplement":"","denominationTitle":"Titre : Le G\u00e9nie du Printemps","displayDateCreated":"Date de cr\u00e9ation\/fabrication : 1779","currentLocation":"Richelieu, [SCULPT] Salle 219 - La Petite Galerie de l\u2019Acad\u00e9mie, Vitrine 02 ","room":"Salle 219, Aile Richelieu, Niveau 0","isMuseesNationauxRecuperation":false,"dateCreated":[{"startYear":1779,"endYear":"","imprecision":"","text":"XVIIIe si\u00e8cle","type":"Date de cr\u00e9ation\/fabrication","doubt":""}],"creator":[{"label":"Monot, Martin Claude","attributionLevel":"Attribution actuelle","linkType":"","dates":[{"date":"1733","place":"","type":"date de naissance"},{"date":"1803","place":"","type":"date de mort"}],"creatorRole":"","authenticationType":"","doubt":"","attributedBy":"","attributedYear":"","wikidata":"Q19404687"},{"label":"France","attributionLevel":"Attribution actuelle","linkType":"","creatorRole":"","authenticationType":"","doubt":"","attributedBy":"","attributedYear":"","wikidata":""}],"objectNumber":[{"value":"RF 2985","type":"Num\u00e9ro principal"}],"collection":"D\u00e9partement des Sculptures du Moyen Age, de la Renaissance et des temps modernes","printsDrawingsEntity":"","printsDrawingsCollection":"","objectType":"statuette","originalObject":"","printState":"","description":"","inscriptions":"","namesAndTitles":"","onomastics":"","dimension":[{"type":"Hauteur","value":"0,712","displayDimension":"0,712 m","unit":"m","anteriorPrecision":"","posteriorPrecision":"","tri":1,"note":""},{"type":"Largeur","value":"0,37","displayDimension":"0,37 m","unit":"m","anteriorPrecision":"","posteriorPrecision":"","tri":2,"note":""},{"type":"Profondeur","value":"0,37","displayDimension":"0,37 m","unit":"m","anteriorPrecision":"","posteriorPrecision":"","tri":3,"note":""}],"shape":"","materialsAndTechniques":"marbre","placeOfCreation":"","dateOfDiscovery":"","placeOfDiscovery":"","provenance":"","historicalContext":[],"objectHistory":"Morceau de r\u00e9ception \u00e0 l\u0027Acad\u00e9mie royale de peinture et de sculpture, 28 ao\u00fbt 1779 (mod\u00e8le au Salon de 1771, n\u00b0 273). Collection de l\u0027Acad\u00e9mie. Saisie r\u00e9volutionnaire, ao\u00fbt 1793. Attribu\u00e9 \u00e0 l\u0027\u00c9cole sp\u00e9ciale de peinture et de sculpture, le 19 juin 1798. Plac\u00e9 au mus\u00e9e des Monuments fran\u00e7ais, probablement en mars 1808. Rest\u00e9 dans la salle des Archives de l\u0027\u00c9cole des Beaux-Arts, apr\u00e8s 1816. R\u00e9clam\u00e9 en 1851 pour le Louvre par L\u00e9on de Laborde, conservateur des sculptures. Attribu\u00e9 au Louvre par arr\u00eat\u00e9 du 28 f\u00e9vrier 1866, mais non inscrit sur l\u0027inventaire \u00e0 cette date. Inventori\u00e9 pour r\u00e9gularisation en 1971.","jabachInventory":"","napoleonInventory":"","previousOwner":[],"acquisitionDetails":[{"mode":"attribu\u00e9 au Louvre","doubt":"","dates":[{"type":"date de l\u0027arr\u00eat\u00e9\/d\u00e9cision","value":"28\/02\/1866","startYear":1866,"endYear":1866}]}],"ownedBy":"Etat","heldBy":"Mus\u00e9e du Louvre, D\u00e9partement des Sculptures du Moyen Age, de la Renaissance et des temps modernes","longTermLoanTo":"","index":{"Category":[{"value":"statue, statuette, figurine"},{"value":"sculpture"}],"Materials":[{"value":"mat\u00e9riau d\u0027origine min\u00e9rale"},{"value":"pierre"},{"value":"marbre"}],"Imagery":[{"value":"animal\/plante\/nature morte"},{"value":"litt\u00e9rature\/fantastique"},{"value":"paysage, ph\u00e9nom\u00e8ne naturel, \u00e9l\u00e9ment du cosmos"},{"value":"portrait\/personnage\/nu"},{"value":"religion\/mythologie\/magie\/zodiaque"},{"value":"acad\u00e9mie\/nu"},{"value":"costume\/coiffure\/couronne\/bijou"},{"value":"objet\/instrument\/mobilier\/accessoire"}]},"bibliography":[{"bibliographyRef":"Chancel-Bardelot, B\u00e9atrice de, sous la direction de, Le mus\u00e9e des Monuments fran\u00e7ais d\u0027Alexandre Lenoir, histoire et collections, [INHA \/ Louvre], Paris, Institut National d\u0027Histoire de l\u0027Art, 2014, Disponible sur : \u0026lt;\thttps:\/\/agorha.inha.fr\/inhaprod\/ark:\/54721\/00145\u0026gt; ","bibliographyDate":"2014","bibliographyDetail":"https:\/\/agorha.inha.fr\/inhaprod\/ark:\/54721\/003135314","comparison":false},{"bibliographyRef":"Gaborit, Jean-Ren\u00e9 sous la direction de, Sculpture fran\u00e7aise II - Renaissance et Temps Modernes, vol. 1 et 2, Paris, Editions de la R\u00e9union des mus\u00e9es nationaux, 1998","bibliographyDate":"1998","bibliographyDetail":"p. 499","comparison":false},{"bibliographyRef":"Fontaine, Andr\u00e9, Les collections de l\u0027Acad\u00e9mie royale de peinture et de sculpture, Paris, 1910, r\u00e9\u00e9d. 1930","bibliographyDate":"1930","bibliographyDetail":"p. 185, n\u00b0 431","comparison":false},{"bibliographyRef":"Vitry, Paul, Mus\u00e9e national du Louvre. Catalogue des sculptures du Moyen \u00c2ge, de la Renaissance et des Temps modernes. Premi\u00e8re partie, Moyen \u00c2ge et Renaissance ; deuxi\u00e8me partie, Temps modernes, I, Paris, 1922","bibliographyDate":"1922","bibliographyDetail":"n\u00b0 1423","comparison":false},{"bibliographyRef":"Michel, Andr\u00e9, Mus\u00e9e national du Louvre. Catalogue sommaire des sculptures du Moyen \u00c2ge, de la Renaissance et des Temps Modernes, Paris, 1897","bibliographyDate":"1897","bibliographyDetail":"n\u00b0 768","comparison":false},{"bibliographyRef":"Barbet de Jouy, Henry, Mus\u00e9e national du Louvre. Description des Sculptures du Moyen-Age, de la Renaissance et des Temps modernes, Paris, 1873","bibliographyDate":"1873","bibliographyDetail":"n\u00b0 304 bis","comparison":false},{"bibliographyRef":"Gu\u00e9rin, Nicolas ; Dezallier d\u0027Argenville, Antoine-Nicolas, Descriptions de l\u0027Acad\u00e9mie royale de peinture et de sculpture, Paris, 1725","bibliographyDate":"1725","bibliographyDetail":"p. 154","comparison":false},{"bibliographyRef":"Montaiglon, Anatole de, Proc\u00e8s-verbaux de l\u0027Acad\u00e9mie royale de Peinture et de Sculpture (1648-1792), Paris, Soci\u00e9t\u00e9 d\u0027Histoire de l\u0027art fran\u00e7ais, 1875, 1878, 1880, 1881, 1883, 1885, 1886, 1888, 1889, 1892","bibliographyDate":"","bibliographyDetail":" t. VIII, p. 394","comparison":false}],"exhibition":[],"relatedWork":[],"image":[{"urlImage":"https:\/\/collections.louvre.fr\/media\/cache\/large\/0000000021\/0000094796\/0000260264_OG.JPG","urlThumbnail":"https:\/\/collections.louvre.fr\/media\/cache\/small\/0000000021\/0000094796\/0000260264_OG.JPG","copyright":"\u00a9 2007 Mus\u00e9e du Louvre \/ Pierre Philibert","type":"","position":0},{"urlImage":"https:\/\/collections.louvre.fr\/media\/cache\/large\/0000000021\/0000094796\/0000260265_OG.JPG","urlThumbnail":"https:\/\/collections.louvre.fr\/media\/cache\/small\/0000000021\/0000094796\/0000260265_OG.JPG","copyright":"\u00a9 2007 Mus\u00e9e du Louvre \/ Pierre Philibert","type":"","position":1},{"urlImage":"https:\/\/collections.louvre.fr\/media\/cache\/large\/0000000021\/0000094796\/0000260266_OG.JPG","urlThumbnail":"https:\/\/collections.louvre.fr\/media\/cache\/small\/0000000021\/0000094796\/0000260266_OG.JPG","copyright":"\u00a9 2007 Mus\u00e9e du Louvre \/ Pierre Philibert","type":"","position":2},{"urlImage":"https:\/\/collections.louvre.fr\/media\/cache\/large\/0000000021\/0000094796\/0000260267_OG.JPG","urlThumbnail":"https:\/\/collections.louvre.fr\/media\/cache\/small\/0000000021\/0000094796\/0000260267_OG.JPG","copyright":"\u00a9 2007 Mus\u00e9e du Louvre \/ Pierre Philibert","type":"","position":3},{"urlImage":"https:\/\/collections.louvre.fr\/media\/cache\/large\/0000000021\/0000094796\/0000260268_OG.JPG","urlThumbnail":"https:\/\/collections.louvre.fr\/media\/cache\/small\/0000000021\/0000094796\/0000260268_OG.JPG","copyright":"\u00a9 2007 Mus\u00e9e du Louvre \/ Pierre Philibert","type":"","position":4},{"urlImage":"https:\/\/collections.louvre.fr\/media\/cache\/large\/0000000021\/0000094796\/0000260269_OG.JPG","urlThumbnail":"https:\/\/collections.louvre.fr\/media\/cache\/small\/0000000021\/0000094796\/0000260269_OG.JPG","copyright":"\u00a9 2007 Mus\u00e9e du Louvre \/ Pierre Philibert","type":"","position":5},{"urlImage":"https:\/\/collections.louvre.fr\/media\/cache\/large\/0000000021\/0000094796\/0000260270_OG.JPG","urlThumbnail":"https:\/\/collections.louvre.fr\/media\/cache\/small\/0000000021\/0000094796\/0000260270_OG.JPG","copyright":"\u00a9 2007 Mus\u00e9e du Louvre \/ Pierre Philibert","type":"","position":6},{"urlImage":"https:\/\/collections.louvre.fr\/media\/cache\/large\/0000000021\/0000094796\/0000260271_OG.JPG","urlThumbnail":"https:\/\/collections.louvre.fr\/media\/cache\/small\/0000000021\/0000094796\/0000260271_OG.JPG","copyright":"\u00a9 2007 Mus\u00e9e du Louvre \/ Pierre Philibert","type":"","position":7},{"urlImage":"https:\/\/collections.louvre.fr\/media\/cache\/large\/0000000021\/0000094796\/0000260272_OG.JPG","urlThumbnail":"https:\/\/collections.louvre.fr\/media\/cache\/small\/0000000021\/0000094796\/0000260272_OG.JPG","copyright":"\u00a9 2007 Mus\u00e9e du Louvre \/ Pierre Philibert","type":"","position":8},{"urlImage":"https:\/\/collections.louvre.fr\/media\/cache\/large\/0000000021\/0000094796\/0000260273_OG.JPG","urlThumbnail":"https:\/\/collections.louvre.fr\/media\/cache\/small\/0000000021\/0000094796\/0000260273_OG.JPG","copyright":"\u00a9 2007 Mus\u00e9e du Louvre \/ Pierre Philibert","type":"","position":9},{"urlImage":"https:\/\/collections.louvre.fr\/media\/cache\/large\/0000000021\/0000094796\/0000260274_OG.JPG","urlThumbnail":"https:\/\/collections.louvre.fr\/media\/cache\/small\/0000000021\/0000094796\/0000260274_OG.JPG","copyright":"\u00a9 2007 Mus\u00e9e du Louvre \/ Pierre Philibert","type":"","position":10},{"urlImage":"https:\/\/collections.louvre.fr\/media\/cache\/large\/0000000021\/0000094796\/0000260275_OG.JPG","urlThumbnail":"https:\/\/collections.louvre.fr\/media\/cache\/small\/0000000021\/0000094796\/0000260275_OG.JPG","copyright":"\u00a9 2007 Mus\u00e9e du Louvre \/ Pierre Philibert","type":"","position":11},{"urlImage":"https:\/\/collections.louvre.fr\/media\/cache\/large\/0000000021\/0000094796\/0000260276_OG.JPG","urlThumbnail":"https:\/\/collections.louvre.fr\/media\/cache\/small\/0000000021\/0000094796\/0000260276_OG.JPG","copyright":"\u00a9 2007 Mus\u00e9e du Louvre \/ Pierre Philibert","type":"","position":12},{"urlImage":"https:\/\/collections.louvre.fr\/media\/cache\/large\/0000000021\/0000094796\/0000260277_OG.JPG","urlThumbnail":"https:\/\/collections.louvre.fr\/media\/cache\/small\/0000000021\/0000094796\/0000260277_OG.JPG","copyright":"\u00a9 2007 Mus\u00e9e du Louvre \/ Pierre Philibert","type":"","position":13},{"urlImage":"https:\/\/collections.louvre.fr\/media\/cache\/large\/0000000021\/0000094796\/0000260278_OG.JPG","urlThumbnail":"https:\/\/collections.louvre.fr\/media\/cache\/small\/0000000021\/0000094796\/0000260278_OG.JPG","copyright":"\u00a9 2007 Mus\u00e9e du Louvre \/ Pierre Philibert","type":"","position":14},{"urlImage":"https:\/\/collections.louvre.fr\/media\/cache\/large\/0000000021\/0000094796\/0000264640_OG.JPG","urlThumbnail":"https:\/\/collections.louvre.fr\/media\/cache\/small\/0000000021\/0000094796\/0000264640_OG.JPG","copyright":"\u00a9 1994 Mus\u00e9e du Louvre \/ Pierre Philibert","type":"","position":15},{"urlImage":"https:\/\/collections.louvre.fr\/media\/cache\/original\/0000000021\/0000216349\/0000355908_OG.JPG","urlThumbnail":"https:\/\/collections.louvre.fr\/media\/cache\/small\/0000000021\/0000216349\/0000355908_OG.JPG","copyright":"\u00a9 Mus\u00e9e du Louvre \/ Archives photographiques d\u0027art et d\u0027histoire","type":"","position":16}]}