{"arkId":"cl010095685","url":"https:\/\/collections.louvre.fr\/ark:\/53355\/cl010095685","modified ":"2022-06-03","title":"Rhinoc\u00e9ros attaqu\u00e9 par un tigre","titleComplement":"","denominationTitle":"Titre : Rhinoc\u00e9ros attaqu\u00e9 par un tigre","displayDateCreated":"Date de cr\u00e9ation\/fabrication : 1882","currentLocation":"[SCULPT] Jardin des Tuileries","room":"","isMuseesNationauxRecuperation":false,"dateCreated":[{"startYear":1882,"endYear":"","imprecision":"","text":"XIXe si\u00e8cle","type":"Date de cr\u00e9ation\/fabrication","doubt":""}],"creator":[{"label":"Cain, Auguste Nicolas","attributionLevel":"Attribution actuelle","linkType":"","dates":[{"date":"1822","place":"","type":"date de naissance"},{"date":"1894","place":"","type":"date de mort"}],"creatorRole":"","authenticationType":"","doubt":"","attributedBy":"","attributedYear":"","wikidata":"Q766022"},{"label":"France","attributionLevel":"Attribution actuelle","linkType":"","creatorRole":"","authenticationType":"","doubt":"","attributedBy":"","attributedYear":"","wikidata":""},{"label":"Rolland, A.","attributionLevel":"Attribution actuelle","linkType":"","creatorRole":"Fondeur","authenticationType":"","doubt":"","attributedBy":"","attributedYear":"","wikidata":""}],"objectNumber":[{"value":"TU 56","type":"Num\u00e9ro principal"}],"collection":"Sculptures des jardins","printsDrawingsEntity":"","printsDrawingsCollection":"","objectType":"","originalObject":"","printState":"","description":"","inscriptions":"","namesAndTitles":"","onomastics":"","dimension":[{"type":"Hauteur","value":"1,75","displayDimension":"1,75 m","unit":"m","anteriorPrecision":"","posteriorPrecision":"","tri":1,"note":""},{"type":"Largeur","value":"3,3","displayDimension":"3,3 m","unit":"m","anteriorPrecision":"","posteriorPrecision":"","tri":2,"note":""},{"type":"Profondeur","value":"2","displayDimension":"2 m","unit":"m","anteriorPrecision":"","posteriorPrecision":"","tri":3,"note":""}],"shape":"","materialsAndTechniques":"bronze \u00e0 patine vert","placeOfCreation":"","dateOfDiscovery":"","placeOfDiscovery":"","provenance":"","historicalContext":[],"objectHistory":"","jabachInventory":"","napoleonInventory":"","previousOwner":[],"acquisitionDetails":[],"ownedBy":"Fonds national d\u0027art contemporain (FNAC, Minist\u00e8re de la Culture), FNAC, Puteaux","heldBy":"","longTermLoanTo":"","index":{"Category":[{"value":"statue, statuette, figurine"},{"value":"sculpture"}],"Materials":[{"value":"mat\u00e9riau d\u0027origine min\u00e9rale"},{"value":"m\u00e9tal"},{"value":"alliage"},{"value":"alliage binaire"},{"value":"bronze"}],"technic":[{"value":"patin\u00e9"},{"value":"\u00e0 patine vert"}]},"bibliography":[],"exhibition":[],"relatedWork":[],"image":[{"urlImage":"https:\/\/collections.louvre.fr\/media\/cache\/large\/0000000021\/0000095685\/0000258695_OG.JPG","urlThumbnail":"https:\/\/collections.louvre.fr\/media\/cache\/small\/0000000021\/0000095685\/0000258695_OG.JPG","copyright":"\u00a9 2007 Mus\u00e9e du Louvre \/ Pierre Philibert","type":"","position":0},{"urlImage":"https:\/\/collections.louvre.fr\/media\/cache\/large\/0000000021\/0000095685\/0000258696_OG.JPG","urlThumbnail":"https:\/\/collections.louvre.fr\/media\/cache\/small\/0000000021\/0000095685\/0000258696_OG.JPG","copyright":"\u00a9 2007 Mus\u00e9e du Louvre \/ Pierre Philibert","type":"","position":1},{"urlImage":"https:\/\/collections.louvre.fr\/media\/cache\/large\/0000000021\/0000095685\/0000258697_OG.JPG","urlThumbnail":"https:\/\/collections.louvre.fr\/media\/cache\/small\/0000000021\/0000095685\/0000258697_OG.JPG","copyright":"\u00a9 2007 Mus\u00e9e du Louvre \/ Pierre Philibert","type":"","position":2},{"urlImage":"https:\/\/collections.louvre.fr\/media\/cache\/large\/0000000021\/0000095685\/0000258698_OG.JPG","urlThumbnail":"https:\/\/collections.louvre.fr\/media\/cache\/small\/0000000021\/0000095685\/0000258698_OG.JPG","copyright":"\u00a9 2007 Mus\u00e9e du Louvre \/ Pierre Philibert","type":"","position":3},{"urlImage":"https:\/\/collections.louvre.fr\/media\/cache\/large\/0000000021\/0000095685\/0000258699_OG.JPG","urlThumbnail":"https:\/\/collections.louvre.fr\/media\/cache\/small\/0000000021\/0000095685\/0000258699_OG.JPG","copyright":"\u00a9 2007 Mus\u00e9e du Louvre \/ Pierre Philibert","type":"","position":4},{"urlImage":"https:\/\/collections.louvre.fr\/media\/cache\/large\/0000000021\/0000095685\/0000258700_OG.JPG","urlThumbnail":"https:\/\/collections.louvre.fr\/media\/cache\/small\/0000000021\/0000095685\/0000258700_OG.JPG","copyright":"\u00a9 2007 Mus\u00e9e du Louvre \/ Pierre Philibert","type":"","position":5},{"urlImage":"https:\/\/collections.louvre.fr\/media\/cache\/large\/0000000021\/0000095685\/0000265628_OG.JPG","urlThumbnail":"https:\/\/collections.louvre.fr\/media\/cache\/small\/0000000021\/0000095685\/0000265628_OG.JPG","copyright":"\u00a9 1995 Mus\u00e9e du Louvre \/ Pierre Philibert","type":"","position":6},{"urlImage":"https:\/\/collections.louvre.fr\/media\/cache\/large\/0000000021\/0000095685\/0000265629_OG.JPG","urlThumbnail":"https:\/\/collections.louvre.fr\/media\/cache\/small\/0000000021\/0000095685\/0000265629_OG.JPG","copyright":"\u00a9 1995 Mus\u00e9e du Louvre \/ Pierre Philibert","type":"","position":7},{"urlImage":"https:\/\/collections.louvre.fr\/media\/cache\/large\/0000000021\/0000095685\/0000265630_OG.JPG","urlThumbnail":"https:\/\/collections.louvre.fr\/media\/cache\/small\/0000000021\/0000095685\/0000265630_OG.JPG","copyright":"\u00a9 1995 Mus\u00e9e du Louvre \/ Pierre Philibert","type":"","position":8},{"urlImage":"https:\/\/collections.louvre.fr\/media\/cache\/large\/0000000021\/0000095685\/0000265631_OG.JPG","urlThumbnail":"https:\/\/collections.louvre.fr\/media\/cache\/small\/0000000021\/0000095685\/0000265631_OG.JPG","copyright":"\u00a9 1995 Mus\u00e9e du Louvre \/ Pierre Philibert","type":"","position":9}]}