{"arkId":"cl010092872","url":"https:\/\/collections.louvre.fr\/ark:\/53355\/cl010092872","modified ":"2022-06-03","title":"Girafe","titleComplement":"","denominationTitle":"Titre : Girafe","displayDateCreated":"Date de cr\u00e9ation\/fabrication : avant 1875","currentLocation":"Richelieu, Salle 101 - Petite Galerie","room":"Salle 101, Aile Richelieu, Niveau -1","isMuseesNationauxRecuperation":false,"dateCreated":[{"startYear":1875,"endYear":"","imprecision":"avant","text":"XIXe si\u00e8cle","type":"Date de cr\u00e9ation\/fabrication","doubt":""}],"creator":[{"label":"Barye, Antoine Louis","attributionLevel":"Attribution actuelle","linkType":"","dates":[{"date":"1875","place":"Paris","type":"date de mort"},{"date":"1795","place":"Paris","type":"date de naissance"}],"creatorRole":"","authenticationType":"","doubt":"","attributedBy":"","attributedYear":"","wikidata":"Q451489"},{"label":"France","attributionLevel":"Attribution actuelle","linkType":"","creatorRole":"","authenticationType":"","doubt":"","attributedBy":"","attributedYear":"","wikidata":""}],"objectNumber":[{"value":"RF 238","type":"Num\u00e9ro principal"}],"collection":"D\u00e9partement des Sculptures du Moyen Age, de la Renaissance et des temps modernes","printsDrawingsEntity":"","printsDrawingsCollection":"","objectType":"statuette esquisse","originalObject":"","printState":"","description":"","inscriptions":"","namesAndTitles":"","onomastics":"","dimension":[{"type":"Hauteur","value":"0,212","displayDimension":"0,212 m","unit":"m","anteriorPrecision":"","posteriorPrecision":"","tri":1,"note":""},{"type":"Largeur","value":"0,13","displayDimension":"0,13 m","unit":"m","anteriorPrecision":"","posteriorPrecision":"","tri":2,"note":""},{"type":"Profondeur","value":"0,075","displayDimension":"0,075 m","unit":"m","anteriorPrecision":"","posteriorPrecision":"","tri":3,"note":""},{"type":"Hauteur avec accessoire","value":"0,239","displayDimension":"0,239 m","unit":"m","anteriorPrecision":"","posteriorPrecision":"","tri":6,"note":""},{"type":"Largeur avec accessoire","value":"0,148","displayDimension":"0,148 m","unit":"m","anteriorPrecision":"","posteriorPrecision":"","tri":7,"note":""},{"type":"Profondeur avec accessoire","value":"0,087","displayDimension":"0,087 m","unit":"m","anteriorPrecision":"","posteriorPrecision":"","tri":8,"note":""}],"shape":"","materialsAndTechniques":"cire brun rouge, bois","placeOfCreation":"","dateOfDiscovery":"","placeOfDiscovery":"","provenance":"","historicalContext":[],"objectHistory":"Atelier de Barye. Acquis \u00e0 la vente Barye \u00e0 Paris, les 7-12 f\u00e9vrier 1876, n\u00b0 550.","jabachInventory":"","napoleonInventory":"","previousOwner":[],"acquisitionDetails":[{"mode":"achat en vente publique","doubt":"","dates":[{"type":"date de vente publique","value":"07\/02\/1876","startYear":1876,"endYear":1876}]}],"ownedBy":"Etat","heldBy":"Mus\u00e9e du Louvre, D\u00e9partement des Sculptures du Moyen Age, de la Renaissance et des temps modernes","longTermLoanTo":"","index":{"Category":[{"value":"statue, statuette, figurine"},{"value":"sculpture"}],"Materials":[{"value":"mat\u00e9riau d\u0027origine animale"},{"value":"cire"},{"value":"cire brun rouge"},{"value":"mat\u00e9riau d\u0027origine v\u00e9g\u00e9tale"},{"value":"bois"}],"Imagery":[{"value":"animal\/plante\/nature morte"},{"value":"sc\u00e8ne\/th\u00e8me animalier"}]},"bibliography":[{"bibliographyRef":"Gaborit, Jean-Ren\u00e9 sous la direction de ; Ligot, Jack, sous la direction de, Sculptures en cire de l\u0027ancienne \u00c9gypte \u00e0 l\u0027art abstrait, Paris, 1987","bibliographyDate":"1987","bibliographyDetail":"p. 153-155, n\u00b0 31","comparison":false},{"bibliographyRef":"Hubert, G\u00e9rard ; Serullaz, Maurice (dir.), Barye, sculptures, peintures et aquarelles des collections publiques fran\u00e7aises, cat. exp. (Paris, mus\u00e9e du Louvre, octobre 1956 - f\u00e9vrier 1957), Paris, Editions des mus\u00e9es nationaux, 1956","bibliographyDate":"1956","bibliographyDetail":"n\u00b0 42","comparison":false},{"bibliographyRef":"Vitry, Paul, Mus\u00e9e national du Louvre. Catalogue des sculptures du Moyen \u00c2ge, de la Renaissance et des Temps modernes. Premi\u00e8re partie, Moyen \u00c2ge et Renaissance ; deuxi\u00e8me partie, Temps modernes, I, Paris, 1922","bibliographyDate":"1922","bibliographyDetail":"n\u00b0 945","comparison":false},{"bibliographyRef":"Michel, Andr\u00e9 ; Vitry, Paul, Mus\u00e9e national du Louvre. Catalogue sommaire des sculptures du Moyen \u00c2ge, de la Renaissance et des Temps Modernes. Suppl\u00e9ment, Paris, 1907","bibliographyDate":"1907","bibliographyDetail":"n\u00b0 968","comparison":false}],"exhibition":[],"relatedWork":[],"image":[{"urlImage":"https:\/\/collections.louvre.fr\/media\/cache\/large\/0000000021\/0000092872\/0000991691_OG.JPG","urlThumbnail":"https:\/\/collections.louvre.fr\/media\/cache\/small\/0000000021\/0000092872\/0000991691_OG.JPG","copyright":"\u00a9 2020 RMN-Grand Palais (mus\u00e9e du Louvre) \/ Adrien Didierjean","type":"profil gauche","position":0},{"urlImage":"https:\/\/collections.louvre.fr\/media\/cache\/large\/0000000021\/0000092872\/0000991694_OG.JPG","urlThumbnail":"https:\/\/collections.louvre.fr\/media\/cache\/small\/0000000021\/0000092872\/0000991694_OG.JPG","copyright":"\u00a9 2020 RMN-Grand Palais (mus\u00e9e du Louvre) \/ Adrien Didierjean","type":"profil droit","position":1},{"urlImage":"https:\/\/collections.louvre.fr\/media\/cache\/large\/0000000021\/0000092872\/0000991695_OG.JPG","urlThumbnail":"https:\/\/collections.louvre.fr\/media\/cache\/small\/0000000021\/0000092872\/0000991695_OG.JPG","copyright":"\u00a9 2020 RMN-Grand Palais (mus\u00e9e du Louvre) \/ Adrien Didierjean","type":"trois quarts face","position":2},{"urlImage":"https:\/\/collections.louvre.fr\/media\/cache\/large\/0000000021\/0000092872\/0000991696_OG.JPG","urlThumbnail":"https:\/\/collections.louvre.fr\/media\/cache\/small\/0000000021\/0000092872\/0000991696_OG.JPG","copyright":"\u00a9 2020 RMN-Grand Palais (mus\u00e9e du Louvre) \/ Adrien Didierjean","type":"trois quarts dos","position":3},{"urlImage":"https:\/\/collections.louvre.fr\/media\/cache\/large\/0000000021\/0000092872\/0000204535_OG.JPG","urlThumbnail":"https:\/\/collections.louvre.fr\/media\/cache\/small\/0000000021\/0000092872\/0000204535_OG.JPG","copyright":"\u00a9 2011 Mus\u00e9e du Louvre \/ Sculptures du Moyen Age, de la Renaissance et des temps modernes","type":"","position":4},{"urlImage":"https:\/\/collections.louvre.fr\/media\/cache\/large\/0000000021\/0000092872\/0000255351_OG.JPG","urlThumbnail":"https:\/\/collections.louvre.fr\/media\/cache\/small\/0000000021\/0000092872\/0000255351_OG.JPG","copyright":"\u00a9 2004 Mus\u00e9e du Louvre \/ Pierre Philibert","type":"","position":5},{"urlImage":"https:\/\/collections.louvre.fr\/media\/cache\/large\/0000000021\/0000092872\/0000255352_OG.JPG","urlThumbnail":"https:\/\/collections.louvre.fr\/media\/cache\/small\/0000000021\/0000092872\/0000255352_OG.JPG","copyright":"\u00a9 2004 Mus\u00e9e du Louvre \/ Pierre Philibert","type":"","position":6},{"urlImage":"https:\/\/collections.louvre.fr\/media\/cache\/large\/0000000021\/0000092872\/0000255353_OG.JPG","urlThumbnail":"https:\/\/collections.louvre.fr\/media\/cache\/small\/0000000021\/0000092872\/0000255353_OG.JPG","copyright":"\u00a9 2004 Mus\u00e9e du Louvre \/ Pierre Philibert","type":"","position":7},{"urlImage":"https:\/\/collections.louvre.fr\/media\/cache\/large\/0000000021\/0000092872\/0000255354_OG.JPG","urlThumbnail":"https:\/\/collections.louvre.fr\/media\/cache\/small\/0000000021\/0000092872\/0000255354_OG.JPG","copyright":"\u00a9 2004 Mus\u00e9e du Louvre \/ Pierre Philibert","type":"","position":8},{"urlImage":"https:\/\/collections.louvre.fr\/media\/cache\/large\/0000000021\/0000092872\/0000255514_OG.JPG","urlThumbnail":"https:\/\/collections.louvre.fr\/media\/cache\/small\/0000000021\/0000092872\/0000255514_OG.JPG","copyright":"\u00a9 2004 Mus\u00e9e du Louvre \/ Pierre Philibert","type":"","position":9},{"urlImage":"https:\/\/collections.louvre.fr\/media\/cache\/large\/0000000021\/0000092872\/0000255515_OG.JPG","urlThumbnail":"https:\/\/collections.louvre.fr\/media\/cache\/small\/0000000021\/0000092872\/0000255515_OG.JPG","copyright":"\u00a9 2004 Mus\u00e9e du Louvre \/ Pierre Philibert","type":"","position":10},{"urlImage":"https:\/\/collections.louvre.fr\/media\/cache\/large\/0000000021\/0000092872\/0000255516_OG.JPG","urlThumbnail":"https:\/\/collections.louvre.fr\/media\/cache\/small\/0000000021\/0000092872\/0000255516_OG.JPG","copyright":"\u00a9 2004 Mus\u00e9e du Louvre \/ Pierre Philibert","type":"","position":11},{"urlImage":"https:\/\/collections.louvre.fr\/media\/cache\/large\/0000000021\/0000092872\/0000255517_OG.JPG","urlThumbnail":"https:\/\/collections.louvre.fr\/media\/cache\/small\/0000000021\/0000092872\/0000255517_OG.JPG","copyright":"\u00a9 2004 Mus\u00e9e du Louvre \/ Pierre Philibert","type":"","position":12},{"urlImage":"https:\/\/collections.louvre.fr\/media\/cache\/large\/0000000021\/0000092872\/0000266164_OG.JPG","urlThumbnail":"https:\/\/collections.louvre.fr\/media\/cache\/small\/0000000021\/0000092872\/0000266164_OG.JPG","copyright":"\u00a9 1996 Mus\u00e9e du Louvre \/ Pierre Philibert","type":"","position":13}]}