{"arkId":"cl010092471","url":"https:\/\/collections.louvre.fr\/ark:\/53355\/cl010092471","modified ":"2022-06-03","title":"Napol\u00e9on en triomphateur","titleComplement":"","denominationTitle":"Titre : Napol\u00e9on en triomphateur","displayDateCreated":"Date de cr\u00e9ation\/fabrication : 1806","currentLocation":"Richelieu, [SCULPT] Salle 105 - Cour Puget, Salle 105 - RDC","room":"Salle 105, Aile Richelieu, Niveau -1","isMuseesNationauxRecuperation":false,"dateCreated":[{"startYear":1806,"endYear":"","imprecision":"","text":"XIXe si\u00e8cle","type":"Date de cr\u00e9ation\/fabrication","doubt":""}],"creator":[{"label":"Lemot, Fran\u00e7ois Fr\u00e9d\u00e9ric","attributionLevel":"Attribution actuelle","linkType":"","dates":[{"date":"1772","place":"Lyon","type":"date de naissance"},{"date":"1827","place":"Paris","type":"date de mort"}],"creatorRole":"","authenticationType":"","doubt":"","attributedBy":"","attributedYear":"","wikidata":"Q1233320"},{"label":"France","attributionLevel":"Attribution actuelle","linkType":"","creatorRole":"","authenticationType":"","doubt":"","attributedBy":"","attributedYear":"","wikidata":""}],"objectNumber":[{"value":"MR 3458","type":"Num\u00e9ro principal"}],"collection":"D\u00e9partement des Sculptures du Moyen Age, de la Renaissance et des temps modernes","printsDrawingsEntity":"","printsDrawingsCollection":"","objectType":"statue","originalObject":"","printState":"","description":"","inscriptions":"","namesAndTitles":"","onomastics":"","dimension":[{"type":"Hauteur","value":"2,6","displayDimension":"2,6 m","unit":"m","anteriorPrecision":"","posteriorPrecision":"","tri":1,"note":""},{"type":"Largeur","value":"1,7","displayDimension":"1,7 m","unit":"m","anteriorPrecision":"","posteriorPrecision":"","tri":2,"note":""},{"type":"Poids","value":"3800","displayDimension":"3800 kg","unit":"kg","anteriorPrecision":"","posteriorPrecision":"","tri":4,"note":""}],"shape":"","materialsAndTechniques":"plomb dor\u00e9=dorure","placeOfCreation":"","dateOfDiscovery":"","placeOfDiscovery":"","provenance":"","historicalContext":[],"objectHistory":"Commande de l\u2019Etat en 1806. Install\u00e9 \u00e0 l\u2019\u00e9t\u00e9 1808 au sommet de l\u2019arc du carrousel puis d\u00e9pos\u00e9 \u00e0 partir du 16 ao\u00fbt 1808 et plac\u00e9 \u00e0 partir du 11 septembre 1808 dans l\u2019Orangerie de la Galerie du Louvre. Envoy\u00e9 en 1837 au ch\u00e2teau de Versailles sous la Monarchie de Juillet, puis au ch\u00e2teau de la Malmaison, dans les jardins, de 1932 \u00e0 1993 et au ch\u00e2teau de Fontainebleau jusqu\u2019en 1999. Retour de d\u00e9p\u00f4t en 2000.","jabachInventory":"","napoleonInventory":"","previousOwner":[],"acquisitionDetails":[{"mode":"retour de d\u00e9p\u00f4t","doubt":"","dates":[{"type":"date d\u0027arriv\u00e9e au Mus\u00e9e","value":"2000","startYear":2000,"endYear":2000}]}],"ownedBy":"Etat","heldBy":"Mus\u00e9e du Louvre, D\u00e9partement des Sculptures du Moyen Age, de la Renaissance et des temps modernes","longTermLoanTo":"","index":{"Category":[{"value":"statue, statuette, figurine"},{"value":"sculpture"}],"Materials":[{"value":"mat\u00e9riau d\u0027origine min\u00e9rale"},{"value":"m\u00e9tal"},{"value":"plomb"}],"technic":[{"value":"dor\u00e9=dorure"}]},"bibliography":[{"bibliographyRef":"Louvre Lens : le guide 2017, cat. exp. (Lens, mus\u00e9e du Louvre-Lens, Galerie du temps, 04\/12\/2016-03\/12\/2017), Paris ; Lens, Somogy \u00e9ditions d\u0027art ; Louvre-Lens, 2017","bibliographyDate":"2017","bibliographyDetail":"p. 194-195, fig. 229","comparison":false},{"bibliographyRef":"Napol\u00e9on et le Louvre, cat. exp. (P\u00e9kin (Chine), Cit\u00e9 Interdite - Palais imp\u00e9rial, 04\/04\/2008-02\/07\/2008), P\u00e9kin, The Forbidden City Publishing House, 2008","bibliographyDate":"2008","bibliographyDetail":"p. 220, fi.24","comparison":false},{"bibliographyRef":"The Louvre and the Ancient World, Greek Etruscan, Roman, Egyptian, and Near Eastern Antiquities from the Museum du Louvre, cat. exp. (Atlanta (Etats-Unis), High Museum of Art, 13 oct. 2007 au 5 sept. 2008), Atlanta, High Museum of Art, 2007","bibliographyDate":"2007","bibliographyDetail":"p. 12, fig. 6","comparison":false},{"bibliographyRef":"Kings as Collectors. Paintings, Sculpture and Decorative Arts from the mus\u00e9e du Louvre, cat. exp. (Atlanta (Etats-Unis), High Museum of Art ; Denver (Etats-Unis), Denver Art Museum 26\/01\/2007-06\/01\/2008), Atlanta, 2006","bibliographyDate":"2006","bibliographyDetail":"p. 82-84, n\u00b0 33","comparison":false},{"bibliographyRef":"Laveissi\u00e8re, Sylvain (dir.), Laveissi\u00e8re, Sylvain, Napol\u00e9on et le Louvre, Paris, Fayard \/ Louvre \u00e9ditions, 2004","bibliographyDate":"2004","bibliographyDetail":"p. 52, fig. 60","comparison":false},{"bibliographyRef":"Dupuy, Marie-Anne (dir.), Dominique\u2013Vivant Denon. L\u2019\u0153il de Napol\u00e9on, cat. exp. (Paris, mus\u00e9e du Louvre, 20 octobre 1999 - 17 janvier 2000), Paris, R\u00e9union des mus\u00e9es nationaux, 1999","bibliographyDate":"1999","bibliographyDetail":"n\u00b0 363","comparison":false},{"bibliographyRef":"Hubert, G\u00e9rard ; Ledoux-Lebard, Guy, Napol\u00e9on. Portraits contemporains, bustes et statues, Paris, Arthena, 1999","bibliographyDate":"1999","bibliographyDetail":"p. 163-166, ill. 122,123, 124","comparison":false}],"exhibition":[{"value":"Napol\u00e9on et le Louvre, Moscou (F\u00e9d\u00e9ration de Russie), Mus\u00e9e historique d\u0027 Etat de Moscou, 20\/09\/2010 - 10\/12\/2010 "},{"value":"La Galerie du Temps, Louvre-Lens, 18\/05\/2015 - 04\/12\/2018 "}],"relatedWork":[],"image":[{"urlImage":"https:\/\/collections.louvre.fr\/media\/cache\/original\/0000000021\/0000092471\/0000751876_OG.JPG","urlThumbnail":"https:\/\/collections.louvre.fr\/media\/cache\/small\/0000000021\/0000092471\/0000751876_OG.JPG","copyright":"\u00a9 RMN-Grand Palais (mus\u00e9e du Louvre) \/ Herv\u00e9 Lewandowski","type":"","position":0},{"urlImage":"https:\/\/collections.louvre.fr\/media\/cache\/large\/0000000021\/0000092471\/0000254314_OG.JPG","urlThumbnail":"https:\/\/collections.louvre.fr\/media\/cache\/small\/0000000021\/0000092471\/0000254314_OG.JPG","copyright":"\u00a9 2003 Mus\u00e9e du Louvre \/ Pierre Philibert","type":"","position":1},{"urlImage":"https:\/\/collections.louvre.fr\/media\/cache\/large\/0000000021\/0000092471\/0000254315_OG.JPG","urlThumbnail":"https:\/\/collections.louvre.fr\/media\/cache\/small\/0000000021\/0000092471\/0000254315_OG.JPG","copyright":"\u00a9 2003 Mus\u00e9e du Louvre \/ Pierre Philibert","type":"","position":2},{"urlImage":"https:\/\/collections.louvre.fr\/media\/cache\/large\/0000000021\/0000092471\/0000254316_OG.JPG","urlThumbnail":"https:\/\/collections.louvre.fr\/media\/cache\/small\/0000000021\/0000092471\/0000254316_OG.JPG","copyright":"\u00a9 2003 Mus\u00e9e du Louvre \/ Pierre Philibert","type":"","position":3},{"urlImage":"https:\/\/collections.louvre.fr\/media\/cache\/large\/0000000021\/0000092471\/0000254317_OG.JPG","urlThumbnail":"https:\/\/collections.louvre.fr\/media\/cache\/small\/0000000021\/0000092471\/0000254317_OG.JPG","copyright":"\u00a9 2003 Mus\u00e9e du Louvre \/ Pierre Philibert","type":"","position":4},{"urlImage":"https:\/\/collections.louvre.fr\/media\/cache\/original\/0000000021\/0000092471\/0000751877_OG.JPG","urlThumbnail":"https:\/\/collections.louvre.fr\/media\/cache\/small\/0000000021\/0000092471\/0000751877_OG.JPG","copyright":"\u00a9 RMN-Grand Palais (mus\u00e9e du Louvre) \/ Herv\u00e9 Lewandowski","type":"","position":5},{"urlImage":"https:\/\/collections.louvre.fr\/media\/cache\/original\/0000000021\/0000092471\/0000751878_OG.JPG","urlThumbnail":"https:\/\/collections.louvre.fr\/media\/cache\/small\/0000000021\/0000092471\/0000751878_OG.JPG","copyright":"\u00a9 RMN-Grand Palais (mus\u00e9e du Louvre) \/ Herv\u00e9 Lewandowski","type":"","position":6},{"urlImage":"https:\/\/collections.louvre.fr\/media\/cache\/original\/0000000021\/0000092471\/0000751879_OG.JPG","urlThumbnail":"https:\/\/collections.louvre.fr\/media\/cache\/small\/0000000021\/0000092471\/0000751879_OG.JPG","copyright":"\u00a9 RMN-Grand Palais (mus\u00e9e du Louvre) \/ Herv\u00e9 Lewandowski","type":"","position":7},{"urlImage":"https:\/\/collections.louvre.fr\/media\/cache\/original\/0000000021\/0000092471\/0000751880_OG.JPG","urlThumbnail":"https:\/\/collections.louvre.fr\/media\/cache\/small\/0000000021\/0000092471\/0000751880_OG.JPG","copyright":"\u00a9 RMN-Grand Palais (mus\u00e9e du Louvre) \/ Herv\u00e9 Lewandowski","type":"","position":8}]}