{"arkId":"cl010112447","url":"https:\/\/collections.louvre.fr\/ark:\/53355\/cl010112447","modified ":"2022-06-03","title":"Les quatre Saisons : Automne","titleComplement":"","denominationTitle":"Titre : Les quatre Saisons : Automne","displayDateCreated":"","currentLocation":"Sully, [OArt] Salle 610 - Marie Leszczynska","room":"Salle 610, Aile Sully, Niveau 1","isMuseesNationauxRecuperation":false,"dateCreated":[],"creator":[{"label":"Manufacture de Meissen","attributionLevel":"Attribution actuelle","linkType":"","creatorRole":"","authenticationType":"","doubt":"","attributedBy":"","attributedYear":"","wikidata":"Q76941091"}],"objectNumber":[{"value":"OA 8058","type":"Num\u00e9ro principal"}],"collection":"D\u00e9partement des Objets d\u0027art du Moyen Age, de la Renaissance et des temps modernes","printsDrawingsEntity":"","printsDrawingsCollection":"","objectType":"statue, statuette, figurine","originalObject":"","printState":"","description":"","inscriptions":"","namesAndTitles":"","onomastics":"","dimension":[{"type":"Hauteur avec accessoire","value":"28","displayDimension":"28 cm","unit":"cm","anteriorPrecision":"","posteriorPrecision":"","tri":1,"note":""},{"type":"Largeur avec accessoire","value":"10,5","displayDimension":"10,5 cm","unit":"cm","anteriorPrecision":"","posteriorPrecision":"","tri":2,"note":""},{"type":"Profondeur avec accessoire","value":"11,1","displayDimension":"11,1 cm","unit":"cm","anteriorPrecision":"","posteriorPrecision":"","tri":3,"note":""}],"shape":"","materialsAndTechniques":"Mat\u00e9riau : porcelaine dure\nTechnique : techniques c\u00e9ramique","placeOfCreation":"","dateOfDiscovery":"","placeOfDiscovery":"","provenance":"","historicalContext":[],"objectHistory":"","jabachInventory":"","napoleonInventory":"","previousOwner":[],"acquisitionDetails":[{"mode":"legs","doubt":"","dates":[{"type":"date","value":"1929","startYear":1929,"endYear":1929}]}],"ownedBy":"Etat","heldBy":"Mus\u00e9e du Louvre, D\u00e9partement des Objets d\u0027art du Moyen Age, de la Renaissance et des temps modernes","longTermLoanTo":"","index":{"Category":[{"value":"statue, statuette, figurine"}],"objectType":[{"value":"statue, statuette, figurine"}]},"bibliography":[],"exhibition":[{"value":"Madame de Pompadour et les arts, Versailles (France), Ch\u00e2teau - Domaine national de Versailles, 13\/02\/2002 - 19\/05\/2002, \u00e9tape d\u0027une exposition itin\u00e9rante "},{"value":"Contes d\u0027hiver. Repr\u00e9sentation de l\u0027hiver dans l\u0027art europ\u00e9en de Pieter Bruegel l\u0027Ancien \u00e0 Joseph Beuys, Vienne (Autriche), Kunsthistorisches Museum, 17\/10\/2011 - 08\/01\/2012, \u00e9tape d\u0027une exposition itin\u00e9rante "},{"value":"Madame de Pompadour et les arts, Munich (Allemagne), Kunsthalle der Hypo-Kulturstiftung, 13\/06\/2002 - 15\/09\/2002, \u00e9tape d\u0027une exposition itin\u00e9rante "}],"relatedWork":[{"objectUrl":"https:\/\/collections.louvre.fr\/ark:\/53355\/cl010110091","type":"El\u00e9ment d\u0027un ensemble"},{"objectUrl":"https:\/\/collections.louvre.fr\/ark:\/53355\/cl010113639","type":"El\u00e9ment d\u0027un ensemble"},{"objectUrl":"https:\/\/collections.louvre.fr\/ark:\/53355\/cl010114544","type":"El\u00e9ment d\u0027un ensemble"}],"image":[{"urlImage":"https:\/\/collections.louvre.fr\/media\/cache\/original\/0000000021\/0000112447\/0000181713_OG.JPG","urlThumbnail":"https:\/\/collections.louvre.fr\/media\/cache\/small\/0000000021\/0000112447\/0000181713_OG.JPG","copyright":"\u00a9 1983 RMN-Grand Palais (mus\u00e9e du Louvre) \/ Photographe inconnu","type":"","position":0},{"urlImage":"https:\/\/collections.louvre.fr\/media\/cache\/original\/0000000021\/0000112447\/0000181712_OG.JPG","urlThumbnail":"https:\/\/collections.louvre.fr\/media\/cache\/small\/0000000021\/0000112447\/0000181712_OG.JPG","copyright":"\u00a9 1983 RMN-Grand Palais (mus\u00e9e du Louvre) \/ Photographe Inconnu","type":"","position":1}]}