{"arkId":"cl010089420","url":"https:\/\/collections.louvre.fr\/ark:\/53355\/cl010089420","modified ":"2022-06-03","title":"La reddition de Pampelune","titleComplement":"","denominationTitle":"Titre : La reddition de Pampelune","displayDateCreated":"Date de cr\u00e9ation\/fabrication : 1828","currentLocation":"Hall Charles V","room":"Aile Hall Charles V, Niveau ","isMuseesNationauxRecuperation":false,"dateCreated":[{"startYear":1828,"endYear":"","imprecision":"","text":"XIXe si\u00e8cle","type":"Date de cr\u00e9ation\/fabrication","doubt":""}],"creator":[{"label":"Raggi, Nicolas Bernard","attributionLevel":"Attribution actuelle","linkType":"","dates":[{"date":"1791","place":"","type":"date de naissance"},{"date":"1862","place":"","type":"date de mort"}],"creatorRole":"","authenticationType":"","doubt":"","attributedBy":"","attributedYear":"","wikidata":"Q3340717"},{"label":"France","attributionLevel":"Attribution actuelle","linkType":"","creatorRole":"","authenticationType":"","doubt":"","attributedBy":"","attributedYear":"","wikidata":""}],"objectNumber":[{"value":"CC 258","type":"Num\u00e9ro principal"}],"collection":"D\u00e9partement des Sculptures du Moyen Age, de la Renaissance et des temps modernes","printsDrawingsEntity":"","printsDrawingsCollection":"","objectType":"bas-relief","originalObject":"","printState":"","description":"","inscriptions":"","namesAndTitles":"","onomastics":"","dimension":[{"type":"Hauteur","value":"1,95","displayDimension":"1,95 m","unit":"m","anteriorPrecision":"","posteriorPrecision":"","tri":1,"note":""},{"type":"Largeur","value":"2,64","displayDimension":"2,64 m","unit":"m","anteriorPrecision":"","posteriorPrecision":"","tri":2,"note":""},{"type":"Profondeur","value":"0,265","displayDimension":"0,265 m","unit":"m","anteriorPrecision":"","posteriorPrecision":"","tri":3,"note":""}],"shape":"","materialsAndTechniques":"marbre","placeOfCreation":"","dateOfDiscovery":"","placeOfDiscovery":"","provenance":"","historicalContext":[],"objectHistory":"Command\u00e9 par le minist\u00e8re de la Maison du Roi, le 18 novembre 1828 (mod\u00e8le command\u00e9 le 10 mars 1824 pour le nouveau d\u00e9cor de l\u0027arc de triomphe du Carrousel). Livr\u00e9 au Louvre le 5 janvier 1831.","jabachInventory":"","napoleonInventory":"","previousOwner":[],"acquisitionDetails":[],"ownedBy":"Etat","heldBy":"Mus\u00e9e du Louvre, D\u00e9partement des Sculptures du Moyen Age, de la Renaissance et des temps modernes","longTermLoanTo":"","index":{"Category":[{"value":"relief"},{"value":"sculpture"}],"Materials":[{"value":"mat\u00e9riau d\u0027origine min\u00e9rale"},{"value":"pierre"},{"value":"marbre"}],"Imagery":[{"value":"guerre\/combat\/chasse"},{"value":"portrait\/personnage\/nu"},{"value":"sc\u00e8ne historique"},{"value":"guerrier\/homme arm\u00e9"},{"value":"personnage europ\u00e9en"}]},"bibliography":[{"bibliographyRef":"Hubert, G\u00e9rard, \u00ab L\u0027art fran\u00e7ais au service de la Restauration. A propos des \u00e9paves de l\u0027Arc du Carrousel consrv\u00e9es au Louvre \u00bb, La Revue des arts, 1955, 209-216","bibliographyDate":"1955","bibliographyDetail":"p. 212-216","comparison":false}],"exhibition":[],"relatedWork":[],"image":[{"urlImage":"https:\/\/collections.louvre.fr\/media\/cache\/large\/0000000021\/0000089420\/0000349367_OG.JPG","urlThumbnail":"https:\/\/collections.louvre.fr\/media\/cache\/small\/0000000021\/0000089420\/0000349367_OG.JPG","copyright":"\u00a9 1986 RMN-Grand Palais (mus\u00e9e du Louvre)","type":"","position":0}]}