{"arkId":"cl010091398","url":"https:\/\/collections.louvre.fr\/ark:\/53355\/cl010091398","modified ":"2022-06-03","title":"Alexandre combattant","titleComplement":"","denominationTitle":"Titre : Alexandre combattant","displayDateCreated":"Date de cr\u00e9ation\/fabrication : 1800 - 1900","currentLocation":"[SCULPT] Jardin des Tuileries","room":"","isMuseesNationauxRecuperation":false,"dateCreated":[{"startYear":1800,"endYear":1900,"imprecision":"","text":"XIXe si\u00e8cle","type":"Date de cr\u00e9ation\/fabrication","doubt":""}],"creator":[{"label":"Nanteuil, Charles Fran\u00e7ois","attributionLevel":"Attribution actuelle","linkType":"","dates":[{"date":"1792","place":"","type":"date de naissance"},{"date":"1865","place":"","type":"date de mort"}],"creatorRole":"","authenticationType":"","doubt":"","attributedBy":"","attributedYear":"","wikidata":"Q2343714"},{"label":"France","attributionLevel":"Attribution actuelle","linkType":"","creatorRole":"","authenticationType":"","doubt":"","attributedBy":"","attributedYear":"","wikidata":""}],"objectNumber":[{"value":"LP 1202","type":"Num\u00e9ro principal"}],"collection":"Sculptures des jardins","printsDrawingsEntity":"","printsDrawingsCollection":"","objectType":"","originalObject":"","printState":"","description":"","inscriptions":"","namesAndTitles":"","onomastics":"","dimension":[{"type":"Hauteur","value":"1,95","displayDimension":"1,95 m","unit":"m","anteriorPrecision":"","posteriorPrecision":"","tri":1,"note":""},{"type":"Largeur","value":"2","displayDimension":"2 m","unit":"m","anteriorPrecision":"","posteriorPrecision":"","tri":2,"note":""},{"type":"Profondeur","value":"0,78","displayDimension":"0,78 m","unit":"m","anteriorPrecision":"","posteriorPrecision":"","tri":3,"note":""}],"shape":"","materialsAndTechniques":"marbre","placeOfCreation":"","dateOfDiscovery":"","placeOfDiscovery":"","provenance":"","historicalContext":[],"objectHistory":"","jabachInventory":"","napoleonInventory":"","previousOwner":[],"acquisitionDetails":[],"ownedBy":"Etat","heldBy":"Mus\u00e9e du Louvre, D\u00e9partement des Sculptures du Moyen Age, de la Renaissance et des temps modernes","longTermLoanTo":"","index":{"Category":[{"value":"statue, statuette, figurine"},{"value":"sculpture"}],"Materials":[{"value":"mat\u00e9riau d\u0027origine min\u00e9rale"},{"value":"pierre"},{"value":"marbre"}]},"bibliography":[],"exhibition":[],"relatedWork":[],"image":[{"urlImage":"https:\/\/collections.louvre.fr\/media\/cache\/large\/0000000021\/0000091398\/0000258774_OG.JPG","urlThumbnail":"https:\/\/collections.louvre.fr\/media\/cache\/small\/0000000021\/0000091398\/0000258774_OG.JPG","copyright":"\u00a9 2007 Mus\u00e9e du Louvre \/ Pierre Philibert","type":"","position":0},{"urlImage":"https:\/\/collections.louvre.fr\/media\/cache\/large\/0000000021\/0000091398\/0000268674_OG.JPG","urlThumbnail":"https:\/\/collections.louvre.fr\/media\/cache\/small\/0000000021\/0000091398\/0000268674_OG.JPG","copyright":"\u00a9 2007 Mus\u00e9e du Louvre \/ Pierre Philibert","type":"","position":1},{"urlImage":"https:\/\/collections.louvre.fr\/media\/cache\/large\/0000000021\/0000091398\/0000258771_OG.JPG","urlThumbnail":"https:\/\/collections.louvre.fr\/media\/cache\/small\/0000000021\/0000091398\/0000258771_OG.JPG","copyright":"\u00a9 2007 Mus\u00e9e du Louvre \/ Pierre Philibert","type":"","position":2},{"urlImage":"https:\/\/collections.louvre.fr\/media\/cache\/large\/0000000021\/0000091398\/0000258772_OG.JPG","urlThumbnail":"https:\/\/collections.louvre.fr\/media\/cache\/small\/0000000021\/0000091398\/0000258772_OG.JPG","copyright":"\u00a9 2007 Mus\u00e9e du Louvre \/ Pierre Philibert","type":"","position":3},{"urlImage":"https:\/\/collections.louvre.fr\/media\/cache\/large\/0000000021\/0000091398\/0000258773_OG.JPG","urlThumbnail":"https:\/\/collections.louvre.fr\/media\/cache\/small\/0000000021\/0000091398\/0000258773_OG.JPG","copyright":"\u00a9 2007 Mus\u00e9e du Louvre \/ Pierre Philibert","type":"","position":4},{"urlImage":"https:\/\/collections.louvre.fr\/media\/cache\/large\/0000000021\/0000091398\/0000264684_OG.JPG","urlThumbnail":"https:\/\/collections.louvre.fr\/media\/cache\/small\/0000000021\/0000091398\/0000264684_OG.JPG","copyright":"\u00a9 1994 Mus\u00e9e du Louvre \/ Pierre Philibert","type":"","position":5},{"urlImage":"https:\/\/collections.louvre.fr\/media\/cache\/large\/0000000021\/0000091398\/0000264685_OG.JPG","urlThumbnail":"https:\/\/collections.louvre.fr\/media\/cache\/small\/0000000021\/0000091398\/0000264685_OG.JPG","copyright":"\u00a9 1994 Mus\u00e9e du Louvre \/ Pierre Philibert","type":"","position":6},{"urlImage":"https:\/\/collections.louvre.fr\/media\/cache\/large\/0000000021\/0000091398\/0000264686_OG.JPG","urlThumbnail":"https:\/\/collections.louvre.fr\/media\/cache\/small\/0000000021\/0000091398\/0000264686_OG.JPG","copyright":"\u00a9 1994 Mus\u00e9e du Louvre \/ Pierre Philibert","type":"","position":7},{"urlImage":"https:\/\/collections.louvre.fr\/media\/cache\/large\/0000000021\/0000091398\/0000264687_OG.JPG","urlThumbnail":"https:\/\/collections.louvre.fr\/media\/cache\/small\/0000000021\/0000091398\/0000264687_OG.JPG","copyright":"\u00a9 1994 Mus\u00e9e du Louvre \/ Pierre Philibert","type":"","position":8}]}