{"arkId":"cl010065576","url":"https:\/\/collections.louvre.fr\/ark:\/53355\/cl010065576","modified ":"2022-06-03","title":"Portement de croix","titleComplement":"","denominationTitle":"Titre : Portement de croix","displayDateCreated":"Date de cr\u00e9ation\/fabrication : 1e quart du XVe si\u00e8cle (1400 - 1425)","currentLocation":"Richelieu, [Peint] Salle 835 - La peinture au 14e si\u00e8cle \/ Le style gothique international, Salle 835 - Le style gothique international","room":"Salle 835, Aile Richelieu, Niveau 2","isMuseesNationauxRecuperation":false,"dateCreated":[{"startYear":1400,"endYear":1425,"imprecision":"","text":"1e quart du XVe si\u00e8cle","type":"Date de cr\u00e9ation\/fabrication","doubt":""}],"creator":[{"label":"Hesdin, Jacquemart","attributionLevel":"Attribution actuelle","linkType":"","creatorRole":"","authenticationType":"","doubt":"","attributedBy":"","attributedYear":"","wikidata":"Q2211325"},{"label":"France","attributionLevel":"Attribution actuelle","linkType":"\u00c9cole de","creatorRole":"","authenticationType":"","doubt":"","attributedBy":"","attributedYear":"","wikidata":""}],"objectNumber":[{"value":"RF 2835","type":"Num\u00e9ro principal"}],"collection":"D\u00e9partement des Peintures","printsDrawingsEntity":"","printsDrawingsCollection":"","objectType":"","originalObject":"","printState":"","description":"Miniature sur v\u00e9lin, coll\u00e9e sur toile. Foule d\u0027 hommes avec croix et \u00e9tendards, d\u0027enfants et de femmes applaudissant au passage des croix le long d\u0027un ch\u00e2teau.","inscriptions":"","namesAndTitles":"","onomastics":"","dimension":[{"type":"Hauteur","value":"0,38","displayDimension":"0,38 m","unit":"m","anteriorPrecision":"","posteriorPrecision":"","tri":1,"note":""},{"type":"Largeur","value":"0,283","displayDimension":"0,283 m","unit":"m","anteriorPrecision":"","posteriorPrecision":"","tri":3,"note":""}],"shape":"","materialsAndTechniques":"gouache sur v\u00e9lin coll\u00e9 sur toile","placeOfCreation":"","dateOfDiscovery":"","placeOfDiscovery":"","provenance":"","historicalContext":[],"objectHistory":"Feuillet provenant sans doute des \u0022Grandes heures\u0022 du duc de Berry, termin\u00e9es en 1409 ( Bibl.Nationale, Paris); Acquis en 1930","jabachInventory":"","napoleonInventory":"","previousOwner":[],"acquisitionDetails":[{"mode":"achat","doubt":"","dates":[{"type":"date","value":"1930","startYear":1930,"endYear":1930}]}],"ownedBy":"Etat","heldBy":"Mus\u00e9e du Louvre, D\u00e9partement des Peintures","longTermLoanTo":"","index":{"Category":[{"value":"peinture"}],"Imagery":[{"value":"architecture\/jardin"},{"value":"religion\/mythologie\/magie\/zodiaque"},{"value":"architecture palatiale\/grande demeure"},{"value":"divinit\u00e9\/Trinit\u00e9 chr\u00e9tienne"},{"value":"sc\u00e8ne\/culte\/personnage chr\u00e9tien"},{"value":"objet\/instrument\/mobilier\/accessoire"}]},"bibliography":[{"bibliographyRef":"Museum Boijmans Van Beuningen (dir.), The Road to Van Eyck, cat. exp. (Rotterdam, Museum Boijmans Van Beuningen, 13 octobre 2012 - 10 f\u00e9vrier 2013), 2012","bibliographyDate":"2012","bibliographyDetail":"p. 51, ill. coul., n\u00b02","comparison":false},{"bibliographyRef":"D\u00fcckers, Rob ; Roelofs, Pieter (dir.), The Limbourg Brothers. Nijmegen Masters at the French Court 1400-1416, cat. exp. (Nim\u00e8gue (Pays Bas), Museum Het Valkhof, 28 ao\u00fbt - 20 novembre 2005), Nijmagen, Ludion \/ Museum Het Valkhof, 2005","bibliographyDate":"2005","bibliographyDetail":"p. 390-391, ill. coul., cat. 111","comparison":false},{"bibliographyRef":"Compin, Isabelle ; Roquebert, Anne, Catalogue sommaire illustr\u00e9 des peintures du mus\u00e9e du Louvre et du mus\u00e9e d\u0027Orsay.\u00a0III. Ecole fran\u00e7aise, A-K, Paris, R.M.N., 1986","bibliographyDate":"1986","bibliographyDetail":"p. 328, ill. n\u0026b","comparison":false},{"bibliographyRef":"Compin, Isabelle ; Reynaud, Nicole, Catalogue des peintures du mus\u00e9e du Louvre.\u00a0I,\u00a0Ecole fran\u00e7aise, Paris, R.M.N., 1972","bibliographyDate":"1972","bibliographyDetail":"p. 215","comparison":false},{"bibliographyRef":"Sterling, Charles ; Adh\u00e9mar, H\u00e9l\u00e8ne, Mus\u00e9e national du Louvre. Peintures. Ecole fran\u00e7aise. XIVe, XVe et XVIe si\u00e8cles, Paris, Mus\u00e9es nationaux, 1965","bibliographyDate":"1965","bibliographyDetail":"n\u00b04","comparison":false}],"exhibition":[{"value":"Les fr\u00e8res de Limbourg, les ma\u00eetres de Nimegue a la cour de France, Nim\u00e8gue (Pays Bas), Museum Het Valkhof, 25\/08\/2005 - 20\/11\/2005 "},{"value":"Paris 1400. Les arts sous Charles VI, Napol\u00e9on, Exposition Temporaire sous pyramide, 23\/03\/2004 - 19\/07\/2004 "}],"relatedWork":[],"image":[{"urlImage":"https:\/\/collections.louvre.fr\/media\/cache\/large\/0000000021\/0000065576\/0000614344_OG.JPG","urlThumbnail":"https:\/\/collections.louvre.fr\/media\/cache\/small\/0000000021\/0000065576\/0000614344_OG.JPG","copyright":"\u00a9 2005 RMN-Grand Palais (mus\u00e9e du Louvre) \/ G\u00e9rard Blot","type":"face, recto, avers, avant ; vue d\u0027ensemble ; vue sans cadre","position":0},{"urlImage":"https:\/\/collections.louvre.fr\/media\/cache\/original\/0000000021\/0000065576\/0000050245_OG.JPG","urlThumbnail":"https:\/\/collections.louvre.fr\/media\/cache\/small\/0000000021\/0000065576\/0000050245_OG.JPG","copyright":"\u00a9 2003 Mus\u00e9e du Louvre \/ Ang\u00e8le Dequier","type":"face, recto, avers, avant ; vue d\u0027ensemble ; vue avec cadre","position":1},{"urlImage":"https:\/\/collections.louvre.fr\/media\/cache\/original\/0000000021\/0000065576\/0000050246_OG.JPG","urlThumbnail":"https:\/\/collections.louvre.fr\/media\/cache\/small\/0000000021\/0000065576\/0000050246_OG.JPG","copyright":"\u00a9 2003 Mus\u00e9e du Louvre \/ Ang\u00e8le Dequier","type":"dos, verso, revers, arri\u00e8re ; vue d\u0027ensemble ; vue avec montage","position":2}]}