{"arkId":"cl010095716","url":"https:\/\/collections.louvre.fr\/ark:\/53355\/cl010095716","modified ":"2022-06-03","title":"Sphinge","titleComplement":"","denominationTitle":"Titre : Sphinge\nAutre titre : Sphinge de Sebastopol\nAutre titre : Butin de Sebastopol","displayDateCreated":"Date de cr\u00e9ation\/fabrication : 1845 - 1845","currentLocation":"[SCULPT] Jardin des Tuileries","room":"","isMuseesNationauxRecuperation":false,"dateCreated":[{"startYear":1845,"endYear":1845,"imprecision":"","text":"XIXe si\u00e8cle (?)","type":"Date de cr\u00e9ation\/fabrication","doubt":""}],"creator":[{"label":"Italie","attributionLevel":"Attribution actuelle","linkType":"","creatorRole":"","authenticationType":"","doubt":"","attributedBy":"","attributedYear":"","wikidata":""},{"label":"Cammi","attributionLevel":"Attribution actuelle","linkType":"Atelier de","creatorRole":"Sculpteur","authenticationType":"bibliographie\/travail de r\u00e9f\u00e9rence","doubt":"","attributedBy":"","attributedYear":"","wikidata":""}],"objectNumber":[{"value":"TU 415 A","type":"Num\u00e9ro principal"}],"collection":"Sculptures des jardins","printsDrawingsEntity":"","printsDrawingsCollection":"","objectType":"","originalObject":"","printState":"","description":"","inscriptions":"","namesAndTitles":"","onomastics":"","dimension":[{"type":"Hauteur","value":"1,4","displayDimension":"1,4 m","unit":"m","anteriorPrecision":"","posteriorPrecision":"","tri":1,"note":""},{"type":"Largeur","value":"0,7","displayDimension":"0,7 m","unit":"m","anteriorPrecision":"","posteriorPrecision":"","tri":2,"note":""},{"type":"Profondeur","value":"1,8","displayDimension":"1,8 m","unit":"m","anteriorPrecision":"","posteriorPrecision":"","tri":3,"note":""}],"shape":"","materialsAndTechniques":"marbre","placeOfCreation":"","dateOfDiscovery":"","placeOfDiscovery":"","provenance":"","historicalContext":[],"objectHistory":"Partie du butin de la guerre de Crim\u00e9e, saisi par le g\u00e9n\u00e9ral P\u00e9lissier \u00e0 la bataille de S\u00e9bastopol en 1855 ; les deux sphinges se trouvaient de part et d\u0027autre de l\u0027escalier ext\u00e9rieur de la biblioth\u00e8que navale de Sebastopol, la face tourn\u00e9e vers le visiteur ; elles ont \u00e9t\u00e9 command\u00e9es \u00e0 Carrare en 1845 ; d\u2019abord expos\u00e9es avec le reste du butin, dans le jardin des Tuileries, derri\u00e8re l\u2019Orangerie ; plac\u00e9es par l\u2019architecte Hector Lefuel \u00e0 l\u0027entr\u00e9e Flore du jardin des Tuileries, en contrebas du nouveau pavillon de Flore, c\u00f4t\u00e9 Ouest, en 1865-1867, sur ordre de Napol\u00e9on III ; les deux sphinges se faisant face ; cette sphinge (dite \u00ab sphinge Ouest \u00bb) a \u00e9t\u00e9 recul\u00e9e vers l\u0027Ouest en 1877 pour la cr\u00e9ation de la rue des Tuileries (actuelle avenue du G\u00e9n\u00e9ral-Lemonnier) ; cette sphinge a \u00e9t\u00e9 atteinte par des tirs pendant la Lib\u00e9ration de Paris en ao\u00fbt 1944 (impacts visibles).","jabachInventory":"","napoleonInventory":"","previousOwner":[],"acquisitionDetails":[{"mode":"conqu\u00eate militaire","doubt":"","dates":[]}],"ownedBy":"Etat","heldBy":"Mus\u00e9e du Louvre, D\u00e9partement des Sculptures du Moyen Age, de la Renaissance et des temps modernes","longTermLoanTo":"","index":{"Category":[{"value":"statue, statuette, figurine"},{"value":"sculpture"}],"Materials":[{"value":"mat\u00e9riau d\u0027origine min\u00e9rale"},{"value":"pierre"},{"value":"marbre"}]},"bibliography":[],"exhibition":[],"relatedWork":[],"image":[{"urlImage":"https:\/\/collections.louvre.fr\/media\/cache\/large\/0000000021\/0000095716\/0000258903_OG.JPG","urlThumbnail":"https:\/\/collections.louvre.fr\/media\/cache\/small\/0000000021\/0000095716\/0000258903_OG.JPG","copyright":"\u00a9 2007 Mus\u00e9e du Louvre \/ Pierre Philibert","type":"","position":0},{"urlImage":"https:\/\/collections.louvre.fr\/media\/cache\/original\/0000000021\/0000095716\/0000927173_OG.JPG","urlThumbnail":"https:\/\/collections.louvre.fr\/media\/cache\/small\/0000000021\/0000095716\/0000927173_OG.JPG","copyright":"\u00a9 2019 Mus\u00e9e du Louvre \/ Sculptures du Moyen Age, de la Renaissance et des temps modernes","type":"profil droit ; d\u00e9tail","position":1},{"urlImage":"https:\/\/collections.louvre.fr\/media\/cache\/large\/0000000021\/0000095716\/0000258657_OG.JPG","urlThumbnail":"https:\/\/collections.louvre.fr\/media\/cache\/small\/0000000021\/0000095716\/0000258657_OG.JPG","copyright":"\u00a9 2007 Mus\u00e9e du Louvre \/ Pierre Philibert","type":"","position":2},{"urlImage":"https:\/\/collections.louvre.fr\/media\/cache\/large\/0000000021\/0000095716\/0000258904_OG.JPG","urlThumbnail":"https:\/\/collections.louvre.fr\/media\/cache\/small\/0000000021\/0000095716\/0000258904_OG.JPG","copyright":"\u00a9 2007 Mus\u00e9e du Louvre \/ Pierre Philibert","type":"","position":3}]}