{"arkId":"cl010113646","url":"https:\/\/collections.louvre.fr\/ark:\/53355\/cl010113646","modified ":"2022-06-03","title":"Figurine : Jardinier","titleComplement":"","denominationTitle":"Titre : Figurine : Jardinier","displayDateCreated":"","currentLocation":"Sully, [OArt] Salle 610 - Marie Leszczynska","room":"Salle 610, Aile Sully, Niveau 1","isMuseesNationauxRecuperation":false,"dateCreated":[],"creator":[{"label":"Manufacture de Meissen","attributionLevel":"Attribution actuelle","linkType":"","creatorRole":"","authenticationType":"","doubt":"","attributedBy":"","attributedYear":"","wikidata":"Q76941091"},{"label":"K\u00e4ndler, Johann Joachim","attributionLevel":"Attribution actuelle","linkType":"D\u0027apr\u00e8s","dates":[{"date":"1706","place":"Fischbach","type":"date de naissance"},{"date":"1755","place":"Meissen","type":"date de mort"}],"creatorRole":"Peintre sur c\u00e9ramique","authenticationType":"","doubt":"","attributedBy":"","attributedYear":"","wikidata":"Q73593"}],"objectNumber":[{"value":"OA 10991","type":"Num\u00e9ro principal"}],"collection":"D\u00e9partement des Objets d\u0027art du Moyen Age, de la Renaissance et des temps modernes","printsDrawingsEntity":"","printsDrawingsCollection":"","objectType":"statue, statuette, figurine ; statuette ; figurine","originalObject":"","printState":"","description":"","inscriptions":"","namesAndTitles":"","onomastics":"","dimension":[{"type":"Hauteur avec accessoire","value":"12,2","displayDimension":"12,2 cm","unit":"cm","anteriorPrecision":"","posteriorPrecision":"","tri":1,"note":""},{"type":"Largeur avec accessoire","value":"6,5","displayDimension":"6,5 cm","unit":"cm","anteriorPrecision":"","posteriorPrecision":"","tri":2,"note":""},{"type":"Profondeur avec accessoire","value":"5,5","displayDimension":"5,5 cm","unit":"cm","anteriorPrecision":"","posteriorPrecision":"","tri":3,"note":""},{"type":"Diam\u00e8tre","value":"5,5","displayDimension":"5,5 cm","unit":"cm","anteriorPrecision":"","posteriorPrecision":"","tri":12,"note":""}],"shape":"","materialsAndTechniques":"Mat\u00e9riau : porcelaine dure\nTechnique : techniques c\u00e9ramique","placeOfCreation":"","dateOfDiscovery":"","placeOfDiscovery":"","provenance":"","historicalContext":[],"objectHistory":"","jabachInventory":"","napoleonInventory":"","previousOwner":[],"acquisitionDetails":[{"mode":"legs","doubt":"","dates":[{"type":"date","value":"1984","startYear":1984,"endYear":1984}]}],"ownedBy":"Etat","heldBy":"Mus\u00e9e du Louvre, D\u00e9partement des Objets d\u0027art du Moyen Age, de la Renaissance et des temps modernes","longTermLoanTo":"","index":{"Category":[{"value":"statue, statuette, figurine"},{"value":"sculpture"}],"objectType":[{"value":"sculpture"},{"value":"ronde bosse"},{"value":"figurine"},{"value":"statuette"},{"value":"statue, statuette, figurine"}]},"bibliography":[{"bibliographyRef":"Alcouffe, Daniel ; Durand, Jannic ; Gaborit-Chopin, Danielle ; Enn\u00e8s, Pierre ; Lef\u00e9bure, Amaury, Nouvelles acquisitions du d\u00e9partement des Objets d\u0027art : 1980-1984, Paris, R\u00e9union des mus\u00e9es nationaux, 1985","bibliographyDate":"1985","bibliographyDetail":"n\u00b0 64","comparison":false}],"exhibition":[],"relatedWork":[],"image":[{"urlImage":"https:\/\/collections.louvre.fr\/media\/cache\/large\/0000000021\/0000113646\/0000245183_OG.JPG","urlThumbnail":"https:\/\/collections.louvre.fr\/media\/cache\/small\/0000000021\/0000113646\/0000245183_OG.JPG","copyright":"\u00a9 2010 RMN-Grand Palais (mus\u00e9e du Louvre) \/ Martine Beck-Coppola","type":"","position":0},{"urlImage":"https:\/\/collections.louvre.fr\/media\/cache\/large\/0000000021\/0000113646\/0000245184_OG.JPG","urlThumbnail":"https:\/\/collections.louvre.fr\/media\/cache\/small\/0000000021\/0000113646\/0000245184_OG.JPG","copyright":"\u00a9 2010 RMN-Grand Palais (mus\u00e9e du Louvre) \/ Martine Beck-Coppola","type":"","position":1},{"urlImage":"https:\/\/collections.louvre.fr\/media\/cache\/large\/0000000021\/0000113646\/0000245185_OG.JPG","urlThumbnail":"https:\/\/collections.louvre.fr\/media\/cache\/small\/0000000021\/0000113646\/0000245185_OG.JPG","copyright":"\u00a9 2010 RMN-Grand Palais (mus\u00e9e du Louvre) \/ Martine Beck-Coppola","type":"","position":2},{"urlImage":"https:\/\/collections.louvre.fr\/media\/cache\/large\/0000000021\/0000113646\/0000245186_OG.JPG","urlThumbnail":"https:\/\/collections.louvre.fr\/media\/cache\/small\/0000000021\/0000113646\/0000245186_OG.JPG","copyright":"\u00a9 2010 RMN-Grand Palais (mus\u00e9e du Louvre) \/ Martine Beck-Coppola","type":"","position":3},{"urlImage":"https:\/\/collections.louvre.fr\/media\/cache\/large\/0000000021\/0000113646\/0000251645_OG.JPG","urlThumbnail":"https:\/\/collections.louvre.fr\/media\/cache\/small\/0000000021\/0000113646\/0000251645_OG.JPG","copyright":"\u00a9 2010 RMN-Grand Palais (mus\u00e9e du Louvre) \/ Martine Beck-Coppola","type":"","position":4}]}