{"arkId":"cl010092485","url":"https:\/\/collections.louvre.fr\/ark:\/53355\/cl010092485","modified ":"2022-06-03","title":"La Paix","titleComplement":"","denominationTitle":"Titre : La Paix","displayDateCreated":"Date de cr\u00e9ation\/fabrication : 1806","currentLocation":"Richelieu, [SCULPT] Salle 225 - Antoine-Denis Chaudet (1763-1810), le n\u00e9oclassicisme en sculpture \/ James Pradier (1790-1852), Salle 225 - Chaudet","room":"Salle 225, Aile Richelieu, Niveau 0","isMuseesNationauxRecuperation":false,"dateCreated":[{"startYear":1806,"endYear":"","imprecision":"","text":"XIXe si\u00e8cle","type":"Date de cr\u00e9ation\/fabrication","doubt":""}],"creator":[{"label":"Chaudet, Antoine Denis","attributionLevel":"Attribution actuelle","linkType":"","dates":[{"date":"1810","place":"Paris","type":"date de mort"},{"date":"1763","place":"Paris","type":"date de naissance"}],"creatorRole":"","authenticationType":"","doubt":"","attributedBy":"","attributedYear":"","wikidata":"Q601065"},{"label":"France","attributionLevel":"Attribution actuelle","linkType":"","creatorRole":"","authenticationType":"","doubt":"","attributedBy":"","attributedYear":"","wikidata":""},{"label":"Ch\u00e9ret, Louis Jean Baptiste","attributionLevel":"Attribution actuelle","linkType":"","dates":[{"date":"1760","place":"","type":"date de naissance"},{"date":"1832","place":"","type":"date de mort"}],"creatorRole":"Fondeur","authenticationType":"","doubt":"","attributedBy":"","attributedYear":"","wikidata":"Q19243560"}],"objectNumber":[{"value":"MR 3554","type":"Num\u00e9ro principal"}],"collection":"D\u00e9partement des Sculptures du Moyen Age, de la Renaissance et des temps modernes","printsDrawingsEntity":"","printsDrawingsCollection":"","objectType":"statue","originalObject":"","printState":"","description":"","inscriptions":"Inscription :  ; Num\u00e9ros : TU 954 ; TU 1474 (Num\u00e9ro du Palais des Tuileries) ; Signature :  ; Sur la terrasse, \u00e0 gauche: \u0022CHAUDET, SCULPSIT. \/ CHERET, EX ARGENTO FUDIT. \/ VIVANT DENON DIREXIT. \/ ANNO MDCCCVI.\u0022","namesAndTitles":"","onomastics":"","dimension":[{"type":"Hauteur","value":"1,67","displayDimension":"1,67 m","unit":"m","anteriorPrecision":"","posteriorPrecision":"","tri":1,"note":""},{"type":"Largeur","value":"1,08","displayDimension":"1,08 m","unit":"m","anteriorPrecision":"","posteriorPrecision":"","tri":2,"note":""},{"type":"Profondeur","value":"0,84","displayDimension":"0,84 m","unit":"m","anteriorPrecision":"","posteriorPrecision":"","tri":3,"note":""}],"shape":"","materialsAndTechniques":"argent, bronze dor\u00e9=dorure","placeOfCreation":"","dateOfDiscovery":"","placeOfDiscovery":"","provenance":"","historicalContext":[],"objectHistory":"Command\u00e9 en f\u00e9vrier 1803 par Jean-Antoine Chaptal (1756-1832), ministre de l\u0027Int\u00e9rieur. Fondu le 10 mars 1806 avec l\u0027argent des anges du Monument au c\u0153ur de Louis XIII de J. Sarazin, et de ceux du Monument au c\u0153ur de Louis XIV, de Guillaume Ier Coustou provenant de l\u0027\u00e9glise des J\u00e9suites (actuellement Saint-Paul) \u00e0 Paris. March\u00e9 de fonte et ciselure sign\u00e9 le 21 mars 1806 entre le sculpteur, le fondeur et Dominique-Vivant Denon (1747-1825), directeur du mus\u00e9e Napol\u00e9on. Livr\u00e9 le 21 octobre 1806. Plac\u00e9 en 1807 dans les salons de la Paix du palais des Tuileries. Entr\u00e9 au Louvre le 1er mars 1871. D\u00e9pos\u00e9 au mus\u00e9e des Arts d\u00e9coratifs \u00e0 Paris, par autorisation du 9 septembre 1909. D\u00e9pos\u00e9 aux Archives nationales en 1946. Expos\u00e9 au d\u00e9partement des Objets d\u0027art du Louvre, du 20 f\u00e9vrier 1951 \u00e0 1968.","jabachInventory":"","napoleonInventory":"","previousOwner":[],"acquisitionDetails":[{"mode":"entr\u00e9e au Louvre","doubt":"","dates":[{"type":"date d\u0027arriv\u00e9e au Mus\u00e9e","value":"01\/03\/1871","startYear":1871,"endYear":1871}]}],"ownedBy":"Etat","heldBy":"Mus\u00e9e du Louvre, D\u00e9partement des Sculptures du Moyen Age, de la Renaissance et des temps modernes","longTermLoanTo":"","index":{"Category":[{"value":"statue, statuette, figurine"},{"value":"sculpture"}],"Materials":[{"value":"mat\u00e9riau d\u0027origine min\u00e9rale"},{"value":"m\u00e9tal"},{"value":"alliage"},{"value":"alliage binaire"},{"value":"bronze"},{"value":"argent"}],"technic":[{"value":"dor\u00e9=dorure"}],"Imagery":[{"value":"animal\/plante\/nature morte"},{"value":"d\u00e9cor"},{"value":"guerre\/combat\/chasse"},{"value":"litt\u00e9rature\/fantastique"},{"value":"portrait\/personnage\/nu"},{"value":"religion\/mythologie\/magie\/zodiaque"},{"value":"sc\u00e8ne\/th\u00e8me all\u00e9gorique"},{"value":"personnage f\u00e9minin"},{"value":"costume\/coiffure\/couronne\/bijou"},{"value":"objet\/instrument\/mobilier\/accessoire"},{"value":"personnage mythologique"}]},"bibliography":[{"bibliographyRef":"Vauquelin, Mathilde, \u00ab Pierre-Maximilien Delafontaine au mus\u00e9e : sur les traces d\u0027un peintre et bronzier dans les collections publiques fran\u00e7aises \u00bb, La Revue des mus\u00e9es de France. Revue du Louvre, 4, 2019, p. 59-68","bibliographyDate":"2019","bibliographyDetail":"p. 63-64, fig. 10","comparison":false},{"bibliographyRef":"Napol\u00e9on et Paris. R\u00eaves d\u0027une capitale, cat. exp. (Paris (France), Mus\u00e9e Carnavalet, 2015), Paris, Paris Mus\u00e9es, 2015","bibliographyDate":"2015","bibliographyDetail":"p. 138, ill. 139","comparison":false},{"bibliographyRef":"Dion, Anne, Orf\u00e8vrerie fran\u00e7aise du XIX\u00e8me si\u00e8cle. La collection du mus\u00e9e du Louvre, Paris, Somogy - Louvre \u00e9ditions, 2011","bibliographyDate":"2011","bibliographyDetail":"p. 86, n\u00b0 38","comparison":false},{"bibliographyRef":"Napol\u00e9on et le Louvre, cat. exp. (P\u00e9kin (Chine), Cit\u00e9 Interdite - Palais imp\u00e9rial, 04\/04\/2008-02\/07\/2008), P\u00e9kin, The Forbidden City Publishing House, 2008","bibliographyDate":"2008","bibliographyDetail":"p. 182, fig.19","comparison":false},{"bibliographyRef":"Plessen, Marie-Louise von (dir.), Idee Europa : Entw\u00fcrfe zum \u0022Ewigen Frieden\u0022 : Ordnungen und Utopien f\u00fcr die Gestaltung Europas von der pax romana zur Europ\u00e4ischen Union : eine Ausstellung als historische Topographie : Katalogbuch zur gleichnamigen Ausstellung des Deutschen Historichen Museums, Berlin, zur Neuer\u00f6ffnung der Ausstellungshalle von I. M. Pei, cat. exp. (Berlin, Deutsches Historisches Museum, 25 mai-25 ao\u00fbt 2003.), Henschel, cop., 2003","bibliographyDate":"2003","bibliographyDetail":"p. 168, V\/19","comparison":false},{"bibliographyRef":"Bottineau, Yves, Catalogue de l\u0027orf\u00e8vrerie du XVII\u00e8me, du XVIII\u00e8me et du XIX\u00e8me si\u00e8cle, [Mus\u00e9es du Louvre et de Cluny], Paris, Editions des Mus\u00e9es Nationaux, 1958","bibliographyDate":"1958","bibliographyDetail":"n\u00b0 298","comparison":false},{"bibliographyRef":"Vitry, Paul, Mus\u00e9e national du Louvre. Catalogue des sculptures du Moyen \u00c2ge, de la Renaissance et des Temps modernes. Premi\u00e8re partie, Moyen \u00c2ge et Renaissance ; deuxi\u00e8me partie, Temps modernes, I, Paris, 1922","bibliographyDate":"1922","bibliographyDetail":"n\u00b0 1058","comparison":false},{"bibliographyRef":"Michel, Andr\u00e9, Mus\u00e9e national du Louvre. Catalogue sommaire des sculptures du Moyen \u00c2ge, de la Renaissance et des Temps Modernes, Paris, 1897","bibliographyDate":"1897","bibliographyDetail":"n\u00b0 535","comparison":false},{"bibliographyRef":"Barbet de Jouy, Henry, Mus\u00e9e national du Louvre. Description des Sculptures du Moyen-Age, de la Renaissance et des Temps modernes, Paris, 1873","bibliographyDate":"1873","bibliographyDetail":"n\u00b0 314 bis","comparison":false},{"bibliographyRef":"Clarac, Charles Othon Fr\u00e9d\u00e9ric Jean-Baptiste de (Comte de), Mus\u00e9e de sculpture antique et moderne ou description historique et graphique du Louvre et de toutes ses parties, des statues, bustes, bas-reliefs et inscriptions du mus\u00e9e royal des Antiques et des Tuileries [\u2026], Paris, 1841-1853","bibliographyDate":"","bibliographyDetail":"p. 340, n\u00b0 2672 A","comparison":false}],"exhibition":[{"value":"L\u0027id\u00e9e de l\u0027Europe, l\u0027\u00e9tablissement d\u0027une paix eternelle, Berlin (Allemagne), Deutsches Historisches Museum, 24\/05\/2003 - 26\/08\/2003 "}],"relatedWork":[],"image":[{"urlImage":"https:\/\/collections.louvre.fr\/media\/cache\/large\/0000000021\/0000092485\/0000260978_OG.JPG","urlThumbnail":"https:\/\/collections.louvre.fr\/media\/cache\/small\/0000000021\/0000092485\/0000260978_OG.JPG","copyright":"\u00a9 2008 Mus\u00e9e du Louvre \/ Pierre Philibert","type":"","position":0},{"urlImage":"https:\/\/collections.louvre.fr\/media\/cache\/large\/0000000021\/0000092485\/0000260979_OG.JPG","urlThumbnail":"https:\/\/collections.louvre.fr\/media\/cache\/small\/0000000021\/0000092485\/0000260979_OG.JPG","copyright":"\u00a9 2008 Mus\u00e9e du Louvre \/ Pierre Philibert","type":"","position":1},{"urlImage":"https:\/\/collections.louvre.fr\/media\/cache\/large\/0000000021\/0000092485\/0000260980_OG.JPG","urlThumbnail":"https:\/\/collections.louvre.fr\/media\/cache\/small\/0000000021\/0000092485\/0000260980_OG.JPG","copyright":"\u00a9 2008 Mus\u00e9e du Louvre \/ Pierre Philibert","type":"","position":2},{"urlImage":"https:\/\/collections.louvre.fr\/media\/cache\/large\/0000000021\/0000092485\/0000263990_OG.JPG","urlThumbnail":"https:\/\/collections.louvre.fr\/media\/cache\/small\/0000000021\/0000092485\/0000263990_OG.JPG","copyright":"\u00a9 1994 Mus\u00e9e du Louvre \/ Pierre Philibert","type":"","position":3},{"urlImage":"https:\/\/collections.louvre.fr\/media\/cache\/large\/0000000021\/0000092485\/0000263991_OG.JPG","urlThumbnail":"https:\/\/collections.louvre.fr\/media\/cache\/small\/0000000021\/0000092485\/0000263991_OG.JPG","copyright":"\u00a9 1994 Mus\u00e9e du Louvre \/ Pierre Philibert","type":"","position":4},{"urlImage":"https:\/\/collections.louvre.fr\/media\/cache\/large\/0000000021\/0000092485\/0000264004_OG.JPG","urlThumbnail":"https:\/\/collections.louvre.fr\/media\/cache\/small\/0000000021\/0000092485\/0000264004_OG.JPG","copyright":"\u00a9 1994 Mus\u00e9e du Louvre \/ Pierre Philibert","type":"","position":5}]}