{"arkId":"cl010061151","url":"https:\/\/collections.louvre.fr\/ark:\/53355\/cl010061151","modified ":"2022-06-03","title":"La Vierge adorant l\u0027Enfant J\u00e9sus","titleComplement":"","denominationTitle":"Titre : La Vierge adorant l\u0027Enfant J\u00e9sus","displayDateCreated":"Date de cr\u00e9ation\/fabrication : XVIIe si\u00e8cle (1600 - 1700)","currentLocation":"Denon, [Peint] Salle 729 (sud) - Sassoferrato","room":"Salle 729, Aile Denon, Niveau 1","isMuseesNationauxRecuperation":false,"dateCreated":[{"startYear":1600,"endYear":1700,"imprecision":"","text":"XVIIe si\u00e8cle","type":"Date de cr\u00e9ation\/fabrication","doubt":""}],"creator":[{"label":"Sassoferrato (Giovanni Battista Salvi, dit)","attributionLevel":"Attribution actuelle","linkType":"","dates":[{"date":"1685","place":"Rome","type":"date de mort"},{"date":"1609","place":"Sassoferrato","type":"date de naissance"}],"creatorRole":"","authenticationType":"","doubt":"","attributedBy":"","attributedYear":"","wikidata":"Q1345289"},{"label":"Italie","attributionLevel":"Attribution actuelle","linkType":"\u00c9cole de","creatorRole":"","authenticationType":"","doubt":"","attributedBy":"","attributedYear":"","wikidata":""}],"objectNumber":[{"value":"MI 628","type":"Num\u00e9ro principal"},{"value":"Campana 540","type":"Autre num\u00e9ro d\u0027inventaire"}],"collection":"D\u00e9partement des Peintures","printsDrawingsEntity":"","printsDrawingsCollection":"","objectType":"","originalObject":"","printState":"","description":"","inscriptions":"","namesAndTitles":"","onomastics":"","dimension":[{"type":"Hauteur","value":"0,98","displayDimension":"0,98 m","unit":"m","anteriorPrecision":"","posteriorPrecision":"","tri":1,"note":""},{"type":"Hauteur avec accessoire","value":"0,676","displayDimension":"0,676 m","unit":"m","anteriorPrecision":"","posteriorPrecision":"","tri":2,"note":""},{"type":"Largeur","value":"0,73","displayDimension":"0,73 m","unit":"m","anteriorPrecision":"","posteriorPrecision":"","tri":3,"note":""},{"type":"Largeur avec accessoire","value":"0,591","displayDimension":"0,591 m","unit":"m","anteriorPrecision":"","posteriorPrecision":"","tri":4,"note":""}],"shape":"","materialsAndTechniques":"huile sur toile","placeOfCreation":"","dateOfDiscovery":"","placeOfDiscovery":"","provenance":"","historicalContext":[],"objectHistory":"Rome, collection du marquis Pietro Campana (1808-1880), avant 1857-1858 ; acquis du gouvernement pontifical pour le mus\u00e9e Napol\u00e9on III \u00e0 la suite de la banqueroute de Campana, 1861 ; entr\u00e9 au Louvre en 1863 ; d\u00e9pos\u00e9 au ch\u00e2teau de Maisons-Laffitte, 1919-1944 et 1948-1989.","jabachInventory":"","napoleonInventory":"","previousOwner":[],"acquisitionDetails":[{"mode":"achat","doubt":"","dates":[{"type":"date","value":"1863","startYear":1863,"endYear":1863}]}],"ownedBy":"Etat","heldBy":"Mus\u00e9e du Louvre, D\u00e9partement des Peintures","longTermLoanTo":"","index":{"Category":[{"value":"peinture"}]},"bibliography":[{"bibliographyRef":"Loire, St\u00e9phane, \u00ab XVIIe si\u00e8cle \u00bb, dans Foucart-Walter, \u00c9lisabeth (dir.), Catalogue des peintures italiennes du mus\u00e9e du Louvre. Catalogue sommaire, [Mus\u00e9e du Louvre, D\u00e9partement des peintures], Paris, Mus\u00e9e du Louvre Editions \/ Gallimard, 2007, p. 123-182","bibliographyDate":"2007","bibliographyDetail":"p. 170, ill. n\u0026b","comparison":false},{"bibliographyRef":"Loire, St\u00e9phane, Peintures italiennes du XVIIe si\u00e8cle du mus\u00e9e du Louvre : Florence, G\u00eanes, Lombardie, Naples, Rome et Venise, Paris, Gallimard \/ Mus\u00e9e du Louvre Editions, 2006","bibliographyDate":"2006","bibliographyDetail":"p. 350-351, 507, ill. coul.","comparison":false}],"exhibition":[],"relatedWork":[],"image":[{"urlImage":"https:\/\/collections.louvre.fr\/media\/cache\/large\/0000000021\/0000061151\/0000386473_OG.JPG","urlThumbnail":"https:\/\/collections.louvre.fr\/media\/cache\/small\/0000000021\/0000061151\/0000386473_OG.JPG","copyright":"\u00a9 1998 RMN-Grand Palais (mus\u00e9e du Louvre) \/ Daniel Arnaudet","type":"face, recto, avers, avant ; vue d\u0027ensemble ; vue sans cadre","position":0},{"urlImage":"https:\/\/collections.louvre.fr\/media\/cache\/original\/0000000021\/0000061151\/0000054754_OG.JPG","urlThumbnail":"https:\/\/collections.louvre.fr\/media\/cache\/small\/0000000021\/0000061151\/0000054754_OG.JPG","copyright":"\u00a9 2004 Mus\u00e9e du Louvre \/ Ang\u00e8le Dequier","type":"face, recto, avers, avant ; vue d\u0027ensemble ; vue avec cadre","position":1}]}