{"arkId":"cl010089409","url":"https:\/\/collections.louvre.fr\/ark:\/53355\/cl010089409","modified ":"2022-06-03","title":"L\u0027Esp\u00e9rance","titleComplement":"","denominationTitle":"Titre : L\u0027Esp\u00e9rance","displayDateCreated":"Date de cr\u00e9ation\/fabrication : 1826","currentLocation":"Richelieu, [SCULPT] Salle 225 - Antoine-Denis Chaudet (1763-1810), le n\u00e9oclassicisme en sculpture \/ James Pradier (1790-1852), Salle 225 - Chaudet","room":"Salle 225, Aile Richelieu, Niveau 0","isMuseesNationauxRecuperation":false,"dateCreated":[{"startYear":1826,"endYear":"","imprecision":"","text":"XIXe si\u00e8cle","type":"Date de cr\u00e9ation\/fabrication","doubt":""}],"creator":[{"label":"Lemoyne Saint Paul","attributionLevel":"Attribution actuelle","linkType":"","dates":[{"date":"1783","place":"","type":"date de naissance"},{"date":"1873","place":"","type":"date de mort"}],"creatorRole":"","authenticationType":"","doubt":"","attributedBy":"","attributedYear":"","wikidata":"Q3371648"},{"label":"France","attributionLevel":"Attribution actuelle","linkType":"","creatorRole":"","authenticationType":"","doubt":"","attributedBy":"","attributedYear":"","wikidata":""}],"objectNumber":[{"value":"CC 194","type":"Num\u00e9ro principal"}],"collection":"D\u00e9partement des Sculptures du Moyen Age, de la Renaissance et des temps modernes","printsDrawingsEntity":"","printsDrawingsCollection":"","objectType":"statue","originalObject":"","printState":"","description":"","inscriptions":"Signature :  ; Sur le rocher, \u00e0 droite : \u0022P. LEMOYNE \/ Rome 1826\u0022","namesAndTitles":"","onomastics":"","dimension":[{"type":"Hauteur","value":"1,57","displayDimension":"1,57 m","unit":"m","anteriorPrecision":"","posteriorPrecision":"","tri":1,"note":""},{"type":"Largeur","value":"0,73","displayDimension":"0,73 m","unit":"m","anteriorPrecision":"","posteriorPrecision":"","tri":2,"note":""},{"type":"Profondeur","value":"0,43","displayDimension":"0,43 m","unit":"m","anteriorPrecision":"","posteriorPrecision":"","tri":3,"note":""}],"shape":"","materialsAndTechniques":"marbre","placeOfCreation":"","dateOfDiscovery":"","placeOfDiscovery":"","provenance":"","historicalContext":[{"value":"Salon, Salon de 1827, Paris"}],"objectHistory":"Ex\u00e9cut\u00e9e \u00e0 Rome et envoy\u00e9e au Salon de 1827, n\u00b0 1157. Acquise le 3 juin 1828 par le minist\u00e8re de la Maison du Roi. Entr\u00e9e au Louvre le 18 avril 1830. D\u00e9pos\u00e9e au palais du Luxembourg, par arr\u00eat\u00e9 du 28 avril 1830. Rentr\u00e9e au Louvre par arr\u00eat\u00e9 du 14 mai 1984.","jabachInventory":"","napoleonInventory":"","previousOwner":[],"acquisitionDetails":[{"mode":"entr\u00e9e au Louvre","doubt":"","dates":[{"type":"date de l\u0027arr\u00eat\u00e9\/d\u00e9cision","value":"14\/05\/1984","startYear":1984,"endYear":1984}]}],"ownedBy":"Etat","heldBy":"Mus\u00e9e du Louvre, D\u00e9partement des Sculptures du Moyen Age, de la Renaissance et des temps modernes","longTermLoanTo":"","index":{"Category":[{"value":"statue, statuette, figurine"},{"value":"sculpture"}],"Materials":[{"value":"mat\u00e9riau d\u0027origine min\u00e9rale"},{"value":"pierre"},{"value":"marbre"}],"Imagery":[{"value":"animal\/plante\/nature morte"},{"value":"litt\u00e9rature\/fantastique"},{"value":"portrait\/personnage\/nu"},{"value":"religion\/mythologie\/magie\/zodiaque"},{"value":"acad\u00e9mie\/nu"},{"value":"personnage f\u00e9minin"},{"value":"sc\u00e8ne\/culte\/personnage chr\u00e9tien"},{"value":"objet\/instrument\/mobilier\/accessoire"}]},"bibliography":[{"bibliographyRef":"Mus\u00e9e du Louvre. Nouvelles acquisitions du d\u00e9partement des Sculptures (1984-1987), Paris, 1988","bibliographyDate":"1988","bibliographyDetail":"p. 132","comparison":false},{"bibliographyRef":"Le Normand, Antoinette, \u00ab Paul Lemoyne, un sculpteur fran\u00e7ais \u00e0 Rome au XIXe si\u00e8cle \u00bb, Revue de l\u0027Art, 36, 1977, 30-32","bibliographyDate":"1977","bibliographyDetail":"p. 30-32","comparison":false},{"bibliographyRef":"Explication des ouvrages de peinture et de sculpture de l\u0027\u00c9cole moderne de France expos\u00e9s dans le mus\u00e9e royal du Luxembourg, Paris, 1830","bibliographyDate":"1830","bibliographyDetail":"n\u00b0 127","comparison":false}],"exhibition":[],"relatedWork":[],"image":[{"urlImage":"https:\/\/collections.louvre.fr\/media\/cache\/original\/0000000021\/0000089409\/0000945866_OG.JPG","urlThumbnail":"https:\/\/collections.louvre.fr\/media\/cache\/small\/0000000021\/0000089409\/0000945866_OG.JPG","copyright":"\u00a9 1994 RMN-Grand Palais (mus\u00e9e du Louvre) \/ Ren\u00e9-Gabriel Oj\u00e9da","type":"vue d\u0027ensemble ; trois quarts","position":0},{"urlImage":"https:\/\/collections.louvre.fr\/media\/cache\/large\/0000000021\/0000089409\/0000263423_OG.JPG","urlThumbnail":"https:\/\/collections.louvre.fr\/media\/cache\/small\/0000000021\/0000089409\/0000263423_OG.JPG","copyright":"\u00a9 1994 Mus\u00e9e du Louvre \/ Pierre Philibert","type":"","position":1},{"urlImage":"https:\/\/collections.louvre.fr\/media\/cache\/large\/0000000021\/0000089409\/0000263424_OG.JPG","urlThumbnail":"https:\/\/collections.louvre.fr\/media\/cache\/small\/0000000021\/0000089409\/0000263424_OG.JPG","copyright":"\u00a9 1994 Mus\u00e9e du Louvre \/ Pierre Philibert","type":"","position":2},{"urlImage":"https:\/\/collections.louvre.fr\/media\/cache\/large\/0000000021\/0000089409\/0000263425_OG.JPG","urlThumbnail":"https:\/\/collections.louvre.fr\/media\/cache\/small\/0000000021\/0000089409\/0000263425_OG.JPG","copyright":"\u00a9 1994 Mus\u00e9e du Louvre \/ Pierre Philibert","type":"","position":3},{"urlImage":"https:\/\/collections.louvre.fr\/media\/cache\/original\/0000000021\/0000089409\/0000945865_OG.JPG","urlThumbnail":"https:\/\/collections.louvre.fr\/media\/cache\/small\/0000000021\/0000089409\/0000945865_OG.JPG","copyright":"\u00a9 1994 RMN-Grand Palais (mus\u00e9e du Louvre) \/ Ren\u00e9-Gabriel Oj\u00e9da","type":"vue d\u0027ensemble ; face, recto, avers, avant","position":4},{"urlImage":"https:\/\/collections.louvre.fr\/media\/cache\/original\/0000000021\/0000089409\/0000945867_OG.JPG","urlThumbnail":"https:\/\/collections.louvre.fr\/media\/cache\/small\/0000000021\/0000089409\/0000945867_OG.JPG","copyright":"\u00a9 1994 RMN-Grand Palais (mus\u00e9e du Louvre) \/ Ren\u00e9-Gabriel Oj\u00e9da","type":"d\u00e9tail","position":5}]}