{"arkId":"cl010095174","url":"https:\/\/collections.louvre.fr\/ark:\/53355\/cl010095174","modified ":"2022-06-03","title":"Victoire de Brescia","titleComplement":"","denominationTitle":"Titre : Victoire de Brescia","displayDateCreated":"Date de cr\u00e9ation\/fabrication : 1862 (date de la fonte)","currentLocation":"Richelieu, Escalier Colbert - Palie","room":"Escalier Colbert - Palier, Aile Richelieu, Niveau 1","isMuseesNationauxRecuperation":false,"dateCreated":[{"startYear":1862,"endYear":"","imprecision":"","text":"XIXe si\u00e8cle","type":"Date de cr\u00e9ation\/fabrication","doubt":""}],"creator":[{"label":"France","attributionLevel":"Attribution actuelle","linkType":"","creatorRole":"","authenticationType":"","doubt":"","attributedBy":"","attributedYear":"","wikidata":""},{"label":"Eck et Durand","attributionLevel":"Attribution actuelle","linkType":"","creatorRole":"Fondeur","authenticationType":"","doubt":"","attributedBy":"","attributedYear":"","wikidata":""}],"objectNumber":[{"value":"RF 4307","type":"Num\u00e9ro principal"},{"value":"ENT 1990.21","type":"Autre num\u00e9ro d\u0027inventaire"}],"collection":"D\u00e9partement des Sculptures du Moyen Age, de la Renaissance et des temps modernes","printsDrawingsEntity":"","printsDrawingsCollection":"","objectType":"statue","originalObject":"","printState":"","description":"","inscriptions":"","namesAndTitles":"","onomastics":"","dimension":[{"type":"Hauteur","value":"2,1","displayDimension":"2,1 m","unit":"m","anteriorPrecision":"","posteriorPrecision":"","tri":1,"note":""},{"type":"Largeur","value":"1,3","displayDimension":"1,3 m","unit":"m","anteriorPrecision":"","posteriorPrecision":"","tri":2,"note":""},{"type":"Diam\u00e8tre","value":"0,75","displayDimension":"0,75 m","unit":"m","anteriorPrecision":"","posteriorPrecision":"","tri":3,"note":""}],"shape":"","materialsAndTechniques":"bronze","placeOfCreation":"","dateOfDiscovery":"","placeOfDiscovery":"","provenance":"","historicalContext":[],"objectHistory":"Bronze fondu par Eck et Durand d\u0027apr\u00e8s une restitution faite par Eug\u00e8ne Guillaume sur le moulage de la Victoire antique en marbre de Brescia (moulage offert \u00e0 Napol\u00e9on III par la ville de Brescia apr\u00e8s la victoire de Solf\u00e9rino). Acquis en 1862 (arr\u00eat\u00e9 du 4 juillet 1862). Non inventori\u00e9 \u00e0 cette date. Inscrit pour r\u00e9gularisation dans l\u0027inventaire du d\u00e9partement des sculptures en 1990.","jabachInventory":"","napoleonInventory":"","previousOwner":[],"acquisitionDetails":[{"mode":"achat","doubt":"","dates":[{"type":"date de l\u0027arr\u00eat\u00e9\/d\u00e9cision","value":"04\/07\/1862","startYear":1862,"endYear":1862}]}],"ownedBy":"Etat","heldBy":"Mus\u00e9e du Louvre, D\u00e9partement des Sculptures du Moyen Age, de la Renaissance et des temps modernes","longTermLoanTo":"","index":{"Category":[{"value":"statue, statuette, figurine"},{"value":"sculpture"}],"Materials":[{"value":"mat\u00e9riau d\u0027origine min\u00e9rale"},{"value":"m\u00e9tal"},{"value":"alliage"},{"value":"alliage binaire"},{"value":"bronze"}]},"bibliography":[{"bibliographyRef":"Vitry, Paul, Mus\u00e9e national du Louvre. Catalogue des sculptures du Moyen \u00c2ge, de la Renaissance et des Temps modernes. Premi\u00e8re partie, Moyen \u00c2ge et Renaissance ; deuxi\u00e8me partie, Temps modernes, I, Paris, 1922","bibliographyDate":"1922","bibliographyDetail":"n\u00b0 857","comparison":false}],"exhibition":[],"relatedWork":[],"image":[{"urlImage":"https:\/\/collections.louvre.fr\/media\/cache\/original\/0000000021\/0000095174\/0000748340_OG.JPG","urlThumbnail":"https:\/\/collections.louvre.fr\/media\/cache\/small\/0000000021\/0000095174\/0000748340_OG.JPG","copyright":"\u00a9 RMN-Grand Palais (mus\u00e9e du Louvre) \/ G\u00e9rard Blot","type":"","position":0},{"urlImage":"https:\/\/collections.louvre.fr\/media\/cache\/large\/0000000021\/0000095174\/0000254473_OG.JPG","urlThumbnail":"https:\/\/collections.louvre.fr\/media\/cache\/small\/0000000021\/0000095174\/0000254473_OG.JPG","copyright":"\u00a9 2004 Mus\u00e9e du Louvre \/ Pierre Philibert","type":"","position":1},{"urlImage":"https:\/\/collections.louvre.fr\/media\/cache\/large\/0000000021\/0000095174\/0000254474_OG.JPG","urlThumbnail":"https:\/\/collections.louvre.fr\/media\/cache\/small\/0000000021\/0000095174\/0000254474_OG.JPG","copyright":"\u00a9 2004 Mus\u00e9e du Louvre \/ Pierre Philibert","type":"","position":2},{"urlImage":"https:\/\/collections.louvre.fr\/media\/cache\/large\/0000000021\/0000095174\/0000254475_OG.JPG","urlThumbnail":"https:\/\/collections.louvre.fr\/media\/cache\/small\/0000000021\/0000095174\/0000254475_OG.JPG","copyright":"\u00a9 2004 Mus\u00e9e du Louvre \/ Pierre Philibert","type":"","position":3},{"urlImage":"https:\/\/collections.louvre.fr\/media\/cache\/large\/0000000021\/0000095174\/0000254476_OG.JPG","urlThumbnail":"https:\/\/collections.louvre.fr\/media\/cache\/small\/0000000021\/0000095174\/0000254476_OG.JPG","copyright":"\u00a9 2004 Mus\u00e9e du Louvre \/ Pierre Philibert","type":"","position":4},{"urlImage":"https:\/\/collections.louvre.fr\/media\/cache\/original\/0000000021\/0000095174\/0000748341_OG.JPG","urlThumbnail":"https:\/\/collections.louvre.fr\/media\/cache\/small\/0000000021\/0000095174\/0000748341_OG.JPG","copyright":"\u00a9 RMN-Grand Palais (mus\u00e9e du Louvre)","type":"","position":5},{"urlImage":"https:\/\/collections.louvre.fr\/media\/cache\/original\/0000000021\/0000095174\/0000748342_OG.JPG","urlThumbnail":"https:\/\/collections.louvre.fr\/media\/cache\/small\/0000000021\/0000095174\/0000748342_OG.JPG","copyright":"\u00a9 RMN-Grand Palais (mus\u00e9e du Louvre)","type":"","position":6},{"urlImage":"https:\/\/collections.louvre.fr\/media\/cache\/original\/0000000021\/0000095174\/0000748343_OG.JPG","urlThumbnail":"https:\/\/collections.louvre.fr\/media\/cache\/small\/0000000021\/0000095174\/0000748343_OG.JPG","copyright":"\u00a9 RMN-Grand Palais (mus\u00e9e du Louvre)","type":"","position":7}]}