{"arkId":"cl010093646","url":"https:\/\/collections.louvre.fr\/ark:\/53355\/cl010093646","modified ":"2022-06-03","title":"Pinacle surmont\u00e9 d\u0027une figure mutil\u00e9e d\u0027eccl\u00e9siastique tenant un livre","titleComplement":"","denominationTitle":"Titre : Pinacle surmont\u00e9 d\u0027une figure mutil\u00e9e d\u0027eccl\u00e9siastique tenant un livre","displayDateCreated":"Date de cr\u00e9ation\/fabrication : 1425 - 1450","currentLocation":"Richelieu, [SCULPT] Salle 210 - Le tombeau de Philippe Pot - La sculpture gothique au 15e si\u00e8cle : Paris, la Bourgogne, Vitrine 04 ","room":"Salle 210, Aile Richelieu, Niveau 0","isMuseesNationauxRecuperation":false,"dateCreated":[{"startYear":1425,"endYear":1450,"imprecision":"","text":"2e quart du XVe si\u00e8cle","type":"Date de cr\u00e9ation\/fabrication","doubt":""}],"creator":[{"label":"Pierre de Thury","attributionLevel":"Attribution actuelle","linkType":"","creatorRole":"","authenticationType":"","doubt":"","attributedBy":"","attributedYear":"","wikidata":""},{"label":"France \u00cele-de-France","attributionLevel":"Attribution actuelle","linkType":"","creatorRole":"","authenticationType":"","doubt":"","attributedBy":"","attributedYear":"","wikidata":""}],"objectNumber":[{"value":"RF 1242 B","type":"Num\u00e9ro principal"}],"collection":"D\u00e9partement des Sculptures du Moyen Age, de la Renaissance et des temps modernes","printsDrawingsEntity":"","printsDrawingsCollection":"","objectType":"fragment d\u0027applique","originalObject":"","printState":"","description":"","inscriptions":"","namesAndTitles":"","onomastics":"","dimension":[{"type":"Hauteur","value":"0,52","displayDimension":"0,52 m","unit":"m","anteriorPrecision":"","posteriorPrecision":"","tri":1,"note":""},{"type":"Largeur","value":"0,21","displayDimension":"0,21 m","unit":"m","anteriorPrecision":"","posteriorPrecision":"","tri":2,"note":""},{"type":"Profondeur","value":"0,08","displayDimension":"0,08 m","unit":"m","anteriorPrecision":"","posteriorPrecision":"","tri":3,"note":""}],"shape":"","materialsAndTechniques":"marbre","placeOfCreation":"","dateOfDiscovery":"","placeOfDiscovery":"","provenance":"abbaye (France-\u003ESaint-Denis)","historicalContext":[],"objectHistory":"Fragments des montants soutenant les dais qui abritaient les effigies gisantes du roi (RF 1242 A) et de la reine (RF 1242 B) sur le tombeau de Charles VI (\u2020 21 octobre 1422) et d\u0027Isabeau de Bavi\u00e8re (\u2020 29 septembre 1435). Monument commenc\u00e9 en 1424, achev\u00e9 en 1429 et plac\u00e9 dans la chapelle Saint-Jean-Baptiste de l\u0027\u00e9glise abbatiale b\u00e9n\u00e9dictine de Saint-Denis.\nAbbaye devenue bien national \u00e0 la R\u00e9volution. Eglise affect\u00e9e au culte paroissial, saccag\u00e9e en ao\u00fbt 1793, utilis\u00e9e comme Temple de la Raison de novembre 1793 \u00e0 avril 1794, laiss\u00e9e ensuite \u00e0 l\u0027abandon. \nTombeau d\u00e9mantel\u00e9. Gisants transport\u00e9s au d\u00e9p\u00f4t des Petits-Augustins avant 1794, report\u00e9s du mus\u00e9e des Monuments fran\u00e7ais \u00e0 Saint-Denis en 1818. \nLocalisation des fragments incertaine pour cette \u00e9poque (mus\u00e9e des Monuments fran\u00e7ais ou Saint-Denis). Magasins de Saint-Denis au XIXe si\u00e8cle. Versement des Chantiers de Saint-Denis, 1898.","jabachInventory":"","napoleonInventory":"","previousOwner":[],"acquisitionDetails":[{"mode":"versement","doubt":"","dates":[{"type":"date","value":"1898","startYear":1898,"endYear":1898}]}],"ownedBy":"Etat","heldBy":"Mus\u00e9e du Louvre, D\u00e9partement des Sculptures du Moyen Age, de la Renaissance et des temps modernes","longTermLoanTo":"","index":{"Category":[{"value":"\u00e9l\u00e9ment d\u0027architecture, d\u00e9cor int\u00e9rieur et ext\u00e9rieur, huisserie"},{"value":"sculpture"}],"Materials":[{"value":"mat\u00e9riau d\u0027origine min\u00e9rale"},{"value":"pierre"},{"value":"marbre"}],"Places":[{"value":"France"},{"value":"Saint-Denis"},{"value":"abbaye"}]},"bibliography":[{"bibliographyRef":"Chancel-Bardelot, B\u00e9atrice de, sous la direction de, Le mus\u00e9e des Monuments fran\u00e7ais d\u0027Alexandre Lenoir, histoire et collections, [INHA \/ Louvre], Paris, Institut National d\u0027Histoire de l\u0027Art, 2014, Disponible sur : \u0026lt;\thttps:\/\/agorha.inha.fr\/inhaprod\/ark:\/54721\/00145\u0026gt; ","bibliographyDate":"2014","bibliographyDetail":"https:\/\/agorha.inha.fr\/inhaprod\/ark:\/54721\/003135606","comparison":false},{"bibliographyRef":"Baron, Fran\u00e7oise, Mus\u00e9e du Louvre - Sculpture fran\u00e7aise - I - Moyen Age, Paris, 1996","bibliographyDate":"1996","bibliographyDetail":"p. 202","comparison":false},{"bibliographyRef":"Adh\u00e9mar, Jean, \u00ab Les tombeaux de la collection Gaigni\u00e8res. Dessins d\u0027arch\u00e9ologie du XVIIe si\u00e8cle \u00bb, Gazette des Beaux-Arts, 2, juillet-ao\u00fbt et septembre, 1976 , 3-128","bibliographyDate":"1976","bibliographyDetail":"n\u00b0 1097","comparison":false},{"bibliographyRef":"Aubert, Marcel ; Beaulieu, Mich\u00e8le, Mus\u00e9e national du Louvre. Description raisonn\u00e9e des Sculptures du Moyen \u00c2ge, de la Renaissance et des Temps modernes, t. 1, Moyen \u00c2ge, Paris, 1950","bibliographyDate":"1950","bibliographyDetail":"n\u00b0 287 bis","comparison":false},{"bibliographyRef":"Vitry, Paul, Mus\u00e9e national du Louvre. Catalogue des sculptures du Moyen \u00c2ge, de la Renaissance et des Temps modernes. Premi\u00e8re partie, Moyen \u00c2ge et Renaissance ; deuxi\u00e8me partie, Temps modernes, I, Paris, 1922","bibliographyDate":"1922","bibliographyDetail":"n\u00b0 191","comparison":false}],"exhibition":[{"value":"Paris  1400 - L\u0027art parisien sous Charles VI, Napol\u00e9on, Exposition Temporaire sous pyramide, 22\/03\/2004 - 19\/07\/2004 "}],"relatedWork":[{"objectUrl":"https:\/\/collections.louvre.fr\/ark:\/53355\/cl010093645","type":"El\u00e9ment d\u0027un ensemble"}],"image":[{"urlImage":"https:\/\/collections.louvre.fr\/media\/cache\/original\/0000000021\/0000093646\/0000913484_OG.JPG","urlThumbnail":"https:\/\/collections.louvre.fr\/media\/cache\/small\/0000000021\/0000093646\/0000913484_OG.JPG","copyright":"\u00a9 1980 RMN-Grand Palais (mus\u00e9e du Louvre) \/ Photographe inconnu","type":"","position":0},{"urlImage":"https:\/\/collections.louvre.fr\/media\/cache\/large\/0000000021\/0000093646\/0000327802_OG.JPG","urlThumbnail":"https:\/\/collections.louvre.fr\/media\/cache\/small\/0000000021\/0000093646\/0000327802_OG.JPG","copyright":"\u00a9 2006 RMN-Grand Palais (mus\u00e9e du Louvre) \/ Ren\u00e9-Gabriel Oj\u00e9da","type":"","position":1},{"urlImage":"https:\/\/collections.louvre.fr\/media\/cache\/large\/0000000021\/0000093646\/0000267183_OG.JPG","urlThumbnail":"https:\/\/collections.louvre.fr\/media\/cache\/small\/0000000021\/0000093646\/0000267183_OG.JPG","copyright":"\u00a9 1997 Mus\u00e9e du Louvre \/ Pierre Philibert","type":"","position":2},{"urlImage":"https:\/\/collections.louvre.fr\/media\/cache\/original\/0000000021\/0000093646\/0000267184_OG.JPG","urlThumbnail":"https:\/\/collections.louvre.fr\/media\/cache\/small\/0000000021\/0000093646\/0000267184_OG.JPG","copyright":"\u00a9 1997 Mus\u00e9e du Louvre \/ Pierre Philibert","type":"","position":3},{"urlImage":"https:\/\/collections.louvre.fr\/media\/cache\/large\/0000000021\/0000093646\/0000267185_OG.JPG","urlThumbnail":"https:\/\/collections.louvre.fr\/media\/cache\/small\/0000000021\/0000093646\/0000267185_OG.JPG","copyright":"\u00a9 1997 Mus\u00e9e du Louvre \/ Pierre Philibert","type":"","position":4},{"urlImage":"https:\/\/collections.louvre.fr\/media\/cache\/original\/0000000021\/0000093646\/0000913476_OG.JPG","urlThumbnail":"https:\/\/collections.louvre.fr\/media\/cache\/small\/0000000021\/0000093646\/0000913476_OG.JPG","copyright":"\u00a9 1980 RMN-Grand Palais (mus\u00e9e du Louvre) \/ Photographe inconnu","type":"","position":5}]}