{"arkId":"cl010065418","url":"https:\/\/collections.louvre.fr\/ark:\/53355\/cl010065418","modified ":"2022-06-03","title":"Le Temps montrant les ruines qu\u0027il am\u00e8ne et les chefs d\u0027oeuvre qu\u0027il laisse ensuite d\u00e9couvrir","titleComplement":"","denominationTitle":"Titre : Le Temps montrant les ruines qu\u0027il am\u00e8ne et les chefs d\u0027oeuvre qu\u0027il laisse ensuite d\u00e9couvrir","displayDateCreated":"Date de cr\u00e9ation\/fabrication : 1e quart du XIXe si\u00e8cle (1800 - 1825)","currentLocation":"Denon, [AGER] Salle 661 - Salle des verres","room":"Salle 661, Aile Denon, Niveau 1","isMuseesNationauxRecuperation":false,"dateCreated":[{"startYear":1800,"endYear":1825,"imprecision":"","text":"1e quart du XIXe si\u00e8cle","type":"Date de cr\u00e9ation\/fabrication","doubt":""}],"creator":[{"label":"Mauzaisse, Jean Baptiste","attributionLevel":"Attribution actuelle","linkType":"","dates":[{"date":"1844","place":"Paris","type":"date de mort"},{"date":"1784","place":"Corbeil","type":"date de naissance"}],"creatorRole":"","authenticationType":"","doubt":"","attributedBy":"","attributedYear":"","wikidata":"Q3164276"},{"label":"France","attributionLevel":"Attribution actuelle","linkType":"\u00c9cole de","creatorRole":"","authenticationType":"","doubt":"","attributedBy":"","attributedYear":"","wikidata":""}],"objectNumber":[{"value":"RF 1946 8","type":"Num\u00e9ro principal"}],"collection":"D\u00e9partement des Peintures","printsDrawingsEntity":"","printsDrawingsCollection":"","objectType":"","originalObject":"","printState":"","description":"Esquisse pour le plafond","inscriptions":"Signature :  ; S. vers le b. et vers la d.: \u0022Mauzaisse\u0022","namesAndTitles":"","onomastics":"","dimension":[{"type":"Hauteur","value":"0,51","displayDimension":"0,51 m","unit":"m","anteriorPrecision":"","posteriorPrecision":"","tri":1,"note":""},{"type":"Hauteur avec accessoire","value":"0,605","displayDimension":"0,605 m","unit":"m","anteriorPrecision":"","posteriorPrecision":"","tri":2,"note":""},{"type":"Largeur","value":"0,56","displayDimension":"0,56 m","unit":"m","anteriorPrecision":"","posteriorPrecision":"","tri":3,"note":""},{"type":"Largeur avec accessoire","value":"0,652","displayDimension":"0,652 m","unit":"m","anteriorPrecision":"","posteriorPrecision":"","tri":4,"note":""}],"shape":"","materialsAndTechniques":"huile sur toile","placeOfCreation":"","dateOfDiscovery":"","placeOfDiscovery":"","provenance":"","historicalContext":[],"objectHistory":"","jabachInventory":"","napoleonInventory":"","previousOwner":[],"acquisitionDetails":[{"mode":"achat","doubt":"","dates":[{"type":"date","value":"1946","startYear":1946,"endYear":1946}]}],"ownedBy":"Etat","heldBy":"Mus\u00e9e du Louvre, D\u00e9partement des Peintures","longTermLoanTo":"","index":{"Category":[{"value":"peinture"}],"Imagery":[{"value":"litt\u00e9rature\/fantastique"},{"value":"paysage, ph\u00e9nom\u00e8ne naturel, \u00e9l\u00e9ment du cosmos"},{"value":"sc\u00e8ne\/th\u00e8me all\u00e9gorique"},{"value":"paysage (divers)"}]},"bibliography":[{"bibliographyRef":"Allard, S\u00e9bastien, Le Louvre \u00e0 l\u0027\u00e9poque romantique. Les d\u00e9cors du palais (1815-1835), Lyon \/ Paris, Editions Fage \/ Mus\u00e9e du Louvre \u00e9ditions, 2006","bibliographyDate":"2006","bibliographyDetail":"p. 44, coul, Fig.40","comparison":false},{"bibliographyRef":"Compin, Isabelle ; Roquebert, Anne, Catalogue sommaire illustr\u00e9 des peintures du mus\u00e9e du Louvre et du mus\u00e9e d\u0027Orsay.\u00a0IV. Ecole fran\u00e7aise, L-Z, Paris, R.M.N., 1986","bibliographyDate":"1986","bibliographyDetail":"p. 77, ill. n\u0026b","comparison":false},{"bibliographyRef":"Compin, Isabelle ; Reynaud, Nicole, Catalogue des peintures du mus\u00e9e du Louvre.\u00a0I,\u00a0Ecole fran\u00e7aise, Paris, R.M.N., 1972","bibliographyDate":"1972","bibliographyDetail":"p. 255","comparison":false},{"bibliographyRef":"Sterling, Charles ; Adh\u00e9mar, H\u00e9l\u00e8ne, Mus\u00e9e national du Louvre. Peintures. Ecole fran\u00e7aise. XIXe si\u00e8cle. A-C, vol. I, Paris, Mus\u00e9es nationaux, 1958","bibliographyDate":"1958","bibliographyDetail":"n\u00b0 1222","comparison":false}],"exhibition":[{"value":"L\u0027empire du Temps, mythes et cr\u00e9ations, Napol\u00e9on, Exposition Temporaire sous pyramide, 10\/04\/2000 - 10\/07\/2000 "}],"relatedWork":[],"image":[{"urlImage":"https:\/\/collections.louvre.fr\/media\/cache\/large\/0000000021\/0000065418\/0001026793_OG.JPG","urlThumbnail":"https:\/\/collections.louvre.fr\/media\/cache\/small\/0000000021\/0000065418\/0001026793_OG.JPG","copyright":"\u00a9 2020 RMN-Grand Palais (mus\u00e9e du Louvre) \/ Mar\u00e9challe\/Didierjean","type":"face, recto, avers, avant ; vue d\u0027ensemble ; vue sans cadre","position":0},{"urlImage":"https:\/\/collections.louvre.fr\/media\/cache\/original\/0000000021\/0000065418\/0000050488_OG.JPG","urlThumbnail":"https:\/\/collections.louvre.fr\/media\/cache\/small\/0000000021\/0000065418\/0000050488_OG.JPG","copyright":"\u00a9 2004 Mus\u00e9e du Louvre \/ Ang\u00e8le Dequier","type":"face, recto, avers, avant ; vue d\u0027ensemble ; vue avec cadre","position":1},{"urlImage":"https:\/\/collections.louvre.fr\/media\/cache\/large\/0000000021\/0000065418\/0000385330_OG.JPG","urlThumbnail":"https:\/\/collections.louvre.fr\/media\/cache\/small\/0000000021\/0000065418\/0000385330_OG.JPG","copyright":"\u00a9 1988 RMN-Grand Palais (mus\u00e9e du Louvre) \/ Christian Jean","type":"face, recto, avers, avant ; vue d\u0027ensemble ; vue sans cadre","position":2}]}