{"arkId":"cl010059221","url":"https:\/\/collections.louvre.fr\/ark:\/53355\/cl010059221","modified ":"2022-06-03","title":"L\u0027Imp\u00e9ratrice Eug\u00e9nie","titleComplement":"","denominationTitle":"Titre : L\u0027Imp\u00e9ratrice Eug\u00e9nie","displayDateCreated":"Date de cr\u00e9ation\/fabrication : XIXe si\u00e8cle (1800 - 1900)","currentLocation":"Richelieu, [OArt] Salle 545 - Appartements Napol\u00e9on III - Salon th\u00e9\u00e2tre","room":"Salle 545, Aile Richelieu, Niveau 1","isMuseesNationauxRecuperation":false,"dateCreated":[{"startYear":1800,"endYear":1900,"imprecision":"","text":"XIXe si\u00e8cle","type":"Date de cr\u00e9ation\/fabrication","doubt":""}],"creator":[{"label":"Guillemet, Pierre-D\u00e9sir\u00e9","attributionLevel":"Attribution actuelle","linkType":"","dates":[{"date":"apr\u00e8s 1863","place":"?","type":"date de mort"},{"date":"1827","place":"Lyon","type":"date de naissance"}],"creatorRole":"","authenticationType":"","doubt":"","attributedBy":"","attributedYear":"","wikidata":"Q18574379"},{"label":"France","attributionLevel":"Attribution actuelle","linkType":"\u00c9cole de","creatorRole":"","authenticationType":"","doubt":"","attributedBy":"","attributedYear":"","wikidata":""},{"label":"Winterhalter, Franz Xaver","attributionLevel":"Attribution actuelle","linkType":"D\u0027apr\u00e8s","dates":[{"date":"1873","place":"Francfort","type":"date de mort"},{"date":"1806","place":"Menzenschwand","type":"date de naissance"}],"creatorRole":"","authenticationType":"","doubt":"","attributedBy":"","attributedYear":"","wikidata":"Q168659"}],"objectNumber":[{"value":"INV 20067","type":"Num\u00e9ro principal"}],"collection":"D\u00e9partement des Peintures","printsDrawingsEntity":"","printsDrawingsCollection":"","objectType":"","originalObject":"","printState":"","description":"L\u2019une des tr\u00e8s nombreuses copies \u00e0 usage officiel du portrait de l\u2019Imp\u00e9ratrice r\u00e9alis\u00e9 par Winterhalter en 1853 apr\u00e8s la proclamation du Second Empire en d\u00e9cembre 1852 et pr\u00e9sent\u00e9 \u00e0 l\u2019Exposition universelle de 1855 (n\u00b0 4207), avec, en pendant, le portrait de l\u2019Empereur (voir infra la copie, R.F. 3847). Les originaux semblent avoir disparu dans l\u2019incendie du palais des Tuileries en 1871","inscriptions":"Inscription :  ; P. D. Guillemet \/ Venant de la Garde Nationale Place Vendome. ; Nature du texte :  ; Au revers, cachet : A la Palette de Rubens. Alph. St Martin. Marchand de couleurs et toile. Rue de Seine St Germain n\u00b0 4.","namesAndTitles":"","onomastics":"","dimension":[{"type":"Hauteur","value":"2,42","displayDimension":"2,42 m","unit":"m","anteriorPrecision":"","posteriorPrecision":"","tri":1,"note":""},{"type":"Largeur","value":"1,58","displayDimension":"1,58 m","unit":"m","anteriorPrecision":"","posteriorPrecision":"","tri":3,"note":""}],"shape":"","materialsAndTechniques":"huile sur toile","placeOfCreation":"","dateOfDiscovery":"","placeOfDiscovery":"","provenance":"","historicalContext":[],"objectHistory":"Command\u00e9 \u00e0 Guillemet par l\u2019\u00c9tat en1856 pour l\u2019H\u00f4tel du commandant des gardes nationales de la Seine install\u00e9 en 1861 place Vend\u00f4me, \u00e0 Paris (Arch. nat., F21 85) ; pay\u00e9 en 1856 et 1857 ; entr\u00e9 au Louvre \u00e0 une date inconnue (avant 1941, car figure parmi les tableaux rest\u00e9s au Louvre, inventori\u00e9 sous le n\u00b0 L. 41-566 Guillemet) ; transf\u00e9r\u00e9 au mus\u00e9e d\u2019Orsay en raison des dates de Guillemet, 1980 ; rentr\u00e9 au Louvre, pour \u00eatre montr\u00e9 dans les Appartements Napol\u00e9on III, \u00e0 l\u2019origine, appartements du ministre d\u2019\u00c9tat, \u00e0 l\u2019aile Richelieu, 1994, \u00e9tant donn\u00e9 que, dans l\u2019inventaire des oeuvres d\u2019art du minist\u00e8re d\u2019\u00c9tat dress\u00e9 en juillet 1863 (cf.\nDion-Tenenbaum [1993], p. 123) figuraient deux portraits en pied, l\u2019un de l\u2019Empereur et l\u2019autre de l\u2019Imp\u00e9ratrice, sans doute de l\u2019atelier de Winterhalter, dont le R.F. 3847 et l\u2019INV. 20067 rappellent opportun\u00e9ment le souvenir.","jabachInventory":"","napoleonInventory":"","previousOwner":[],"acquisitionDetails":[{"mode":"versement","doubt":"","dates":[{"type":"date","value":"1994","startYear":1994,"endYear":1994}]}],"ownedBy":"Etat","heldBy":"Mus\u00e9e d\u0027Orsay, Paris","longTermLoanTo":"Mus\u00e9e du Louvre, D\u00e9partement des Peintures","index":{"Category":[{"value":"peinture"}],"Imagery":[{"value":"portrait\/personnage\/nu"},{"value":"pouvoir"},{"value":"souverain\/prince"},{"value":"personnage f\u00e9minin"}]},"bibliography":[{"bibliographyRef":"Foucart-Walter, \u00c9lisabeth, \u00ab Ecole germanique \u00bb, dans Foucart-Walter, \u00c9lisabeth (dir.), Catalogue des peintures britanniques, espagnoles, germaniques, scandinaves et diverses du mus\u00e9e du Louvre, [Mus\u00e9e du Louvre, D\u00e9partement des peintures], Paris, Louvre \u00e9ditions \/ Gallimard, 2013, p. 105-158","bibliographyDate":"2013","bibliographyDetail":"p. 153, ill. n\u0026b","comparison":false},{"bibliographyRef":"Joannis, Claudette ; Goetz, Adrien, Bijoux. Carnets du Louvre, Mus\u00e9e du Louvre \/ Flammarion, 2008","bibliographyDate":"2008","bibliographyDetail":"p. 74, 79","comparison":false},{"bibliographyRef":"Cuzin, Jean-Pierre (dir.), Mus\u00e9e du Louvre. Nouvelles acquisitions du d\u00e9partement des Peintures. 1991-1995, Paris, RMN, 1996","bibliographyDate":"1996","bibliographyDetail":"p. 282-283","comparison":false},{"bibliographyRef":"Dion-Tenenbaum, Anne, Les appartements Napol\u00e9on III du mus\u00e9e du Louvre, Paris, 1993","bibliographyDate":"1993","bibliographyDetail":"p. 123","comparison":false},{"bibliographyRef":"Compin, Isabelle ; Roquebert, Anne ; Lacambre, Genevi\u00e8ve, Mus\u00e9e d\u0027Orsay. Catalogue sommaire illustr\u00e9 des peintures. Vol. 1, A-L, Paris, R.M.N., 1990","bibliographyDate":"1990","bibliographyDetail":"p. 222","comparison":false}],"exhibition":[],"relatedWork":[],"image":[{"urlImage":"https:\/\/collections.louvre.fr\/media\/cache\/large\/0000000021\/0000059221\/0000764293_OG.JPG","urlThumbnail":"https:\/\/collections.louvre.fr\/media\/cache\/small\/0000000021\/0000059221\/0000764293_OG.JPG","copyright":"\u00a9 1994 RMN-Grand Palais (mus\u00e9e du Louvre) \/ Ren\u00e9-Gabriel Oj\u00e9da","type":"face, recto, avers, avant ; vue d\u0027ensemble ; vue sans cadre","position":0}]}