{"arkId":"cl010113640","url":"https:\/\/collections.louvre.fr\/ark:\/53355\/cl010113640","modified ":"2022-06-03","title":"Statuette : cavalier en veste jaune","titleComplement":"","denominationTitle":"Titre : Statuette : cavalier en veste jaune","displayDateCreated":"","currentLocation":"Sully, [OArt] Salle 610 - Marie Leszczynska","room":"Salle 610, Aile Sully, Niveau 1","isMuseesNationauxRecuperation":false,"dateCreated":[],"creator":[{"label":"Manufacture de Meissen","attributionLevel":"Attribution actuelle","linkType":"","creatorRole":"","authenticationType":"","doubt":"","attributedBy":"","attributedYear":"","wikidata":"Q76941091"}],"objectNumber":[{"value":"OA 8060","type":"Num\u00e9ro principal"}],"collection":"D\u00e9partement des Objets d\u0027art du Moyen Age, de la Renaissance et des temps modernes","printsDrawingsEntity":"","printsDrawingsCollection":"","objectType":"statue, statuette, figurine","originalObject":"","printState":"","description":"","inscriptions":"","namesAndTitles":"","onomastics":"","dimension":[{"type":"Hauteur avec accessoire","value":"28,8","displayDimension":"28,8 cm","unit":"cm","anteriorPrecision":"","posteriorPrecision":"","tri":1,"note":""},{"type":"Largeur avec accessoire","value":"25","displayDimension":"25 cm","unit":"cm","anteriorPrecision":"","posteriorPrecision":"","tri":2,"note":""},{"type":"Profondeur avec accessoire","value":"11,5","displayDimension":"11,5 cm","unit":"cm","anteriorPrecision":"","posteriorPrecision":"","tri":3,"note":""},{"type":"Largeur","value":"20","displayDimension":"20 cm","unit":"cm","anteriorPrecision":"","posteriorPrecision":"","tri":10,"note":""},{"type":"Profondeur","value":"13,5","displayDimension":"13,5 cm","unit":"cm","anteriorPrecision":"","posteriorPrecision":"","tri":11,"note":""}],"shape":"","materialsAndTechniques":"Mat\u00e9riau : bronze (dor\u00e9)\nMat\u00e9riau : porcelaine\nTechnique : techniques m\u00e9tal (bronze d\u0027ameublement)","placeOfCreation":"","dateOfDiscovery":"","placeOfDiscovery":"","provenance":"","historicalContext":[],"objectHistory":"","jabachInventory":"","napoleonInventory":"","previousOwner":[],"acquisitionDetails":[{"mode":"legs","doubt":"","dates":[{"type":"date","value":"1929","startYear":1929,"endYear":1929}]}],"ownedBy":"Etat","heldBy":"Mus\u00e9e du Louvre, D\u00e9partement des Objets d\u0027art du Moyen Age, de la Renaissance et des temps modernes","longTermLoanTo":"","index":{"Category":[{"value":"statue, statuette, figurine"}],"objectType":[{"value":"statue, statuette, figurine"}]},"bibliography":[],"exhibition":[],"relatedWork":[],"image":[{"urlImage":"https:\/\/collections.louvre.fr\/media\/cache\/large\/0000000021\/0000113640\/0000247193_OG.JPG","urlThumbnail":"https:\/\/collections.louvre.fr\/media\/cache\/small\/0000000021\/0000113640\/0000247193_OG.JPG","copyright":"\u00a9 2011 Mus\u00e9e du Louvre \/ Thierry Ollivier","type":"","position":0},{"urlImage":"https:\/\/collections.louvre.fr\/media\/cache\/large\/0000000021\/0000113640\/0000247195_OG.JPG","urlThumbnail":"https:\/\/collections.louvre.fr\/media\/cache\/small\/0000000021\/0000113640\/0000247195_OG.JPG","copyright":"\u00a9 2011 Mus\u00e9e du Louvre \/ Thierry Ollivier","type":"","position":1},{"urlImage":"https:\/\/collections.louvre.fr\/media\/cache\/large\/0000000021\/0000113640\/0000247192_OG.JPG","urlThumbnail":"https:\/\/collections.louvre.fr\/media\/cache\/small\/0000000021\/0000113640\/0000247192_OG.JPG","copyright":"\u00a9 2011 Mus\u00e9e du Louvre \/ Thierry Ollivier","type":"","position":2},{"urlImage":"https:\/\/collections.louvre.fr\/media\/cache\/large\/0000000021\/0000113640\/0000247194_OG.JPG","urlThumbnail":"https:\/\/collections.louvre.fr\/media\/cache\/small\/0000000021\/0000113640\/0000247194_OG.JPG","copyright":"\u00a9 2011 Mus\u00e9e du Louvre \/ Thierry Ollivier","type":"","position":3},{"urlImage":"https:\/\/collections.louvre.fr\/media\/cache\/large\/0000000021\/0000113640\/0000248177_OG.JPG","urlThumbnail":"https:\/\/collections.louvre.fr\/media\/cache\/small\/0000000021\/0000113640\/0000248177_OG.JPG","copyright":"\u00a9 2011 Mus\u00e9e du Louvre \/ Thierry Ollivier","type":"","position":4}]}