{"arkId":"cl010060783","url":"https:\/\/collections.louvre.fr\/ark:\/53355\/cl010060783","modified ":"2022-06-03","title":"Hercule sur le b\u00fbcher","titleComplement":"","denominationTitle":"Titre : Hercule sur le b\u00fbcher","displayDateCreated":"Date de cr\u00e9ation\/fabrication : 1e quart du XVIIe si\u00e8cle (1600 - 1625)","currentLocation":"Denon, [Peint] Salle 716 - Grande Galerie, Salle 716 - (4e trav\u00e9e)","room":"Salle 716, Aile Denon, Niveau 1","isMuseesNationauxRecuperation":false,"dateCreated":[{"startYear":1600,"endYear":1625,"imprecision":"","text":"1e quart du XVIIe si\u00e8cle","type":"Date de cr\u00e9ation\/fabrication","doubt":""}],"creator":[{"label":"Reni, Guido","attributionLevel":"Attribution actuelle","linkType":"","dates":[{"date":"1642","place":"Bologne","type":"date de mort"},{"date":"1575","place":"Bologne","type":"date de naissance"}],"creatorRole":"","authenticationType":"","doubt":"","attributedBy":"","attributedYear":"","wikidata":"Q109061"},{"label":"Italie","attributionLevel":"Attribution actuelle","linkType":"\u00c9cole de","creatorRole":"","authenticationType":"","doubt":"","attributedBy":"","attributedYear":"","wikidata":""}],"objectNumber":[{"value":"INV 538","type":"Num\u00e9ro principal"},{"value":"MR 287","type":"Autre num\u00e9ro d\u0027inventaire"}],"collection":"D\u00e9partement des Peintures","printsDrawingsEntity":"","printsDrawingsCollection":"","objectType":"","originalObject":"","printState":"","description":"","inscriptions":"","namesAndTitles":"","onomastics":"","dimension":[{"type":"Hauteur","value":"2,6","displayDimension":"2,6 m","unit":"m","anteriorPrecision":"","posteriorPrecision":"","tri":1,"note":""},{"type":"Hauteur avec accessoire","value":"0","displayDimension":"0 m","unit":"m","anteriorPrecision":"","posteriorPrecision":"","tri":2,"note":""},{"type":"Largeur","value":"1,92","displayDimension":"1,92 m","unit":"m","anteriorPrecision":"","posteriorPrecision":"","tri":3,"note":""}],"shape":"","materialsAndTechniques":"huile sur toile","placeOfCreation":"","dateOfDiscovery":"","placeOfDiscovery":"","provenance":"","historicalContext":[],"objectHistory":"Command\u00e9 \u00e0 Guido Reni par Ferdinando Gonzaga pour une pi\u00e8ce de la Villa Favorita pr\u00e8s de Mantoue et peint entre 1617 et 1621 ; mis en vente \u00e0 Mantoue lors de la dispersion des collections Gonzague, 1627 ; collection de Charles Ier d\u0027Angleterre ; mis en vente \u00e0 Londres lors de la dispersion de sa collection, 1650 ; acquis par R. Grynder pour 400 livres (la s\u00e9rie compl\u00e8te), octobre 1651 ; collection de Jabach; acquis de Jabach pour la collection de Louis XIV, 1662 ; Chambre du Tr\u00f4ne \u00e0 Versailles, 1682 et 1695 ; Grand appartement du roi \u00e0 Versailles, 1709-1710 ; Surintendance des B\u00e2timents \u00e0 Versailles, 1760 et 1784 ; transport\u00e9 de Versailles aux Tuileries, d\u00e9cembre 1791 ; expos\u00e9 au Mus\u00e9um des Arts \u00e0 partir de 1793.","jabachInventory":"","napoleonInventory":"","previousOwner":[],"acquisitionDetails":[{"mode":"entr\u00e9e - Collection de Louis XIV","doubt":"","dates":[{"type":"date","value":"1662","startYear":1662,"endYear":1662}]}],"ownedBy":"Etat","heldBy":"Mus\u00e9e du Louvre, D\u00e9partement des Peintures","longTermLoanTo":"","index":{"Category":[{"value":"peinture"}]},"bibliography":[{"bibliographyRef":"Castelluccio, St\u00e9phane, \u00ab Esth\u00e9tique et politique : La pr\u00e9sentation des tableaux des collections royales dans le Grand Appartement \u00e0 Versailles de Louis XIV \u00e0 la R\u00e9volution \u00bb, Versalia, n\u00b021, 2018, p. 37-58","bibliographyDate":"2018","bibliographyDetail":"p. 47, 48, 52, 55, 57, 58, ill. p. 47, n\u00b019","comparison":false},{"bibliographyRef":"Valentin de Boulogne. R\u00e9inventer Caravage, cat. exp. (Paris, mus\u00e9e du Louvre, 22 f\u00e9vrier-22 mai 2017), Paris, Mus\u00e9e du Louvre\/ Officina Libraria, 2017","bibliographyDate":"2017","bibliographyDetail":"p. 72","comparison":false},{"bibliographyRef":"Loire, St\u00e9phane, \u00ab \u0022Dejanira rapita dal centauro Nesso del Museo del Louvre\u0022 \u00bb, dans Scalini, Mario ; Rossoni, Elena (dir.), Mario Scalini et Elena Rossoni \t(dir.), Dejanira rapita dal centauro Nesso dal Louvre alla Pinacoteca di Bologna, Rimini, 2017, p. 17-38","bibliographyDate":"2017","bibliographyDetail":"p. 18, 19, 24, 25, 26, fig. 6 coul.","comparison":false},{"bibliographyRef":"Valentin de Boulogne: Beyond Caravaggio, cat. exp. (New-York, The Metropolitan Museum of Art, 7 octobre 2016 - 16 janvier 2017), New Haven, Yale University Press, 2016","bibliographyDate":"2016","bibliographyDetail":"p. 61","comparison":false},{"bibliographyRef":"Loire, St\u00e9phane, \u00ab XVIIe si\u00e8cle \u00bb, dans Foucart-Walter, \u00c9lisabeth (dir.), Catalogue des peintures italiennes du mus\u00e9e du Louvre. Catalogue sommaire, [Mus\u00e9e du Louvre, D\u00e9partement des peintures], Paris, Mus\u00e9e du Louvre Editions \/ Gallimard, 2007, p. 123-182","bibliographyDate":"2007","bibliographyDetail":"p. 161, ill. n\u0026b","comparison":false},{"bibliographyRef":"Loire, St\u00e9phane, Mus\u00e9e du Louvre. D\u00e9partement des peintures, Ecole italienne. XVIIe si\u00e8cle. I. Bologne, Paris, R.M.N., 1996","bibliographyDate":"1996","bibliographyDetail":"p. 308-323, ill. n\u0026b","comparison":false},{"bibliographyRef":"Pepper, Stephen, Guido Reni. L\u0027opera completa, Novara, Istituto geografico de Agostini, 1988","bibliographyDate":"1988","bibliographyDetail":"n\u00b0 67","comparison":false},{"bibliographyRef":"F\u00e9libien, Andr\u00e9, Entretiens sur les vies et sur les ouvrages des plus excellens peintres anciens et modernes. Quatri\u00e8me partie, Paris, 1685","bibliographyDate":"1685","bibliographyDetail":"p. 189, 200","comparison":false},{"bibliographyRef":"Loire, St\u00e9phane, \u00ab Le Salon de 1673 \u00bb, Bulletin de la Soci\u00e9t\u00e9 de l\u0027histoire de l\u0027art fran\u00e7ais, (1992) 1993, p. \t31-68","bibliographyDate":"","bibliographyDetail":"p. 48, 65, note 141","comparison":false}],"exhibition":[{"value":"Guido Reni et l\u0027Europe, Bologne (Externe, Italie), Pinacoth\u00e8que Nationale, 10\/09\/1988 - 10\/11\/1988, \u00e9tape d\u0027une exposition itin\u00e9rante "}],"relatedWork":[],"image":[{"urlImage":"https:\/\/collections.louvre.fr\/media\/cache\/large\/0000000021\/0000060783\/0000690784_OG.JPG","urlThumbnail":"https:\/\/collections.louvre.fr\/media\/cache\/small\/0000000021\/0000060783\/0000690784_OG.JPG","copyright":"\u00a9 2016 RMN-Grand Palais (mus\u00e9e du Louvre) \/ Franck Raux","type":"face, recto, avers, avant ; vue d\u0027ensemble ; vue sans cadre","position":0},{"urlImage":"https:\/\/collections.louvre.fr\/media\/cache\/large\/0000000021\/0000060783\/0000643842_OG.JPG","urlThumbnail":"https:\/\/collections.louvre.fr\/media\/cache\/small\/0000000021\/0000060783\/0000643842_OG.JPG","copyright":"\u00a9 2016 Mus\u00e9e du Louvre \/ Peintures","type":"dos, verso, revers, arri\u00e8re ; d\u00e9tail marquage \/ immatriculation","position":1},{"urlImage":"https:\/\/collections.louvre.fr\/media\/cache\/large\/0000000021\/0000060783\/0000643843_OG.JPG","urlThumbnail":"https:\/\/collections.louvre.fr\/media\/cache\/small\/0000000021\/0000060783\/0000643843_OG.JPG","copyright":"\u00a9 2016 Mus\u00e9e du Louvre \/ Peintures","type":"dos, verso, revers, arri\u00e8re ; d\u00e9tail marquage \/ immatriculation","position":2},{"urlImage":"https:\/\/collections.louvre.fr\/media\/cache\/large\/0000000021\/0000060783\/0000643967_OG.JPG","urlThumbnail":"https:\/\/collections.louvre.fr\/media\/cache\/small\/0000000021\/0000060783\/0000643967_OG.JPG","copyright":"\u00a9 2016 Mus\u00e9e du Louvre \/ Peintures","type":"dos, verso, revers, arri\u00e8re ; d\u00e9tail marquage \/ immatriculation","position":3},{"urlImage":"https:\/\/collections.louvre.fr\/media\/cache\/original\/0000000021\/0000060783\/0000054177_OG.JPG","urlThumbnail":"https:\/\/collections.louvre.fr\/media\/cache\/small\/0000000021\/0000060783\/0000054177_OG.JPG","copyright":"\u00a9 2004 Mus\u00e9e du Louvre \/ Ang\u00e8le Dequier","type":"face, recto, avers, avant ; vue d\u0027ensemble ; vue avec cadre","position":4},{"urlImage":"https:\/\/collections.louvre.fr\/media\/cache\/large\/0000000021\/0000060783\/0000344227_OG.JPG","urlThumbnail":"https:\/\/collections.louvre.fr\/media\/cache\/small\/0000000021\/0000060783\/0000344227_OG.JPG","copyright":"\u00a9 1997 RMN-Grand Palais (mus\u00e9e du Louvre) \/ G\u00e9rard Blot","type":"face, recto, avers, avant ; vue d\u0027ensemble ; vue sans cadre","position":5}]}