{"arkId":"cl010095044","url":"https:\/\/collections.louvre.fr\/ark:\/53355\/cl010095044","modified ":"2022-06-03","title":"La Prudence","titleComplement":"","denominationTitle":"Titre : La Prudence","displayDateCreated":"Date de cr\u00e9ation\/fabrication : 1666","currentLocation":"Hall Charles V","room":"Aile Hall Charles V, Niveau ","isMuseesNationauxRecuperation":false,"dateCreated":[{"startYear":1666,"endYear":"","imprecision":"","text":"3e tiers du XVIIe si\u00e8cle","type":"Date de cr\u00e9ation\/fabrication","doubt":""}],"creator":[{"label":"Poissant, Thibault","attributionLevel":"Attribution actuelle","linkType":"","dates":[{"date":"1605","place":"Estr\u00e9es-les-Cr\u00e9cy","type":"date de naissance"},{"date":"1668","place":"Paris","type":"date de mort"}],"creatorRole":"","authenticationType":"","doubt":"","attributedBy":"","attributedYear":"","wikidata":"Q47987031"},{"label":"France","attributionLevel":"Attribution actuelle","linkType":"","creatorRole":"","authenticationType":"","doubt":"","attributedBy":"","attributedYear":"","wikidata":""}],"objectNumber":[{"value":"RF 3722","type":"Num\u00e9ro principal"},{"value":"ENT 1986.08","type":"Autre num\u00e9ro d\u0027inventaire"}],"collection":"D\u00e9partement des Sculptures du Moyen Age, de la Renaissance et des temps modernes","printsDrawingsEntity":"","printsDrawingsCollection":"","objectType":"statue","originalObject":"","printState":"","description":"","inscriptions":"","namesAndTitles":"","onomastics":"","dimension":[{"type":"Hauteur","value":"2","displayDimension":"2 m","unit":"m","anteriorPrecision":"","posteriorPrecision":"","tri":1,"note":""},{"type":"Largeur","value":"2,2","displayDimension":"2,2 m","unit":"m","anteriorPrecision":"","posteriorPrecision":"","tri":2,"note":""},{"type":"Profondeur","value":"0,6","displayDimension":"0,6 m","unit":"m","anteriorPrecision":"","posteriorPrecision":"","tri":3,"note":""}],"shape":"","materialsAndTechniques":"pierre","placeOfCreation":"","dateOfDiscovery":"","placeOfDiscovery":"","provenance":"","historicalContext":[],"objectHistory":"Anciennement ENT 1986.08. Statue provenant de l\u0027attique de la fa\u00e7ade orientale du pavillon central du palais des Tuileries, pay\u00e9e entre le 4 juillet 1665 et le 31 d\u00e9cembre 1666. D\u00e9pos\u00e9e lors de la d\u00e9molition du palais en 1882. Acquise et plac\u00e9e par le marbrier Dervill\u00e9 dans le parc d\u0027Ombreval \u00e0 Domont (Oise). Acquise en 1985 (comit\u00e9 du 10 octobre, conseil du 16 octobre, arr\u00eat\u00e9 du 25 octobre 1985). Entr\u00e9e au Louvre en 1986.","jabachInventory":"","napoleonInventory":"","previousOwner":[],"acquisitionDetails":[{"mode":"entr\u00e9e","doubt":"","dates":[{"type":"date de comit\u00e9\/commission","value":"10\/10\/1985","startYear":1985,"endYear":1985},{"type":"date de l\u0027arr\u00eat\u00e9\/d\u00e9cision","value":"25\/10\/1985","startYear":1985,"endYear":1985},{"type":"date du conseil","value":"16\/10\/1986","startYear":1986,"endYear":1986}]}],"ownedBy":"Etat","heldBy":"Mus\u00e9e du Louvre, D\u00e9partement des Sculptures du Moyen Age, de la Renaissance et des temps modernes","longTermLoanTo":"","index":{"Category":[{"value":"statue, statuette, figurine"},{"value":"sculpture"}],"Materials":[{"value":"mat\u00e9riau d\u0027origine min\u00e9rale"},{"value":"pierre"}],"Imagery":[{"value":"litt\u00e9rature\/fantastique"},{"value":"portrait\/personnage\/nu"},{"value":"sc\u00e8ne\/th\u00e8me all\u00e9gorique"},{"value":"personnage f\u00e9minin"},{"value":"objet\/instrument\/mobilier\/accessoire"}]},"bibliography":[{"bibliographyRef":"Gaborit, Jean-Ren\u00e9 sous la direction de, Sculpture fran\u00e7aise II - Renaissance et Temps Modernes, vol. 1 et 2, Paris, Editions de la R\u00e9union des mus\u00e9es nationaux, 1998","bibliographyDate":"1998","bibliographyDetail":"p. 536","comparison":false},{"bibliographyRef":"Mus\u00e9e du Louvre. Nouvelles acquisitions du d\u00e9partement des Sculptures (1984-1987), Paris, 1988","bibliographyDate":"1988","bibliographyDetail":"p. 54-57, n\u00b0 15","comparison":false},{"bibliographyRef":"Bresc-Bautier, Genevi\u00e8ve, \u00ab Iconologie de l\u0027\u00c9tat monarchique : la statuaire du d\u00f4me central des Tuileries (1666-1668) \u00bb, La Revue du Louvre et des mus\u00e9es de France, 1, 1987, 31-38","bibliographyDate":"1987","bibliographyDetail":" ","comparison":false}],"exhibition":[],"relatedWork":[],"image":[{"urlImage":"https:\/\/collections.louvre.fr\/media\/cache\/large\/0000000021\/0000095044\/0000267594_OG.JPG","urlThumbnail":"https:\/\/collections.louvre.fr\/media\/cache\/small\/0000000021\/0000095044\/0000267594_OG.JPG","copyright":"\u00a9 1997 Mus\u00e9e du Louvre \/ Pierre Philibert","type":"","position":0},{"urlImage":"https:\/\/collections.louvre.fr\/media\/cache\/large\/0000000021\/0000095044\/0000267591_OG.JPG","urlThumbnail":"https:\/\/collections.louvre.fr\/media\/cache\/small\/0000000021\/0000095044\/0000267591_OG.JPG","copyright":"\u00a9 1997 Mus\u00e9e du Louvre \/ Pierre Philibert","type":"","position":1},{"urlImage":"https:\/\/collections.louvre.fr\/media\/cache\/large\/0000000021\/0000095044\/0000267592_OG.JPG","urlThumbnail":"https:\/\/collections.louvre.fr\/media\/cache\/small\/0000000021\/0000095044\/0000267592_OG.JPG","copyright":"\u00a9 1997 Mus\u00e9e du Louvre \/ Pierre Philibert","type":"","position":2},{"urlImage":"https:\/\/collections.louvre.fr\/media\/cache\/large\/0000000021\/0000095044\/0000267593_OG.JPG","urlThumbnail":"https:\/\/collections.louvre.fr\/media\/cache\/small\/0000000021\/0000095044\/0000267593_OG.JPG","copyright":"\u00a9 1997 Mus\u00e9e du Louvre \/ Pierre Philibert","type":"","position":3}]}