{"arkId":"cl010113635","url":"https:\/\/collections.louvre.fr\/ark:\/53355\/cl010113635","modified ":"2022-06-03","title":"Perruche, d\u0027une paire (OA 8070)","titleComplement":"","denominationTitle":"Titre : Perruche, d\u0027une paire (OA 8070)","displayDateCreated":"","currentLocation":"Sully, [OArt] Salle 610 - Marie Leszczynska","room":"Salle 610, Aile Sully, Niveau 1","isMuseesNationauxRecuperation":false,"dateCreated":[],"creator":[{"label":"Manufacture de Meissen","attributionLevel":"Attribution actuelle","linkType":"","creatorRole":"","authenticationType":"","doubt":"","attributedBy":"","attributedYear":"","wikidata":"Q76941091"}],"objectNumber":[{"value":"OA 8069","type":"Num\u00e9ro principal"}],"collection":"D\u00e9partement des Objets d\u0027art du Moyen Age, de la Renaissance et des temps modernes","printsDrawingsEntity":"","printsDrawingsCollection":"","objectType":"statue, statuette, figurine","originalObject":"","printState":"","description":"","inscriptions":"","namesAndTitles":"","onomastics":"","dimension":[{"type":"Hauteur avec accessoire","value":"14,4","displayDimension":"14,4 cm","unit":"cm","anteriorPrecision":"","posteriorPrecision":"","tri":1,"note":""},{"type":"Largeur avec accessoire","value":"10","displayDimension":"10 cm","unit":"cm","anteriorPrecision":"","posteriorPrecision":"","tri":2,"note":""},{"type":"Profondeur avec accessoire","value":"6","displayDimension":"6 cm","unit":"cm","anteriorPrecision":"","posteriorPrecision":"","tri":3,"note":""},{"type":"Diam\u00e8tre","value":"5,5","displayDimension":"5,5 cm","unit":"cm","anteriorPrecision":"","posteriorPrecision":"","tri":12,"note":""}],"shape":"","materialsAndTechniques":"Mat\u00e9riau : porcelaine dure\nTechnique : techniques c\u00e9ramique","placeOfCreation":"","dateOfDiscovery":"","placeOfDiscovery":"","provenance":"","historicalContext":[],"objectHistory":"","jabachInventory":"","napoleonInventory":"","previousOwner":[],"acquisitionDetails":[{"mode":"legs","doubt":"","dates":[{"type":"date","value":"1929","startYear":1929,"endYear":1929}]}],"ownedBy":"Etat","heldBy":"Mus\u00e9e du Louvre, D\u00e9partement des Objets d\u0027art du Moyen Age, de la Renaissance et des temps modernes","longTermLoanTo":"","index":{"Category":[{"value":"statue, statuette, figurine"}],"objectType":[{"value":"statue, statuette, figurine"}]},"bibliography":[],"exhibition":[],"relatedWork":[],"image":[{"urlImage":"https:\/\/collections.louvre.fr\/media\/cache\/original\/0000000021\/0000113635\/0000181729_OG.JPG","urlThumbnail":"https:\/\/collections.louvre.fr\/media\/cache\/small\/0000000021\/0000113635\/0000181729_OG.JPG","copyright":"\u00a9 1964 RMN-Grand Palais (mus\u00e9e du Louvre) \/ Photographe inconnu","type":"","position":0}]}