{"arkId":"cl010061667","url":"https:\/\/collections.louvre.fr\/ark:\/53355\/cl010061667","modified ":"2022-06-03","title":"La Charit\u00e9 romaine ou Cimon et P\u00e9ro","titleComplement":"","denominationTitle":"Titre : La Charit\u00e9 romaine ou Cimon et P\u00e9ro","displayDateCreated":"Date de cr\u00e9ation\/fabrication : 2e quart du XVIIe si\u00e8cle (vers 1628 - 1630)","currentLocation":"Richelieu, [Peint] Salle 828 - Les peintres de Louis XIII, roi de France de 1610 \u00e0 1643","room":"Salle 828, Aile Richelieu, Niveau 2","isMuseesNationauxRecuperation":false,"dateCreated":[{"startYear":1628,"endYear":1630,"imprecision":"vers","text":"2e quart du XVIIe si\u00e8cle","type":"Date de cr\u00e9ation\/fabrication","doubt":""}],"creator":[{"label":"Mellin, Charles","attributionLevel":"Attribution actuelle","linkType":"","dates":[{"date":"1649","place":"Rome","type":"date de mort"},{"date":"1597 ?","place":"Nancy","type":"date de naissance"}],"creatorRole":"","authenticationType":"","doubt":"","attributedBy":"","attributedYear":"","wikidata":"Q549811"},{"label":"France","attributionLevel":"Attribution actuelle","linkType":"\u00c9cole de","creatorRole":"","authenticationType":"","doubt":"","attributedBy":"","attributedYear":"","wikidata":""}],"objectNumber":[{"value":"RF 1985 81","type":"Num\u00e9ro principal"}],"collection":"D\u00e9partement des Peintures","printsDrawingsEntity":"","printsDrawingsCollection":"","objectType":"","originalObject":"","printState":"","description":"","inscriptions":"","namesAndTitles":"","onomastics":"","dimension":[{"type":"Hauteur","value":"0,96","displayDimension":"0,96 m","unit":"m","anteriorPrecision":"","posteriorPrecision":"","tri":1,"note":""},{"type":"Hauteur avec accessoire","value":"1,225","displayDimension":"1,225 m","unit":"m","anteriorPrecision":"","posteriorPrecision":"","tri":2,"note":""},{"type":"Largeur","value":"0,73","displayDimension":"0,73 m","unit":"m","anteriorPrecision":"","posteriorPrecision":"","tri":3,"note":""},{"type":"Largeur avec accessoire","value":"0,995","displayDimension":"0,995 m","unit":"m","anteriorPrecision":"","posteriorPrecision":"","tri":4,"note":""}],"shape":"","materialsAndTechniques":"huile sur toile","placeOfCreation":"","dateOfDiscovery":"","placeOfDiscovery":"","provenance":"","historicalContext":[],"objectHistory":"Historique\nVente, Paris, h\u00f4tel Drouot (\u00e9tude Daubergue), 14 d\u00e9cembre 1985, no 65 ; acquis \u00e0 cette vente.\n\nCommentaire\nLe succ\u00e8s de cette composition de Mellin au cours du xviie si\u00e8cle est bien attest\u00e9. Elle a \u00e9t\u00e9 grav\u00e9e \u00e0 l\u2019eau-forte et au burin, estampe \u00e9dit\u00e9e par Ren\u00e9 Gu\u00e9rineau avec la mention fautive \u00ab L. de La Hyre inv. et fecit \u00bb (voir la feuille qui a appartenu \u00e0 la collection de Jacques Thuillier aujourd\u2019hui conserv\u00e9e au mus\u00e9e des Beaux-Arts de Nancy, inv. TH.99.15993). Une autre version de la peinture du Louvre est conserv\u00e9e au mus\u00e9e d\u2019Art et d\u2019Histoire de Gen\u00e8ve (huile sur toile ; 102 \u00d7 82 cm ; inv. 1831. 2). Enfin, une copie provenant de la collection de Louis XIV, figurant dans l\u2019inventaire Le Brun (no 340), a \u00e9t\u00e9 d\u00e9pos\u00e9e par le Louvre au mus\u00e9e des Ursulines \u00e0 M\u00e2con en 1872 (huile sur toile ; 92 \u00d7 68 cm ; INV. 8711). Un dessin en relation avec le tableau est conserv\u00e9 \u00e0 la Biblioteca Ambrosiana \u00e0 Milan (sanguine avec mise au carreau ; 27 \u00d7 21,4 cm ; inv. 7341) Le sujet est tir\u00e9 des Faits et dits m\u00e9morables de Val\u00e8re Maxime (V, 4), qui relate l\u2019\u00e9pisode de P\u00e9ro\ndonnant le sein \u00e0 son vieux p\u00e8re Cimon qui avait \u00e9t\u00e9 emprisonn\u00e9 et condamn\u00e9 \u00e0 ne recevoir aucune nourriture en attendant son ex\u00e9cution. Le tableau a \u00e9t\u00e9 rentoil\u00e9 par Jacques Joyerot en 1986. Il a \u00e9t\u00e9 restaur\u00e9 en couche picturale la m\u00eame ann\u00e9e par Anne Lepage.","jabachInventory":"","napoleonInventory":"","previousOwner":[],"acquisitionDetails":[{"mode":"achat par pr\u00e9emption en vente publique","doubt":"","dates":[{"type":"date de comit\u00e9\/commission","value":"13\/12\/1985","startYear":1985,"endYear":1985},{"type":"date du conseil","value":"18\/12\/1985","startYear":1985,"endYear":1985},{"type":"date de l\u0027arr\u00eat\u00e9\/d\u00e9cision","value":"19\/12\/1985","startYear":1985,"endYear":1985}]}],"ownedBy":"Etat","heldBy":"Mus\u00e9e du Louvre, D\u00e9partement des Peintures","longTermLoanTo":"","index":{"Category":[{"value":"peinture"}],"Imagery":[{"value":"litt\u00e9rature\/fantastique"},{"value":"sc\u00e8ne\/th\u00e8me all\u00e9gorique"}]},"bibliography":[{"bibliographyRef":"Milovanovic, Nicolas, Peintures fran\u00e7aises du XVIIe du mus\u00e9e du Louvre, Editions Gallimard \/ Mus\u00e9e du Louvre Editions, 2021","bibliographyDate":"2021","bibliographyDetail":"p. 162, ill.coul., n\u00b0355","comparison":false},{"bibliographyRef":"Malgouyres, Philippe (dir.), Charles Mellin : un Lorrain entre Rome et Naples, cat. exp. (Nancy, mus\u00e9e des Beaux-Arts, 4 mai-27 ao\u00fbt 2007 ; Caen, mus\u00e9e des Beaux-Arts, 21 septembre-31 d\u00e9cembre 2007), Paris, Somogy, 2007","bibliographyDate":"2007","bibliographyDetail":" ","comparison":false},{"bibliographyRef":"Laveissi\u00e8re, Sylvain, \u00ab Le Ma\u00eetre du pseudo Borno : Charles Mellin ?\nMuseen, 1990, p. 191-201. \u00bb, Jahrbuch der Berliner, 1990","bibliographyDate":"1990","bibliographyDetail":"p. 191-201.","comparison":false},{"bibliographyRef":"Brejon de Lavergn\u00e9e, Arnauld, L\u0027inventaire Le Brun de 1683. La collection des tableaux de Louis XIV, Paris, R\u00e9union des mus\u00e9es nationaux, 1987","bibliographyDate":"1987","bibliographyDetail":"N\u00b0340","comparison":false},{"bibliographyRef":"Foucart, Jacques (dir.), Mus\u00e9e du Louvre. Nouvelles acquisitions du D\u00e9partement des Peintures (1983-1986), Paris, R.M.N., 1987","bibliographyDate":"1987","bibliographyDetail":"p. 120-121","comparison":false},{"bibliographyRef":"Compin, Isabelle ; Roquebert, Anne, Catalogue sommaire illustr\u00e9 des peintures du mus\u00e9e du Louvre et du mus\u00e9e d\u0027Orsay.\u00a0IV. Ecole fran\u00e7aise, L-Z, Paris, R.M.N., 1986","bibliographyDate":"1986","bibliographyDetail":"p. 82, ill. n\u0026b","comparison":false},{"bibliographyRef":"L\u0027All\u00e9gorie dans la peinture, la repr\u00e9sentation de la charit\u00e9 au XVIIe si\u00e8cle, cat. exp. (Caen, mus\u00e9e des Beaux-Arts, 27 juin - 13 octobre 1986), Caen, Mus\u00e9e des Beaux-Arts, 1986","bibliographyDate":"1986","bibliographyDetail":"N\u00b031","comparison":false}],"exhibition":[{"value":"Charles Mellin, Caen (France), Mus\u00e9e des Beaux-Arts, 21\/09\/2007 - 31\/12\/2007, \u00e9tape d\u0027une exposition itin\u00e9rante "},{"value":"Charles Mellin, Nancy (France), Mus\u00e9e des Beaux-Arts, 04\/05\/2007 - 27\/08\/2007, \u00e9tape d\u0027une exposition itin\u00e9rante "}],"relatedWork":[],"image":[{"urlImage":"https:\/\/collections.louvre.fr\/media\/cache\/large\/0000000021\/0000061667\/0000136365_OG.JPG","urlThumbnail":"https:\/\/collections.louvre.fr\/media\/cache\/small\/0000000021\/0000061667\/0000136365_OG.JPG","copyright":"\u00a9 2012 RMN-Grand Palais (mus\u00e9e du Louvre) \/ Tony Querrec","type":"face, recto, avers, avant ; vue d\u0027ensemble ; vue sans cadre","position":0},{"urlImage":"https:\/\/collections.louvre.fr\/media\/cache\/original\/0000000021\/0000061667\/0000052817_OG.JPG","urlThumbnail":"https:\/\/collections.louvre.fr\/media\/cache\/small\/0000000021\/0000061667\/0000052817_OG.JPG","copyright":"\u00a9 2004 Mus\u00e9e du Louvre \/ Ang\u00e8le Dequier","type":"face, recto, avers, avant ; vue d\u0027ensemble ; vue avec cadre","position":1}]}