{"arkId":"cl010066822","url":"https:\/\/collections.louvre.fr\/ark:\/53355\/cl010066822","modified ":"2022-06-03","title":"Sainte Clotilde, femme de Clovis","titleComplement":"","denominationTitle":"Titre : Sainte Clotilde, femme de Clovis","displayDateCreated":"Date de cr\u00e9ation\/fabrication : 2e quart du XIXe si\u00e8cle (1844)","currentLocation":"Sully, [Peint] Salle 940 - Jean-Auguste-Dominique Ingres (1780-1867)","room":"Salle 940, Aile Sully, Niveau 2","isMuseesNationauxRecuperation":false,"dateCreated":[{"startYear":1844,"endYear":"","imprecision":"","text":"2e quart du XIXe si\u00e8cle","type":"Date de cr\u00e9ation\/fabrication","doubt":""}],"creator":[{"label":"Ingres, Jean-Auguste-Dominique","attributionLevel":"Attribution actuelle","linkType":"","dates":[{"date":"1867","place":"Paris","type":"date de mort"},{"date":"1780","place":"Montauban","type":"date de naissance"}],"creatorRole":"","authenticationType":"","doubt":"","attributedBy":"","attributedYear":"","wikidata":"Q23380"},{"label":"France","attributionLevel":"Attribution actuelle","linkType":"\u00c9cole de","creatorRole":"","authenticationType":"","doubt":"","attributedBy":"","attributedYear":"","wikidata":""}],"objectNumber":[{"value":"INV 20333","type":"Num\u00e9ro principal"}],"collection":"D\u00e9partement des Peintures","printsDrawingsEntity":"","printsDrawingsCollection":"","objectType":"","originalObject":"","printState":"","description":"debout aur\u00e9ol\u00e9e sur un podium \u00e0 son nom dans une arcade \u00e0 fond gris\u00e2tre, g\u00e9min\u00e9e bord\u00e9e de croisillons, de rosace et de tr\u00e8fles \u00e0 quatre feuilles, v\u00eatu d\u0027un manteau rouge   sur une robe brune, tresses sur la poitrine,  Regala: couronne sur la t\u00eate, sceptre\u00e0 la main droite et  croix \u00e0 celle de droite.","inscriptions":"Signature :  ; Sign\u00e9, dat\u00e9, en bas \u00e0 gauche: J.Ingres Pxit 1844","namesAndTitles":"","onomastics":"","dimension":[{"type":"Hauteur","value":"2,1","displayDimension":"2,1 m","unit":"m","anteriorPrecision":"","posteriorPrecision":"","tri":1,"note":""},{"type":"Hauteur avec accessoire","value":"2,18","displayDimension":"2,18 m","unit":"m","anteriorPrecision":"","posteriorPrecision":"","tri":2,"note":""},{"type":"Largeur","value":"0,92","displayDimension":"0,92 m","unit":"m","anteriorPrecision":"","posteriorPrecision":"","tri":3,"note":""},{"type":"Largeur avec accessoire","value":"0,97","displayDimension":"0,97 m","unit":"m","anteriorPrecision":"","posteriorPrecision":"","tri":4,"note":""}],"shape":"","materialsAndTechniques":"huile sur toile","placeOfCreation":"","dateOfDiscovery":"","placeOfDiscovery":"","provenance":"","historicalContext":[],"objectHistory":"Cartons peints en 1843-1844 pour les vitraux de la chapelle royale Saint-Louis, \u00e0 Dreux. Commande de Louis-Philippe, 1843","jabachInventory":"","napoleonInventory":"","previousOwner":[],"acquisitionDetails":[{"mode":"commande","doubt":"","dates":[{"type":"date","value":"1843","startYear":1843,"endYear":1843}]}],"ownedBy":"Etat","heldBy":"Mus\u00e9e du Louvre, D\u00e9partement des Peintures","longTermLoanTo":"","index":{"Category":[{"value":"peinture"}],"Imagery":[{"value":"d\u00e9cor"},{"value":"portrait\/personnage\/nu"},{"value":"religion\/mythologie\/magie\/zodiaque"},{"value":"portrait"},{"value":"sc\u00e8ne\/culte\/personnage chr\u00e9tien"},{"value":"d\u00e9cor religieux"}]},"bibliography":[{"bibliographyRef":"Les cartons de vitraux des collections du Louvre, cat. exp. (Paris, Mus\u00e9e du Louvre mai-septembre 2002), Paris, R.M.N, 2002","bibliographyDate":"2002","bibliographyDetail":"p. 42,106, coul, n\u00b0 20","comparison":false},{"bibliographyRef":"Compin, Isabelle ; Roquebert, Anne, Catalogue sommaire illustr\u00e9 des peintures du mus\u00e9e du Louvre et du mus\u00e9e d\u0027Orsay.\u00a0III. Ecole fran\u00e7aise, A-K, Paris, R.M.N., 1986","bibliographyDate":"1986","bibliographyDetail":"p. 321, ill. n\u0026b","comparison":false},{"bibliographyRef":"Ternois, Daniel, Ingres, Milan \/ Paris, 1980","bibliographyDate":"1980","bibliographyDetail":"n\u00b0 283","comparison":false},{"bibliographyRef":"Compin, Isabelle ; Reynaud, Nicole, Catalogue des peintures du mus\u00e9e du Louvre.\u00a0I,\u00a0Ecole fran\u00e7aise, Paris, R.M.N., 1972","bibliographyDate":"1972","bibliographyDetail":"p. 209","comparison":false},{"bibliographyRef":"Camesasca, Ettore, Tout l\u0027oeuvre peint d\u0027Ingres, Paris, Flammarion, 1971","bibliographyDate":"1971","bibliographyDetail":"n\u00b0 136c","comparison":false}],"exhibition":[{"value":"Les cartons de vitraux d\u0027Ingres, La Chapelle, 23\/05\/2002 - 23\/09\/2002 "}],"relatedWork":[],"image":[{"urlImage":"https:\/\/collections.louvre.fr\/media\/cache\/large\/0000000021\/0000066822\/0000393258_OG.JPG","urlThumbnail":"https:\/\/collections.louvre.fr\/media\/cache\/small\/0000000021\/0000066822\/0000393258_OG.JPG","copyright":"\u00a9 1992 RMN-Grand Palais (mus\u00e9e du Louvre) \/ Ren\u00e9-Gabriel Oj\u00e9da","type":"face, recto, avers, avant ; vue d\u0027ensemble ; vue sans cadre","position":0},{"urlImage":"https:\/\/collections.louvre.fr\/media\/cache\/original\/0000000021\/0000066822\/0000050184_OG.JPG","urlThumbnail":"https:\/\/collections.louvre.fr\/media\/cache\/small\/0000000021\/0000066822\/0000050184_OG.JPG","copyright":"\u00a9 1999 Mus\u00e9e du Louvre \/ Ang\u00e8le Dequier","type":"face, recto, avers, avant ; vue d\u0027ensemble ; vue avec cadre","position":1}]}