{"arkId":"cl010094743","url":"https:\/\/collections.louvre.fr\/ark:\/53355\/cl010094743","modified ":"2022-06-03","title":"Fragment d\u0027arcature","titleComplement":"","denominationTitle":"Titre : Fragment d\u0027arcature\nAutre titre : El\u00e9ment du d\u00e9cor du soubassement d\u0027un tombeau.","displayDateCreated":"Date de cr\u00e9ation\/fabrication : vers 1350 - 1400","currentLocation":"Richelieu, [SCULPT] Salle 207 - Gisants gothiques - La sculpture fun\u00e9raire au 14e si\u00e8cle, Vitrine 01 ","room":"Salle 207, Aile Richelieu, Niveau 0","isMuseesNationauxRecuperation":false,"dateCreated":[{"startYear":1350,"endYear":1400,"imprecision":"vers","text":"2e moiti\u00e9 du XIVe si\u00e8cle","type":"Date de cr\u00e9ation\/fabrication","doubt":""}],"creator":[{"label":"France \u00cele-de-France","attributionLevel":"Attribution actuelle","linkType":"","creatorRole":"","authenticationType":"","doubt":"","attributedBy":"","attributedYear":"","wikidata":""}],"objectNumber":[{"value":"RF 2843","type":"Num\u00e9ro principal"}],"collection":"D\u00e9partement des Sculptures du Moyen Age, de la Renaissance et des temps modernes","printsDrawingsEntity":"","printsDrawingsCollection":"","objectType":"fragment d\u0027arcature","originalObject":"","printState":"","description":"","inscriptions":"","namesAndTitles":"","onomastics":"","dimension":[{"type":"Hauteur","value":"0,37","displayDimension":"0,37 m","unit":"m","anteriorPrecision":"","posteriorPrecision":"","tri":1,"note":""},{"type":"Largeur","value":"0,83","displayDimension":"0,83 m","unit":"m","anteriorPrecision":"","posteriorPrecision":"","tri":2,"note":""},{"type":"Profondeur","value":"0,07","displayDimension":"0,07 m","unit":"m","anteriorPrecision":"","posteriorPrecision":"","tri":3,"note":""}],"shape":"","materialsAndTechniques":"marbre","placeOfCreation":"","dateOfDiscovery":"","placeOfDiscovery":"","provenance":"","historicalContext":[],"objectHistory":"Pourraient avoir appartenu \u00e0 un monument de l\u0027\u00e9glise abbatiale de Saint-Denis ou d\u0027une \u00e9glise parisienne. Collection particuli\u00e8re, Paris. \nVente, Paris, H\u00f4tel Drouot, 9 f\u00e9vrier 1962 (sans catalogue). Acquis \u00e0 cette vente (comit\u00e9 du 1er mars 1962, arr\u00eat\u00e9 du 29 mars 1962).","jabachInventory":"","napoleonInventory":"","previousOwner":[],"acquisitionDetails":[{"mode":"achat en vente publique","doubt":"","dates":[{"type":"date de comit\u00e9\/commission","value":"01\/03\/1962","startYear":1962,"endYear":1962},{"type":"date de l\u0027arr\u00eat\u00e9\/d\u00e9cision","value":"29\/03\/1962","startYear":1962,"endYear":1962}]}],"ownedBy":"Etat","heldBy":"Mus\u00e9e du Louvre, D\u00e9partement des Sculptures du Moyen Age, de la Renaissance et des temps modernes","longTermLoanTo":"","index":{"Category":[{"value":"\u00e9l\u00e9ment d\u0027architecture, d\u00e9cor int\u00e9rieur et ext\u00e9rieur, huisserie"},{"value":"sculpture"}],"Materials":[{"value":"mat\u00e9riau d\u0027origine min\u00e9rale"},{"value":"pierre"},{"value":"marbre"}]},"bibliography":[{"bibliographyRef":"Baron, Fran\u00e7oise, Mus\u00e9e du Louvre - Sculpture fran\u00e7aise - I - Moyen Age, Paris, 1996","bibliographyDate":"1996","bibliographyDetail":"p. 147","comparison":false}],"exhibition":[],"relatedWork":[],"image":[{"urlImage":"https:\/\/collections.louvre.fr\/media\/cache\/large\/0000000021\/0000094743\/0000840064_OG.JPG","urlThumbnail":"https:\/\/collections.louvre.fr\/media\/cache\/small\/0000000021\/0000094743\/0000840064_OG.JPG","copyright":"\u00a9 1975 RMN-Grand Palais (mus\u00e9e du Louvre) \/ Photographe inconnu","type":"","position":0},{"urlImage":"https:\/\/collections.louvre.fr\/media\/cache\/large\/0000000021\/0000094743\/0000267787_OG.JPG","urlThumbnail":"https:\/\/collections.louvre.fr\/media\/cache\/small\/0000000021\/0000094743\/0000267787_OG.JPG","copyright":"\u00a9 1999 Mus\u00e9e du Louvre \/ Pierre Philibert","type":"","position":1}]}