{"arkId":"cl010064512","url":"https:\/\/collections.louvre.fr\/ark:\/53355\/cl010064512","modified ":"2022-06-03","title":"La Crucifixion","titleComplement":"","denominationTitle":"Titre : La Crucifixion","displayDateCreated":"Date de cr\u00e9ation\/fabrication : 1e quart du XVIe si\u00e8cle (1503)","currentLocation":"Denon, [Peint] Salle 710 - Grande Galerie, Salle 710 - (2e trav\u00e9e)","room":"Salle 710, Aile Denon, Niveau 1","isMuseesNationauxRecuperation":false,"dateCreated":[{"startYear":1503,"endYear":"","imprecision":"","text":"1e quart du XVIe si\u00e8cle","type":"Date de cr\u00e9ation\/fabrication","doubt":""}],"creator":[{"label":"Solario, Andrea (dit Andrea di Bartolo)","attributionLevel":"Attribution actuelle","linkType":"","dates":[{"date":"1524","place":"?","type":"date de mort"},{"date":" vers 1465","place":"Milan ?","type":"date de naissance"}],"creatorRole":"","authenticationType":"","doubt":"","attributedBy":"","attributedYear":"","wikidata":"Q495110"},{"label":"Italie","attributionLevel":"Attribution actuelle","linkType":"\u00c9cole de","creatorRole":"","authenticationType":"","doubt":"","attributedBy":"","attributedYear":"","wikidata":""}],"objectNumber":[{"value":"INV 61","type":"Num\u00e9ro principal"}],"collection":"D\u00e9partement des Peintures","printsDrawingsEntity":"","printsDrawingsCollection":"","objectType":"","originalObject":"","printState":"","description":"","inscriptions":"","namesAndTitles":"","onomastics":"","dimension":[{"type":"Hauteur","value":"1,11","displayDimension":"1,11 m","unit":"m","anteriorPrecision":"","posteriorPrecision":"","tri":1,"note":""},{"type":"Hauteur avec accessoire","value":"1,273","displayDimension":"1,273 m","unit":"m","anteriorPrecision":"","posteriorPrecision":"","tri":2,"note":""},{"type":"Largeur","value":"0,77","displayDimension":"0,77 m","unit":"m","anteriorPrecision":"","posteriorPrecision":"","tri":3,"note":""},{"type":"Largeur avec accessoire","value":"0,955","displayDimension":"0,955 m","unit":"m","anteriorPrecision":"","posteriorPrecision":"","tri":4,"note":""}],"shape":"","materialsAndTechniques":"huile sur bois","placeOfCreation":"","dateOfDiscovery":"","placeOfDiscovery":"","provenance":"","historicalContext":[],"objectHistory":"Entr\u00e9 au Louvre entre 1842 et 1845.","jabachInventory":"","napoleonInventory":"","previousOwner":[],"acquisitionDetails":[{"mode":"mode d\u0027acquisition inconnu","doubt":"","dates":[]}],"ownedBy":"Etat","heldBy":"Mus\u00e9e du Louvre, D\u00e9partement des Peintures","longTermLoanTo":"","index":{"Category":[{"value":"peinture"}],"Imagery":[{"value":"religion\/mythologie\/magie\/zodiaque"},{"value":"divinit\u00e9\/Trinit\u00e9 chr\u00e9tienne"}]},"bibliography":[{"bibliographyRef":"Villata, Edoardo, \u00ab Andrea Solario en Normandie \u00bb, dans Provini, Sandra ; Bonnier, Xavier ; Milhe-Poutingon, G\u00e9rard (dir.), La Renaissance \u00e0 Rouen. L\u0027essor artistique et culturel dans la Normandie des d\u00e9cennies 1480-1530 (actes de colloque, universit\u00e9 de Rouen, 18-20 juin 2015), Presses universitaires de Rouen et du Havre, 2019","bibliographyDate":"2019","bibliographyDetail":"p. 209","comparison":false},{"bibliographyRef":"Scailli\u00e9rez, C\u00e9cile, \u00ab XVIe si\u00e8cle \u00bb, dans Foucart-Walter, \u00c9lisabeth (dir.), Catalogue des peintures italiennes du mus\u00e9e du Louvre. Catalogue sommaire: XVIe si\u00e8cle autres \u00e9coles, [Mus\u00e9e du Louvre, D\u00e9partement des peintures], Paris, Editions Gallimard\/Mus\u00e9e du Louvre Editions, 2007","bibliographyDate":"2007","bibliographyDetail":"p. 100, ill. n\u0026b","comparison":false},{"bibliographyRef":"Brown, David Alan, Andrea Solario, Milan, Electa, 1987","bibliographyDate":"1987","bibliographyDetail":"p. 16","comparison":false},{"bibliographyRef":"B\u00e9guin, Sylvie (dir.), Andrea Solario en France, cat. exp. (Mus\u00e9e du Louvre, D\u00e9partement des Peintures. Les dossiers du D\u00e9partement des Peintures n\u00b031), Paris, 1985","bibliographyDate":"1985","bibliographyDetail":"p. 18-22","comparison":false},{"bibliographyRef":"Brejon de Lavergn\u00e9e, Arnauld ; Thi\u00e9baut, Dominique, Catalogue sommaire illustr\u00e9 des peintures du mus\u00e9e du Louvre. II. Italie, Espagne, Allemagne, Grande-Bretagne et divers, Paris, R.M.N., 1981","bibliographyDate":"1981","bibliographyDetail":"p. 239, ill. n\u0026b","comparison":false},{"bibliographyRef":"Cogliati Arano, Luisa, Andrea Solario, Milan, E. T. I., 1966","bibliographyDate":"1966","bibliographyDetail":"p. 32","comparison":false},{"bibliographyRef":"Exposition de 700 tableaux de toutes les \u00e9coles ant\u00e9rieurs \u00e0 1800 tir\u00e9s des r\u00e9serves du d\u00e9partement des peintures, cat. exp. (Paris, Mus\u00e9e du Louvre, 1960), Paris, 1960","bibliographyDate":"1960","bibliographyDetail":"p. 51, n\u00b0 181","comparison":false},{"bibliographyRef":"Suida, Wilhelm, Leonardo und sein Kreis, Munich, Bruckmann, 1929","bibliographyDate":"1929","bibliographyDetail":"p. 292","comparison":false},{"bibliographyRef":"Hautecoeur, Louis, Mus\u00e9e national du Louvre. Catalogue des peintures expos\u00e9es dans les galeries. II. Ecole italienne et Ecole espagnole, Paris, Mus\u00e9es nationaux, 1926","bibliographyDate":"1926","bibliographyDetail":"n\u00b0 1532","comparison":false},{"bibliographyRef":"Badt, Kurt, Andrea Solario, sein Leben und seine Werke. Ein Beitrag zur Kunstgeschichte der Lombardei, Leipzig, Klinkhardt \u0026 Biermann, 1914","bibliographyDate":"1914","bibliographyDetail":"p. 209","comparison":false},{"bibliographyRef":"Ricci, Seymour de, Description raisonn\u00e9e des peintures du Louvre. I. Ecoles \u00e9trang\u00e8res. Italie et Espagne, Paris, Imprimerie de l\u0027art, 1913","bibliographyDate":"1913","bibliographyDetail":"n\u00b01532","comparison":false},{"bibliographyRef":"Villot, Fr\u00e9d\u00e9ric, Notice des tableaux expos\u00e9s dans les galeries du Mus\u00e9e National du Louvre. 1re partie. \u00c9coles d\u0027Italie, Paris, Vinchon, 1852","bibliographyDate":"1852","bibliographyDetail":"n\u00b036","comparison":false}],"exhibition":[{"value":"Andrea Solario, Napol\u00e9on, Exposition Temporaire sous pyramide, 14\/11\/1985 - 28\/02\/1985 "}],"relatedWork":[],"image":[{"urlImage":"https:\/\/collections.louvre.fr\/media\/cache\/large\/0000000021\/0000064512\/0000203871_OG.JPG","urlThumbnail":"https:\/\/collections.louvre.fr\/media\/cache\/small\/0000000021\/0000064512\/0000203871_OG.JPG","copyright":"\u00a9 1989 RMN-Grand Palais (mus\u00e9e du Louvre) \/ G\u00e9rard Blot","type":"face, recto, avers, avant ; vue d\u0027ensemble ; vue sans cadre","position":0},{"urlImage":"https:\/\/collections.louvre.fr\/media\/cache\/original\/0000000021\/0000064512\/0000054507_OG.JPG","urlThumbnail":"https:\/\/collections.louvre.fr\/media\/cache\/small\/0000000021\/0000064512\/0000054507_OG.JPG","copyright":"\u00a9 2004 Mus\u00e9e du Louvre \/ Ang\u00e8le Dequier","type":"face, recto, avers, avant ; vue d\u0027ensemble ; vue avec cadre","position":1}]}