{"arkId":"cl010067423","url":"https:\/\/collections.louvre.fr\/ark:\/53355\/cl010067423","modified ":"2022-06-03","title":"Vertumne et Pomone","titleComplement":"","denominationTitle":"Titre : Vertumne et Pomone","displayDateCreated":"Date de cr\u00e9ation\/fabrication : XVIe si\u00e8cle (1500 - 1600)","currentLocation":"Richelieu, [Peint] Salle 823 - Premi\u00e8re \u00c9cole de Fontainebleau","room":"Salle 823, Aile Richelieu, Niveau 2","isMuseesNationauxRecuperation":false,"dateCreated":[{"startYear":1500,"endYear":1600,"imprecision":"","text":"XVIe si\u00e8cle","type":"Date de cr\u00e9ation\/fabrication","doubt":""}],"creator":[{"label":"Dubreuil, Toussaint","attributionLevel":"Attribution actuelle","linkType":"Cercle, milieu, entourage de","dates":[{"date":"1602","place":"Paris","type":"date de mort"},{"date":"1561","place":"Paris","type":"date de naissance"}],"creatorRole":"","authenticationType":"","doubt":"","attributedBy":"","attributedYear":"","wikidata":"Q386127"},{"label":"France","attributionLevel":"Attribution actuelle","linkType":"\u00c9cole de","creatorRole":"","authenticationType":"","doubt":"","attributedBy":"","attributedYear":"","wikidata":""}],"objectNumber":[{"value":"RF 2007 8","type":"Num\u00e9ro principal"}],"collection":"D\u00e9partement des Peintures","printsDrawingsEntity":"","printsDrawingsCollection":"","objectType":"","originalObject":"","printState":"","description":"","inscriptions":"","namesAndTitles":"","onomastics":"","dimension":[{"type":"Hauteur avec accessoire","value":"1,07","displayDimension":"1,07 m","unit":"m","anteriorPrecision":"","posteriorPrecision":"","tri":2,"note":""},{"type":"Largeur avec accessoire","value":"0,88","displayDimension":"0,88 m","unit":"m","anteriorPrecision":"","posteriorPrecision":"","tri":4,"note":""}],"shape":"","materialsAndTechniques":"huile","placeOfCreation":"","dateOfDiscovery":"","placeOfDiscovery":"","provenance":"","historicalContext":[],"objectHistory":"","jabachInventory":"","napoleonInventory":"","previousOwner":[],"acquisitionDetails":[{"mode":"achat en vente publique","doubt":"","dates":[{"type":"date du conseil","value":"10\/05\/2007","startYear":2007,"endYear":2007},{"type":"date de comit\u00e9\/commission","value":"10\/05\/2007","startYear":2007,"endYear":2007},{"type":"date de vente publique","value":"13\/05\/2007","startYear":2007,"endYear":2007},{"type":"date de l\u0027arr\u00eat\u00e9\/d\u00e9cision","value":"24\/05\/2007","startYear":2007,"endYear":2007}]}],"ownedBy":"Etat","heldBy":"Mus\u00e9e du Louvre, D\u00e9partement des Peintures","longTermLoanTo":"","index":{"Category":[{"value":"peinture"}],"Imagery":[{"value":"religion\/mythologie\/magie\/zodiaque"},{"value":"personnage mythologique"}]},"bibliography":[{"bibliographyRef":"Occhipinti, Carmelo, \u00ab Fontainebleau, le \u0027paragone\u0027 et le souvenir de L\u00e9onard de Vinci \u00bb, dans Elsig, Fr\u00e9d\u00e9ric (dir.), Peindre en France \u00e0 la Renaissance. II. Fontainebleau et son rayonnement, Cinisello Balsamo, Milan, Silvana, 2012, p. 23-35","bibliographyDate":"2012","bibliographyDetail":"p. 32","comparison":false},{"bibliographyRef":"Loyrette, Henri, sous la direction de ; Van Tuyll van Serooskerken, Carel, coordination scientifique ; Andreu, Guillemette, La recherche au mus\u00e9e du Louvre: 2010, Paris\/Milan, Mus\u00e9e du Louvre\/Officina Libraria, 2011","bibliographyDate":"2011","bibliographyDetail":"p. 268","comparison":false},{"bibliographyRef":"Scailli\u00e9rez, C\u00e9cile, \u00ab Le tableau du mois n\u00b0 168: Vertumne et Pomone - Un tableau de l\u0027Ecole de Fontainebleau r\u00e9cemment acquis. Un hommage \u00e0 Sylvie B\u00e9guin (1919-2010), sp\u00e9cialiste de l\u0027Ecole de Fontainebleau, r\u00e9cemment disparue \u00bb, Tableau du mois, 168, du 7 avril au 3 mai 2010, 2010, 1-4","bibliographyDate":"2010","bibliographyDetail":"p. 1-4, ill. n\u0026b","comparison":false}],"exhibition":[],"relatedWork":[],"image":[{"urlImage":"https:\/\/collections.louvre.fr\/media\/cache\/large\/0000000021\/0000067423\/0000135323_OG.JPG","urlThumbnail":"https:\/\/collections.louvre.fr\/media\/cache\/small\/0000000021\/0000067423\/0000135323_OG.JPG","copyright":"\u00a9 2009 RMN-Grand Palais (mus\u00e9e du Louvre) \/ Ren\u00e9-Gabriel Oj\u00e9da","type":"face, recto, avers, avant ; vue d\u0027ensemble ; vue sans cadre","position":0},{"urlImage":"https:\/\/collections.louvre.fr\/media\/cache\/original\/0000000021\/0000067423\/0000597232_OG.JPG","urlThumbnail":"https:\/\/collections.louvre.fr\/media\/cache\/small\/0000000021\/0000067423\/0000597232_OG.JPG","copyright":"\u00a9 2007 Mus\u00e9e du Louvre \/ Ang\u00e8le Dequier","type":"face, recto, avers, avant ; vue d\u0027ensemble ; vue avec cadre","position":1}]}