{"arkId":"cl010089221","url":"https:\/\/collections.louvre.fr\/ark:\/53355\/cl010089221","modified ":"2022-06-03","title":"Cheval du groupe de l\u0027Arc de Triomphe du Carrousel","titleComplement":"","denominationTitle":"Titre : Cheval du groupe de l\u0027Arc de Triomphe du Carrousel","displayDateCreated":"Date de cr\u00e9ation\/fabrication : 1827","currentLocation":"[SCULPT] Arc de triomphe du Carrousel","room":"","isMuseesNationauxRecuperation":false,"dateCreated":[{"startYear":1827,"endYear":"","imprecision":"","text":"XIXe si\u00e8cle","type":"Date de cr\u00e9ation\/fabrication","doubt":""}],"creator":[{"label":"Bosio, Fran\u00e7ois-Joseph","attributionLevel":"Attribution actuelle","linkType":"","dates":[{"date":"1768","place":"Monaco","type":"date de naissance"},{"date":"1845","place":"Paris","type":"date de mort"}],"creatorRole":"","authenticationType":"","doubt":"","attributedBy":"","attributedYear":"","wikidata":"Q659429"},{"label":"France","attributionLevel":"Attribution actuelle","linkType":"","creatorRole":"","authenticationType":"","doubt":"","attributedBy":"","attributedYear":"","wikidata":""}],"objectNumber":[{"value":"CC 200","type":"Num\u00e9ro principal"}],"collection":"D\u00e9partement des Sculptures du Moyen Age, de la Renaissance et des temps modernes","printsDrawingsEntity":"","printsDrawingsCollection":"","objectType":"statue","originalObject":"","printState":"","description":"","inscriptions":"","namesAndTitles":"","onomastics":"","dimension":[{"type":"Hauteur","value":"2,5","displayDimension":"2,5 m","unit":"m","anteriorPrecision":"","posteriorPrecision":"","tri":1,"note":""},{"type":"Largeur","value":"2,8","displayDimension":"2,8 m","unit":"m","anteriorPrecision":"","posteriorPrecision":"","tri":2,"note":""}],"shape":"","materialsAndTechniques":"bronze","placeOfCreation":"","dateOfDiscovery":"","placeOfDiscovery":"","provenance":"","historicalContext":[],"objectHistory":"","jabachInventory":"","napoleonInventory":"","previousOwner":[],"acquisitionDetails":[],"ownedBy":"Etat","heldBy":"Mus\u00e9e du Louvre, D\u00e9partement des Sculptures du Moyen Age, de la Renaissance et des temps modernes","longTermLoanTo":"","index":{"Category":[{"value":"statue, statuette, figurine"},{"value":"sculpture"}],"Materials":[{"value":"mat\u00e9riau d\u0027origine min\u00e9rale"},{"value":"m\u00e9tal"},{"value":"alliage"},{"value":"alliage binaire"},{"value":"bronze"}],"Imagery":[{"value":"animal\/plante\/nature morte"},{"value":"sc\u00e8ne\/th\u00e8me animalier"}]},"bibliography":[{"bibliographyRef":"Deschamps-Tan, St\u00e9phanie ; Picot-Bocquillon, Sophie, \u00ab L\u0027arc du Carrousel une \u00e9pop\u00e9e du XIXe si\u00e8cle \u00bb, Grande Galerie : le journal du Louvre, 46, Hiver 2018\/2019, p. 71-82","bibliographyDate":"","bibliographyDetail":"p. 71-77","comparison":false}],"exhibition":[],"relatedWork":[{"objectUrl":"https:\/\/collections.louvre.fr\/ark:\/53355\/cl010448882","type":"Partie de"},{"objectUrl":"https:\/\/collections.louvre.fr\/ark:\/53355\/cl010089218","type":"El\u00e9ment d\u0027un ensemble"},{"objectUrl":"https:\/\/collections.louvre.fr\/ark:\/53355\/cl010089219","type":"El\u00e9ment d\u0027un ensemble"},{"objectUrl":"https:\/\/collections.louvre.fr\/ark:\/53355\/cl010089220","type":"El\u00e9ment d\u0027un ensemble"},{"objectUrl":"https:\/\/collections.louvre.fr\/ark:\/53355\/cl010089411","type":"El\u00e9ment d\u0027un ensemble"},{"objectUrl":"https:\/\/collections.louvre.fr\/ark:\/53355\/cl010090970","type":"El\u00e9ment d\u0027un ensemble"},{"objectUrl":"https:\/\/collections.louvre.fr\/ark:\/53355\/cl010091971","type":"El\u00e9ment d\u0027un ensemble"},{"objectUrl":"https:\/\/collections.louvre.fr\/ark:\/53355\/cl010091982","type":"El\u00e9ment d\u0027un ensemble"},{"objectUrl":"https:\/\/collections.louvre.fr\/ark:\/53355\/cl010091984","type":"El\u00e9ment d\u0027un ensemble"},{"objectUrl":"https:\/\/collections.louvre.fr\/ark:\/53355\/cl010092014","type":"El\u00e9ment d\u0027un ensemble"},{"objectUrl":"https:\/\/collections.louvre.fr\/ark:\/53355\/cl010092020","type":"El\u00e9ment d\u0027un ensemble"},{"objectUrl":"https:\/\/collections.louvre.fr\/ark:\/53355\/cl010092027","type":"El\u00e9ment d\u0027un ensemble"},{"objectUrl":"https:\/\/collections.louvre.fr\/ark:\/53355\/cl010092093","type":"El\u00e9ment d\u0027un ensemble"},{"objectUrl":"https:\/\/collections.louvre.fr\/ark:\/53355\/cl010092126","type":"El\u00e9ment d\u0027un ensemble"},{"objectUrl":"https:\/\/collections.louvre.fr\/ark:\/53355\/cl010092138","type":"El\u00e9ment d\u0027un ensemble"},{"objectUrl":"https:\/\/collections.louvre.fr\/ark:\/53355\/cl010092233","type":"El\u00e9ment d\u0027un ensemble"},{"objectUrl":"https:\/\/collections.louvre.fr\/ark:\/53355\/cl010092235","type":"El\u00e9ment d\u0027un ensemble"},{"objectUrl":"https:\/\/collections.louvre.fr\/ark:\/53355\/cl010092275","type":"El\u00e9ment d\u0027un ensemble"},{"objectUrl":"https:\/\/collections.louvre.fr\/ark:\/53355\/cl010092472","type":"El\u00e9ment d\u0027un ensemble"},{"objectUrl":"https:\/\/collections.louvre.fr\/ark:\/53355\/cl010092473","type":"El\u00e9ment d\u0027un ensemble"},{"objectUrl":"https:\/\/collections.louvre.fr\/ark:\/53355\/cl010092523","type":"El\u00e9ment d\u0027un ensemble"}],"image":[{"urlImage":"https:\/\/collections.louvre.fr\/media\/cache\/original\/0000000021\/0000089221\/0000704466_OG.JPG","urlThumbnail":"https:\/\/collections.louvre.fr\/media\/cache\/original\/0000000021\/0000089221\/0000704466_OG.JPG","copyright":"\u00a9 2008 Mus\u00e9e du Louvre \/ Pierre Philibert","type":"","position":0}]}