{"arkId":"cl010094451","url":"https:\/\/collections.louvre.fr\/ark:\/53355\/cl010094451","modified ":"2022-06-03","title":"La Paix","titleComplement":"","denominationTitle":"Titre : La Paix\nTitre d\u0027usage : Le Retour","displayDateCreated":"Date de cr\u00e9ation\/fabrication : vers 1833","currentLocation":"Richelieu, [SCULPT] Salle 226 - Antoine-Louis Barye (1796-1875) - Le romantisme en sculpture, Vitrine 01 ","room":"Salle 226, Aile Richelieu, Niveau 0","isMuseesNationauxRecuperation":false,"dateCreated":[{"startYear":1833,"endYear":"","imprecision":"vers","text":"XIXe si\u00e8cle","type":"Date de cr\u00e9ation\/fabrication","doubt":""}],"creator":[{"label":"Rude, Fran\u00e7ois","attributionLevel":"Attribution actuelle","linkType":"","dates":[{"date":"1784","place":"Dijon","type":"date de naissance"},{"date":"1855","place":"Paris","type":"date de mort"}],"creatorRole":"","authenticationType":"","doubt":"","attributedBy":"","attributedYear":"","wikidata":"Q346491"},{"label":"France","attributionLevel":"Attribution actuelle","linkType":"","creatorRole":"","authenticationType":"","doubt":"","attributedBy":"","attributedYear":"","wikidata":""}],"objectNumber":[{"value":"RF 2434","type":"Num\u00e9ro principal"}],"collection":"D\u00e9partement des Sculptures du Moyen Age, de la Renaissance et des temps modernes","printsDrawingsEntity":"","printsDrawingsCollection":"","objectType":"esquisse","originalObject":"","printState":"","description":"","inscriptions":"","namesAndTitles":"","onomastics":"","dimension":[{"type":"Hauteur","value":"0,746","displayDimension":"0,746 m","unit":"m","anteriorPrecision":"","posteriorPrecision":"","tri":1,"note":""},{"type":"Largeur","value":"0,314","displayDimension":"0,314 m","unit":"m","anteriorPrecision":"","posteriorPrecision":"","tri":2,"note":""},{"type":"Profondeur","value":"0,124","displayDimension":"0,124 m","unit":"m","anteriorPrecision":"","posteriorPrecision":"","tri":3,"note":""}],"shape":"","materialsAndTechniques":"pl\u00e2tre patin\u00e9","placeOfCreation":"","dateOfDiscovery":"","placeOfDiscovery":"","provenance":"","historicalContext":[],"objectHistory":"Esquisse fragmentaire (partie sup\u00e9rieure manquante) d\u0027un projet pour l\u0027un des pi\u00e9droits de l\u0027arc de triomphe de l\u0027\u00c9toile \u00e0 Paris. Probablement ex\u00e9cut\u00e9e apr\u00e8s une note d\u2019Adolphe Thiers (1797-1877), ministre du Commerce et des Travaux publics, du 27 f\u00e9vrier 1833 et avant la commande pass\u00e9e le 23 juillet 1833 au sculpteur Jean-Pierre Cortot (1787-1843) pour la d\u00e9coration du m\u00eame pi\u00e9droit. Identifi\u00e9e au d\u00e9p\u00f4t des marbres de l\u0027Etat par Paul Vitry (11 novembre 1872, Paris \u2013 7 avril 1941, Paris), conservateur des sculptures au Louvre, et attribu\u00e9e au Louvre en 1935.","jabachInventory":"","napoleonInventory":"","previousOwner":[],"acquisitionDetails":[{"mode":"attribu\u00e9 au Louvre","doubt":"","dates":[{"type":"date","value":"1935","startYear":1935,"endYear":1935}]}],"ownedBy":"Etat","heldBy":"Mus\u00e9e du Louvre, D\u00e9partement des Sculptures du Moyen Age, de la Renaissance et des temps modernes","longTermLoanTo":"","index":{"Category":[{"value":"mod\u00e8le et esquisse"},{"value":"sculpture"}],"Materials":[{"value":"mat\u00e9riau d\u0027origine min\u00e9rale"},{"value":"pierre"},{"value":"gypse"},{"value":"pl\u00e2tre"}],"technic":[{"value":"patin\u00e9"}],"Imagery":[{"value":"animal\/plante\/nature morte"},{"value":"d\u00e9cor"},{"value":"guerre\/combat\/chasse"},{"value":"litt\u00e9rature\/fantastique"},{"value":"portrait\/personnage\/nu"},{"value":"sc\u00e8ne de genre\/vie quotidienne\/travail"},{"value":"personnage masculin"},{"value":"costume\/coiffure\/couronne\/bijou"},{"value":"objet\/instrument\/mobilier\/accessoire"}]},"bibliography":[{"bibliographyRef":"Fran\u00e7ois et Sophie Rude - Un couple d\u0027artistes au XIXe si\u00e8cle, citoyens de la Libert\u00e9, cat. exp. (Dijon (France), Mus\u00e9e des Beaux-Arts, du 12 octobre 2012 au 28 janvier 2013), Paris, Somogy \u00e9ditions d\u0027art, 2012","bibliographyDate":"2012","bibliographyDetail":" ","comparison":false},{"bibliographyRef":"La sculpture fran\u00e7aise au XIXe si\u00e8cle, Paris, Galeries nationales du Grand-Palais, 1986, 1986","bibliographyDate":"1986","bibliographyDetail":"n\u00b0 101","comparison":false},{"bibliographyRef":"Quarr\u00e9, Pierre, \u00ab Projets de Rude pour la d\u00e9coration de l\u0027Arc de Triomphe de l\u0027\u00c9toile \u00bb, M\u00e9moires de la commission des antiquit\u00e9s de la C\u00f4te d\u0027Or, 21, s.d., 360","bibliographyDate":"","bibliographyDetail":" ","comparison":false}],"exhibition":[{"value":"Fran\u00e7ois et Sophie Rude - Un couple d\u0027artistes au XIXe si\u00e8cle, citoyens de la Libert\u00e9, Dijon (France), Mus\u00e9e des Beaux-Arts, 12\/10\/2012 - 28\/01\/2013, \u00e9tape d\u0027une exposition itin\u00e9rante "}],"relatedWork":[],"image":[{"urlImage":"https:\/\/collections.louvre.fr\/media\/cache\/large\/0000000021\/0000094451\/0000264881_OG.JPG","urlThumbnail":"https:\/\/collections.louvre.fr\/media\/cache\/small\/0000000021\/0000094451\/0000264881_OG.JPG","copyright":"\u00a9 1994 Mus\u00e9e du Louvre \/ Pierre Philibert","type":"","position":0},{"urlImage":"https:\/\/collections.louvre.fr\/media\/cache\/large\/0000000021\/0000094451\/0000264882_OG.JPG","urlThumbnail":"https:\/\/collections.louvre.fr\/media\/cache\/small\/0000000021\/0000094451\/0000264882_OG.JPG","copyright":"\u00a9 1994 Mus\u00e9e du Louvre \/ Pierre Philibert","type":"","position":1},{"urlImage":"https:\/\/collections.louvre.fr\/media\/cache\/large\/0000000021\/0000094451\/0000264883_OG.JPG","urlThumbnail":"https:\/\/collections.louvre.fr\/media\/cache\/small\/0000000021\/0000094451\/0000264883_OG.JPG","copyright":"\u00a9 1994 Mus\u00e9e du Louvre \/ Pierre Philibert","type":"","position":2},{"urlImage":"https:\/\/collections.louvre.fr\/media\/cache\/large\/0000000021\/0000094451\/0000264884_OG.JPG","urlThumbnail":"https:\/\/collections.louvre.fr\/media\/cache\/small\/0000000021\/0000094451\/0000264884_OG.JPG","copyright":"\u00a9 1994 Mus\u00e9e du Louvre \/ Pierre Philibert","type":"","position":3}]}