{"arkId":"cl010095697","url":"https:\/\/collections.louvre.fr\/ark:\/53355\/cl010095697","modified ":"2022-06-03","title":"La Nymphe","titleComplement":"","denominationTitle":"Titre : La Nymphe","displayDateCreated":"Date de cr\u00e9ation\/fabrication : 1930","currentLocation":"[SCULPT] Jardin du Carrousel","room":"","isMuseesNationauxRecuperation":false,"dateCreated":[{"startYear":1930,"endYear":"","imprecision":"","text":"XXe si\u00e8cle","type":"Date de cr\u00e9ation\/fabrication","doubt":""}],"creator":[{"label":"Maillol, Aristide","attributionLevel":"Attribution actuelle","linkType":"","dates":[{"date":"1944","place":"","type":"date de mort"},{"date":"1861","place":"","type":"date de naissance"}],"creatorRole":"","authenticationType":"","doubt":"","attributedBy":"","attributedYear":"","wikidata":"Q153920"},{"label":"France","attributionLevel":"Attribution actuelle","linkType":"","creatorRole":"","authenticationType":"","doubt":"","attributedBy":"","attributedYear":"","wikidata":""}],"objectNumber":[{"value":"FNAC 9491 ; FNAC 9644","type":"Num\u00e9ro principal"}],"collection":"Sculptures des jardins","printsDrawingsEntity":"","printsDrawingsCollection":"","objectType":"","originalObject":"","printState":"","description":"","inscriptions":"","namesAndTitles":"","onomastics":"","dimension":[{"type":"Hauteur","value":"1,55","displayDimension":"1,55 m","unit":"m","anteriorPrecision":"","posteriorPrecision":"","tri":1,"note":""},{"type":"Largeur","value":"0,62","displayDimension":"0,62 m","unit":"m","anteriorPrecision":"","posteriorPrecision":"","tri":2,"note":""},{"type":"Profondeur","value":"0,35","displayDimension":"0,35 m","unit":"m","anteriorPrecision":"","posteriorPrecision":"","tri":3,"note":""}],"shape":"","materialsAndTechniques":"bronze","placeOfCreation":"","dateOfDiscovery":"","placeOfDiscovery":"","provenance":"","historicalContext":[],"objectHistory":"Fait partie d\u2019un ensemble de sculptures fondues en 1964-1965, \u00e0 la suite de la donation par Lucien Maillol, fils de l\u2019artiste,  et par Dina Vierny, ex\u00e9cutrice testamentaire, des droits de tirage, pour \u00eatre install\u00e9es au jardin du Carrousel. La donation a \u00e9t\u00e9 suscit\u00e9e et fortement encourag\u00e9e par le ministre des Affaires culturelles Andr\u00e9 Malraux. Les fontes ont \u00e9t\u00e9 command\u00e9es par le service de la Cr\u00e9ation artistique, dirig\u00e9 par Bernard Anthonioz. Fait partie d\u2019un avenant \u00e0 un premier march\u00e9, notifi\u00e9 au fondeur Georges Rudier le 26 novembre 1964 pour un montant de 58.710 F ; livr\u00e9 en d\u00e9cembre 1964 ; plac\u00e9 dans le jardin du Carrousel  le 13 d\u00e9cembre 1964 ; \u00e0 la suite de la recr\u00e9ation du jardin du Carrousel par les paysagistes Jacques et Peter Wirtz, cette \u0153uvre a \u00e9t\u00e9 r\u00e9install\u00e9e en octobre 1995.","jabachInventory":"","napoleonInventory":"","previousOwner":[],"acquisitionDetails":[{"mode":"commande du minist\u00e8re","doubt":"","dates":[]}],"ownedBy":"Fonds national d\u0027art contemporain (FNAC, Minist\u00e8re de la Culture), FNAC, Puteaux","heldBy":"","longTermLoanTo":"","index":{"Category":[{"value":"statue, statuette, figurine"},{"value":"sculpture"}],"Materials":[{"value":"mat\u00e9riau d\u0027origine min\u00e9rale"},{"value":"m\u00e9tal"},{"value":"alliage"},{"value":"alliage binaire"},{"value":"bronze"}]},"bibliography":[{"bibliographyRef":"Bresc-Bautier, Genevi\u00e8ve ; Pingeot, Anne, Sculptures des jardins du Louvre, du Carrousel et des Tuileries, 2, Paris, 1986","bibliographyDate":"1986","bibliographyDetail":"n\u00b0 250","comparison":false}],"exhibition":[],"relatedWork":[],"image":[{"urlImage":"https:\/\/collections.louvre.fr\/media\/cache\/large\/0000000021\/0000095697\/0000255062_OG.JPG","urlThumbnail":"https:\/\/collections.louvre.fr\/media\/cache\/small\/0000000021\/0000095697\/0000255062_OG.JPG","copyright":"\u00a9 2004 Mus\u00e9e du Louvre \/ Pierre Philibert","type":"","position":0}]}