{"arkId":"cl010091195","url":"https:\/\/collections.louvre.fr\/ark:\/53355\/cl010091195","modified ":"2022-06-03","title":"Rembrandt","titleComplement":"","denominationTitle":"Titre : Rembrandt (Titre du Salon)\nD\u00e9signation : Rembrandt, Harmenszoon Van Rijn (1606-1669), peintre","displayDateCreated":"Date de cr\u00e9ation\/fabrication : 1819","currentLocation":"Richelieu, [SCULPT] Escalier Lefuel - 1er \u00e9tage","room":"Escalier Lefuel - 1er \u00e9tage, Aile Richelieu, Niveau 1","isMuseesNationauxRecuperation":false,"dateCreated":[{"startYear":1819,"endYear":"","imprecision":"","text":"XIXe si\u00e8cle","type":"Date de cr\u00e9ation\/fabrication","doubt":""}],"creator":[{"label":"Mansion, Simon","attributionLevel":"Attribution actuelle","linkType":"","dates":[{"date":"1773","place":"","type":"date de naissance"},{"date":"1854","place":"","type":"date de mort"}],"creatorRole":"","authenticationType":"","doubt":"","attributedBy":"","attributedYear":"","wikidata":"Q3484399"},{"label":"France","attributionLevel":"Attribution actuelle","linkType":"","creatorRole":"","authenticationType":"","doubt":"","attributedBy":"","attributedYear":"","wikidata":""}],"objectNumber":[{"value":"LL 224","type":"Num\u00e9ro principal"},{"value":"N 16094","type":"Autre num\u00e9ro d\u0027inventaire"}],"collection":"D\u00e9partement des Sculptures du Moyen Age, de la Renaissance et des temps modernes","printsDrawingsEntity":"","printsDrawingsCollection":"","objectType":"buste","originalObject":"","printState":"","description":"","inscriptions":"Inscription :  ; Sur le d\u00e9, devant : \u0022REMBRANT\u0022 [sic] ; Signature :  ; A droite : \u0022mansion \/ fecit. 1819.\u0022","namesAndTitles":"","onomastics":"","dimension":[{"type":"Hauteur","value":"0,77","displayDimension":"0,77 m","unit":"m","anteriorPrecision":"","posteriorPrecision":"","tri":1,"note":""},{"type":"Largeur","value":"0,68","displayDimension":"0,68 m","unit":"m","anteriorPrecision":"","posteriorPrecision":"","tri":2,"note":""},{"type":"Profondeur","value":"0,44","displayDimension":"0,44 m","unit":"m","anteriorPrecision":"","posteriorPrecision":"","tri":3,"note":""}],"shape":"","materialsAndTechniques":"marbre","placeOfCreation":"","dateOfDiscovery":"","placeOfDiscovery":"","provenance":"","historicalContext":[{"value":"Salon, Salon de 1819, Paris"}],"objectHistory":"Bloc de marbre d\u00e9livr\u00e9 le 7 septembre 1818 et pay\u00e9 par le minist\u00e8re de la Maison du Roi le 22 juin 1819. Buste livr\u00e9 le 25 ao\u00fbt 1819 et plac\u00e9 dans la Grande galerie du Louvre. Salon de 1819, n\u00b0 1350. D\u00e9pos\u00e9 au mus\u00e9e national du ch\u00e2teau de Compi\u00e8gne, du 25 juin 1928 au 14 novembre 1996.","jabachInventory":"","napoleonInventory":"","previousOwner":[],"acquisitionDetails":[{"mode":"retour de d\u00e9p\u00f4t","doubt":"","dates":[{"type":"date","value":"14\/11\/1996","startYear":1996,"endYear":1996}]}],"ownedBy":"Etat","heldBy":"Mus\u00e9e du Louvre, D\u00e9partement des Sculptures du Moyen Age, de la Renaissance et des temps modernes","longTermLoanTo":"Mus\u00e9e du Louvre, D\u00e9partement des Sculptures du Moyen Age, de la Renaissance et des temps modernes","index":{"Category":[{"value":"statue, statuette, figurine"},{"value":"sculpture"}],"Materials":[{"value":"mat\u00e9riau d\u0027origine min\u00e9rale"},{"value":"pierre"},{"value":"marbre"}],"Imagery":[{"value":"litt\u00e9rature\/fantastique"},{"value":"portrait\/personnage\/nu"},{"value":"portrait"},{"value":"personnage masculin"},{"value":"personnage europ\u00e9en"},{"value":"costume\/coiffure\/couronne\/bijou"},{"value":"objet\/instrument\/mobilier\/accessoire"}]},"bibliography":[{"bibliographyRef":"Barbet de Jouy, Henry, Mus\u00e9e national du Louvre. Description des Sculptures du Moyen-Age, de la Renaissance et des Temps modernes, Paris, 1873","bibliographyDate":"1873","bibliographyDetail":"n\u00b0 332","comparison":false},{"bibliographyRef":"Barbet de Jouy, Henry, Mus\u00e9e imp\u00e9rial du Louvre. Description des sculptures modernes, 1855","bibliographyDate":"1855","bibliographyDetail":"n\u00b0 332 ; 333","comparison":false},{"bibliographyRef":"Clarac, Charles Othon Fr\u00e9d\u00e9ric Jean-Baptiste de (Comte de), Mus\u00e9e de sculpture antique et moderne ou description historique et graphique du Louvre et de toutes ses parties, des statues, bustes, bas-reliefs et inscriptions du mus\u00e9e royal des Antiques et des Tuileries [\u2026], Paris, 1841-1853","bibliographyDate":"","bibliographyDetail":"n\u00b0 3625","comparison":false}],"exhibition":[],"relatedWork":[],"image":[{"urlImage":"https:\/\/collections.louvre.fr\/media\/cache\/large\/0000000021\/0000091195\/0000267321_OG.JPG","urlThumbnail":"https:\/\/collections.louvre.fr\/media\/cache\/small\/0000000021\/0000091195\/0000267321_OG.JPG","copyright":"\u00a9 1997 Mus\u00e9e du Louvre \/ Pierre Philibert","type":"","position":0},{"urlImage":"https:\/\/collections.louvre.fr\/media\/cache\/large\/0000000021\/0000091195\/0000267319_OG.JPG","urlThumbnail":"https:\/\/collections.louvre.fr\/media\/cache\/small\/0000000021\/0000091195\/0000267319_OG.JPG","copyright":"\u00a9 1997 Mus\u00e9e du Louvre \/ Pierre Philibert","type":"","position":1},{"urlImage":"https:\/\/collections.louvre.fr\/media\/cache\/large\/0000000021\/0000091195\/0000267320_OG.JPG","urlThumbnail":"https:\/\/collections.louvre.fr\/media\/cache\/small\/0000000021\/0000091195\/0000267320_OG.JPG","copyright":"\u00a9 1997 Mus\u00e9e du Louvre \/ Pierre Philibert","type":"","position":2},{"urlImage":"https:\/\/collections.louvre.fr\/media\/cache\/large\/0000000021\/0000091195\/0000267322_OG.JPG","urlThumbnail":"https:\/\/collections.louvre.fr\/media\/cache\/small\/0000000021\/0000091195\/0000267322_OG.JPG","copyright":"\u00a9 1997 Mus\u00e9e du Louvre \/ Pierre Philibert","type":"","position":3}]}