{"arkId":"cl010066759","url":"https:\/\/collections.louvre.fr\/ark:\/53355\/cl010066759","modified ":"2022-06-03","title":"La France, sous les traits de Minerve, terrasse l\u0027Ignorance et prot\u00e8ge les Arts","titleComplement":"","denominationTitle":"Titre : La France, sous les traits de Minerve, terrasse l\u0027Ignorance et prot\u00e8ge les Arts\nAncien titre : All\u00e9gorie de la France sous la figure de Minerve foulant aux pieds l\u0027Ignorance et couronnant la Vertu guerri\u00e8re","displayDateCreated":"Date de cr\u00e9ation\/fabrication : 1e quart du XVIIIe si\u00e8cle (1718)","currentLocation":"Denon, [Peint] Salle 724 (nord) - Collection Othon Kaufmann et Fran\u00e7ois Schlagete","room":"Salle 724, Aile Denon, Niveau 1","isMuseesNationauxRecuperation":false,"dateCreated":[{"startYear":1718,"endYear":"","imprecision":"","text":"1e quart du XVIIIe si\u00e8cle","type":"Date de cr\u00e9ation\/fabrication","doubt":""}],"creator":[{"label":"Ricci, Sebastiano","attributionLevel":"Attribution actuelle","linkType":"","dates":[{"date":"1734","place":"Venise","type":"date de mort"},{"date":"1659","place":"Bellano","type":"date de naissance"}],"creatorRole":"","authenticationType":"","doubt":"","attributedBy":"","attributedYear":"","wikidata":"Q506483"},{"label":"Italie","attributionLevel":"Attribution actuelle","linkType":"\u00c9cole de","creatorRole":"","authenticationType":"","doubt":"","attributedBy":"","attributedYear":"","wikidata":""}],"objectNumber":[{"value":"INV 562","type":"Num\u00e9ro principal"},{"value":"MR 449","type":"Autre num\u00e9ro d\u0027inventaire"}],"collection":"D\u00e9partement des Peintures","printsDrawingsEntity":"","printsDrawingsCollection":"","objectType":"","originalObject":"","printState":"","description":"","inscriptions":"","namesAndTitles":"","onomastics":"","dimension":[{"type":"Hauteur","value":"1,13","displayDimension":"1,13 m","unit":"m","anteriorPrecision":"","posteriorPrecision":"","tri":1,"note":""},{"type":"Hauteur avec accessoire","value":"1,3","displayDimension":"1,3 m","unit":"m","anteriorPrecision":"","posteriorPrecision":"","tri":2,"note":""},{"type":"Largeur","value":"0,84","displayDimension":"0,84 m","unit":"m","anteriorPrecision":"","posteriorPrecision":"","tri":3,"note":""},{"type":"Largeur avec accessoire","value":"1,03","displayDimension":"1,03 m","unit":"m","anteriorPrecision":"","posteriorPrecision":"","tri":4,"note":""}],"shape":"","materialsAndTechniques":"huile sur toile (transposition)","placeOfCreation":"","dateOfDiscovery":"","placeOfDiscovery":"","provenance":"","historicalContext":[],"objectHistory":"Pr\u00e9sent\u00e9 comme morceau de r\u00e9ception \u00e0 l\u0027Acad\u00e9mie royale de peinture et de sculpture de Paris, 28 mai 1718 ; saisi \u00e0 la R\u00e9volution et remis au Mus\u00e9e central des arts, 1798 ; expos\u00e9 au Mus\u00e9e Napol\u00e9on \u00e0 partir de 1804.","jabachInventory":"","napoleonInventory":"","previousOwner":[],"acquisitionDetails":[{"mode":"saisie r\u00e9volutionnaire","doubt":"","dates":[{"type":"date","value":"1798","startYear":1798,"endYear":1798}]}],"ownedBy":"Etat","heldBy":"Mus\u00e9e du Louvre, D\u00e9partement des Peintures","longTermLoanTo":"","index":{"Category":[{"value":"peinture"}],"Imagery":[{"value":"litt\u00e9rature\/fantastique"},{"value":"religion\/mythologie\/magie\/zodiaque"},{"value":"personnage litt\u00e9raire"},{"value":"sc\u00e8ne\/th\u00e8me all\u00e9gorique"},{"value":"divinit\u00e9 pa\u00efenne\/antique"},{"value":"divertissement"},{"value":"musique"},{"value":"objet\/instrument\/mobilier\/accessoire"},{"value":"cr\u00e9ature ail\u00e9e"}]},"bibliography":[{"bibliographyRef":"Loire, St\u00e9phane, \u00ab Valentine Toutain-Quittelier ,\u0027Le Carnaval, la Fortune et la Folie. La rencontre de Paris et \tVenise \u00e0 l\u0027aube des Lum\u00e8res\u0027 (Rennes, Presses Universitaires de Rennes, 2017) (compte \trendu \u00bb, Ricche Minere, 11, 2019, p. 129-133","bibliographyDate":"2019","bibliographyDetail":"p. 132, fig. 3 couleurs","comparison":false},{"bibliographyRef":"Toutain-Quittelier, Valentine, Le Carnaval, la Fortune et la Folie. La rencontre de Paris et Venise \u00e0 l\u2019aube des Lumi\u00e8res, Rennes, Presses universitaires de Rennes, 2018","bibliographyDate":"2018","bibliographyDetail":"p. 16, 77-79, 106, notes 77-78, fig. 36 couleurs","comparison":false},{"bibliographyRef":"Loire, St\u00e9phane, Peintures italiennes du XVIIIe si\u00e8cle du mus\u00e9e du Louvre, [Mus\u00e9e du Louvre, d\u00e9partement des Peintures], Paris, Gallimard \/ Mus\u00e9e du Louvre Editions, 2017","bibliographyDate":"2017","bibliographyDetail":"p. 13, 292-295, 473, 475, 480, ill. coul. p. 293","comparison":false},{"bibliographyRef":"Loire, St\u00e9phane, \u00ab XVIIIe si\u00e8cle \u00bb, dans Foucart-Walter, \u00c9lisabeth (dir.), Catalogue des peintures italiennes du mus\u00e9e du Louvre. Catalogue sommaire, [Mus\u00e9e du Louvre, D\u00e9partement des peintures], Paris, Mus\u00e9e du Louvre Editions \/ Gallimard, 2007, p. 183-219","bibliographyDate":"2007","bibliographyDetail":"p. 208, ill. n\u0026b","comparison":false}],"exhibition":[{"value":"Rencontres \u00e0 Venise : \u00e9trangers et v\u00e9nitiens dans la peinture du XVIIe si\u00e8cle, Ajaccio (Externe, France), Mus\u00e9e-Palais Fesch, 29\/06\/2018 - 01\/10\/2018 "}],"relatedWork":[],"image":[{"urlImage":"https:\/\/collections.louvre.fr\/media\/cache\/large\/0000000021\/0000066759\/0000135114_OG.JPG","urlThumbnail":"https:\/\/collections.louvre.fr\/media\/cache\/small\/0000000021\/0000066759\/0000135114_OG.JPG","copyright":"\u00a9 2009 RMN-Grand Palais (mus\u00e9e du Louvre) \/ St\u00e9phane Mar\u00e9challe","type":"face, recto, avers, avant ; vue d\u0027ensemble ; vue sans cadre","position":0},{"urlImage":"https:\/\/collections.louvre.fr\/media\/cache\/large\/0000000021\/0000066759\/0000135115_OG.JPG","urlThumbnail":"https:\/\/collections.louvre.fr\/media\/cache\/small\/0000000021\/0000066759\/0000135115_OG.JPG","copyright":"\u00a9 2009 RMN-Grand Palais (mus\u00e9e du Louvre) \/ St\u00e9phane Mar\u00e9challe","type":"face, recto, avers, avant ; d\u00e9tail","position":1},{"urlImage":"https:\/\/collections.louvre.fr\/media\/cache\/original\/0000000021\/0000066759\/0000054180_OG.JPG","urlThumbnail":"https:\/\/collections.louvre.fr\/media\/cache\/small\/0000000021\/0000066759\/0000054180_OG.JPG","copyright":"\u00a9 2004 Mus\u00e9e du Louvre \/ Ang\u00e8le Dequier","type":"face, recto, avers, avant ; vue d\u0027ensemble ; vue avec cadre","position":2}]}