{"arkId":"cl010061785","url":"https:\/\/collections.louvre.fr\/ark:\/53355\/cl010061785","modified ":"2022-06-03","title":"Androm\u00e8de attach\u00e9e au rocher par les N\u00e9r\u00e9ides","titleComplement":"","denominationTitle":"Titre : Androm\u00e8de attach\u00e9e au rocher par les N\u00e9r\u00e9ides","displayDateCreated":"Date de cr\u00e9ation\/fabrication : 1e moiti\u00e9 du XIXe si\u00e8cle (1840)","currentLocation":"Sully, [Peint] Salle 942 - Eug\u00e8ne Delacroix (1798-1863)","room":"Salle 942, Aile Sully, Niveau 2","isMuseesNationauxRecuperation":false,"dateCreated":[{"startYear":1840,"endYear":"","imprecision":"","text":"1e moiti\u00e9 du XIXe si\u00e8cle","type":"Date de cr\u00e9ation\/fabrication","doubt":""}],"creator":[{"label":"Chass\u00e9riau, Th\u00e9odore","attributionLevel":"Attribution actuelle","linkType":"","dates":[{"date":"1856","place":"Paris","type":"date de mort"},{"date":"1819","place":"Sainte-Barbe-de-Samana (Antilles)","type":"date de naissance"}],"creatorRole":"","authenticationType":"","doubt":"","attributedBy":"","attributedYear":"","wikidata":"Q342467"},{"label":"France","attributionLevel":"Attribution actuelle","linkType":"\u00c9cole de","creatorRole":"","authenticationType":"","doubt":"","attributedBy":"","attributedYear":"","wikidata":""}],"objectNumber":[{"value":"RF 1986 63","type":"Num\u00e9ro principal"}],"collection":"D\u00e9partement des Peintures","printsDrawingsEntity":"","printsDrawingsCollection":"","objectType":"","originalObject":"","printState":"","description":"","inscriptions":"Signature :  ; S.D.b.g.: T.Chass\u00e9riau 1840","namesAndTitles":"","onomastics":"","dimension":[{"type":"Hauteur","value":"0,92","displayDimension":"0,92 m","unit":"m","anteriorPrecision":"","posteriorPrecision":"","tri":1,"note":""},{"type":"Hauteur avec accessoire","value":"1,17","displayDimension":"1,17 m","unit":"m","anteriorPrecision":"","posteriorPrecision":"","tri":2,"note":""},{"type":"Largeur","value":"0,74","displayDimension":"0,74 m","unit":"m","anteriorPrecision":"","posteriorPrecision":"","tri":3,"note":""},{"type":"Largeur avec accessoire","value":"0,98","displayDimension":"0,98 m","unit":"m","anteriorPrecision":"","posteriorPrecision":"","tri":4,"note":""}],"shape":"","materialsAndTechniques":"huile sur toile","placeOfCreation":"","dateOfDiscovery":"","placeOfDiscovery":"","provenance":"","historicalContext":[],"objectHistory":"Salon de 1841 (n\u00b0326); Coll. Eug\u00e8ne Piot; Vente apr\u00e8s d\u00e9c\u00e8s d\u0027Eug\u00e8ne Piot, Paris, H\u00f4tel Drouot (21-24 mai 1890, n\u00b0549); Acquis par le baron Arthur Chass\u00e9riau qui le l\u00e9gua \u00e0 J-L Vaudoyer (1883-1963); acquis aupr\u00e8s de sa fille et h\u00e9riti\u00e8re, Mme Doublet-Vaudoyer en 1986 (comit\u00e9 du 10\/X, conseil du 15\/X et arr\u00eat\u00e9 du 27\/X).","jabachInventory":"","napoleonInventory":"","previousOwner":[],"acquisitionDetails":[{"mode":"achat","doubt":"","dates":[{"type":"date d\u0027arriv\u00e9e au Mus\u00e9e","value":"1986","startYear":1986,"endYear":1986}]}],"ownedBy":"Etat","heldBy":"Mus\u00e9e du Louvre, D\u00e9partement des Peintures","longTermLoanTo":"","index":{"Category":[{"value":"peinture"}],"Imagery":[{"value":"paysage, ph\u00e9nom\u00e8ne naturel, \u00e9l\u00e9ment du cosmos"},{"value":"portrait\/personnage\/nu"},{"value":"religion\/mythologie\/magie\/zodiaque"},{"value":"paysage maritime"},{"value":"personnage f\u00e9minin"},{"value":"divinit\u00e9 pa\u00efenne\/antique"}]},"bibliography":[{"bibliographyRef":"Gu\u00e9gan, St\u00e9phane ; Pomar\u00e8de, Vincent ; Prat, Louis-Antoine, Chass\u00e9riau un autre romantisme, Paris, R.M.N\/Mus\u00e9es de Strasbourg, 2002","bibliographyDate":"2002","bibliographyDetail":"p. 138-141, coul, Cat.65","comparison":false},{"bibliographyRef":"Foucart, Jacques (dir.), Mus\u00e9e du Louvre. Nouvelles acquisitions du D\u00e9partement des Peintures (1983-1986), Paris, R.M.N., 1987","bibliographyDate":"1987","bibliographyDetail":"p. 148-150","comparison":false}],"exhibition":[{"value":"Th\u00e9odore Chass\u00e9riau, Paris (France), Galeries nationales du Grand Palais, 06\/02\/2002 - 15\/04\/2002, \u00e9tape d\u0027une exposition itin\u00e9rante "},{"value":"Au temps du Romantisme, de Delacroix \u00e0 Courbet, Paris (France), Galeries nationales du Grand Palais, 16\/04\/1996 - 15\/07\/1996, \u00e9tape d\u0027une exposition itin\u00e9rante "},{"value":"Au temps du Romantisme, de Delacroix \u00e0 Courbet, Plaisance (Externe, Italie), Palazzo Gotico, 06\/09\/1996 - 17\/11\/1996, \u00e9tape d\u0027une exposition itin\u00e9rante "},{"value":"Au temps du Romantisme, de Delacroix \u00e0 Courbet, Nantes (France), Mus\u00e9e des Beaux-Arts, 04\/12\/1995 - 17\/03\/1996, \u00e9tape d\u0027une exposition itin\u00e9rante "}],"relatedWork":[],"image":[{"urlImage":"https:\/\/collections.louvre.fr\/media\/cache\/large\/0000000021\/0000061785\/0000373112_OG.JPG","urlThumbnail":"https:\/\/collections.louvre.fr\/media\/cache\/small\/0000000021\/0000061785\/0000373112_OG.JPG","copyright":"\u00a9 2015 RMN-Grand Palais (mus\u00e9e du Louvre) \/ Philippe Fuzeau","type":"face, recto, avers, avant ; vue d\u0027ensemble ; vue sans cadre","position":0},{"urlImage":"https:\/\/collections.louvre.fr\/media\/cache\/original\/0000000021\/0000061785\/0000052513_OG.JPG","urlThumbnail":"https:\/\/collections.louvre.fr\/media\/cache\/small\/0000000021\/0000061785\/0000052513_OG.JPG","copyright":"\u00a9 2003 Mus\u00e9e du Louvre \/ Ang\u00e8le Dequier","type":"face, recto, avers, avant ; vue d\u0027ensemble ; vue avec cadre","position":1},{"urlImage":"https:\/\/collections.louvre.fr\/media\/cache\/original\/0000000021\/0000061785\/0000354299_OG.JPG","urlThumbnail":"https:\/\/collections.louvre.fr\/media\/cache\/small\/0000000021\/0000061785\/0000354299_OG.JPG","copyright":"\u00a9 1995 RMN-Grand Palais (mus\u00e9e du Louvre) \/ Herv\u00e9 Lewandowski","type":"face, recto, avers, avant ; vue d\u0027ensemble ; vue sans cadre","position":2}]}