{"arkId":"cl010059309","url":"https:\/\/collections.louvre.fr\/ark:\/53355\/cl010059309","modified ":"2022-06-03","title":"Portrait d\u0027un jeune homme vu en buste, tourn\u00e9  de trois-quarts vers le spectateur","titleComplement":"","denominationTitle":"Titre : Portrait d\u0027un jeune homme vu en buste, tourn\u00e9  de trois-quarts vers le spectateur","displayDateCreated":"Date de cr\u00e9ation\/fabrication : 2e quart du XVIIe si\u00e8cle (1640 - 1650)","currentLocation":"Richelieu, [Peint] Salle 802 - Grande peinture flamande de la premi\u00e8re moiti\u00e9 du 17e si\u00e8cle","room":"Salle 802, Aile Richelieu, Niveau 2","isMuseesNationauxRecuperation":false,"dateCreated":[{"startYear":1640,"endYear":1650,"imprecision":"","text":"2e quart du XVIIe si\u00e8cle","type":"Date de cr\u00e9ation\/fabrication","doubt":""}],"creator":[{"label":"Oost, Jacob I van","attributionLevel":"Attribution actuelle","linkType":"Attribu\u00e9 \u00e0","dates":[{"date":"1671","place":"Bruges","type":"date de mort"},{"date":"1601","place":"Bruges","type":"date de naissance"}],"creatorRole":"","authenticationType":"","doubt":"","attributedBy":"","attributedYear":"","wikidata":"Q388619"},{"label":"Pays-Bas du Sud","attributionLevel":"Attribution actuelle","linkType":"\u00c9cole de","creatorRole":"","authenticationType":"","doubt":"","attributedBy":"","attributedYear":"","wikidata":""}],"objectNumber":[{"value":"INV 1930 bis","type":"Num\u00e9ro principal"},{"value":"MR 1090","type":"Autre num\u00e9ro d\u0027inventaire"}],"collection":"D\u00e9partement des Peintures","printsDrawingsEntity":"","printsDrawingsCollection":"","objectType":"","originalObject":"","printState":"","description":"L\u2019ancienne attribution peu d\u00e9fendable sur le plan du style doit s\u2019expliquer par une confusion entre deux portraits d\u2019homme ayant figur\u00e9 \u00e0 l\u2019Inventaire du Mus\u00e9e Napol\u00e9on, l\u2019un donn\u00e9 \u00e0 H. C. van Vliet (pour W. van Vliet !) expos\u00e9 au Louvre (cat. de 1810, n\u00b0 669) et restitu\u00e9 aux autorit\u00e9s de La Haye en 1815, et l\u2019INV. 1930 bis qui, d\u2019anonyme, devint par la suite un H. van Vliet par usurpation de nom en quelque sorte. L\u2019attribution actuelle (Hofstede de Groot et Gudlaugsson, dossiers du R.K.D., cf. B\u00e9guin) tient compte de la double culture \u2013 flamande et italienne \u2013 dont se nourrit un tel portrait. \u2013 \u00c0 dater vers 1640-1650.","inscriptions":"","namesAndTitles":"","onomastics":"","dimension":[{"type":"Hauteur","value":"0,8","displayDimension":"0,8 m","unit":"m","anteriorPrecision":"","posteriorPrecision":"","tri":1,"note":""},{"type":"Largeur","value":"0,615","displayDimension":"0,615 m","unit":"m","anteriorPrecision":"","posteriorPrecision":"","tri":3,"note":""}],"shape":"","materialsAndTechniques":"huile sur toile","placeOfCreation":"","dateOfDiscovery":"","placeOfDiscovery":"","provenance":"","historicalContext":[],"objectHistory":"D\u00e9p\u00f4t de Saint-Louis-des-Fran\u00e7ais \u00e0 Rome (tableaux de coll. priv\u00e9es saisis par la France \u00e0 Rome ou \u00e0 Naples en 1797-1798) ; exp\u00e9di\u00e9 \u00e0 Marseille avec le lot de peintures non restitu\u00e9es aux autorit\u00e9s napolitaines, en 1802 ; parvenu \u00e0 Paris vers 1803 : n\u00b0 43 de la liste de Dufourny, comme Van Dyck ; port\u00e9 \u00e0 l\u2019Inventaire du Mus\u00e9e Napol\u00e9on (comme inconnu de l\u2019\u00e9cole flamande, avec provenance : Saint-Louis-des-Fran\u00e7ais [\u00e0 Rome]) ; inventori\u00e9 sous la Restauration (Inventaire M.R. 1090) puis au milieu du XIXe s. (Inventaire Villot) comme \u00e0 Hendrick van der Vliet.","jabachInventory":"","napoleonInventory":"","previousOwner":[],"acquisitionDetails":[{"mode":"saisie napol\u00e9onienne","doubt":"","dates":[{"type":"date","value":"1803","startYear":1803,"endYear":1803}]}],"ownedBy":"Etat","heldBy":"Mus\u00e9e du Louvre, D\u00e9partement des Peintures","longTermLoanTo":"","index":{"Category":[{"value":"peinture"}],"Imagery":[{"value":"portrait\/personnage\/nu"},{"value":"personnage masculin"}]},"bibliography":[{"bibliographyRef":"Foucart-Walter, \u00c9lisabeth (dir.), Foucart, Jacques, Catalogue des peintures flamandes et hollandaises du mus\u00e9e du Louvre, [Mus\u00e9e du Louvre, d\u00e9partement des Peintures], Paris, Editions Gallimard \/ Mus\u00e9e du Louvre Editions, 2009","bibliographyDate":"2009","bibliographyDetail":"p. 194; 289, ill. n\u0026b","comparison":false},{"bibliographyRef":"Exposition de 700 tableaux de toutes les \u00e9coles ant\u00e9rieurs \u00e0 1800 tir\u00e9s des r\u00e9serves du d\u00e9partement des peintures, cat. exp. (Paris, Mus\u00e9e du Louvre, 1960), Paris, 1960","bibliographyDate":"1960","bibliographyDetail":"p. 67, n\u00b0260","comparison":false}],"exhibition":[],"relatedWork":[],"image":[{"urlImage":"https:\/\/collections.louvre.fr\/media\/cache\/large\/0000000021\/0000059309\/0000739304_OG.JPG","urlThumbnail":"https:\/\/collections.louvre.fr\/media\/cache\/small\/0000000021\/0000059309\/0000739304_OG.JPG","copyright":"\u00a9 2017 RMN-Grand Palais (mus\u00e9e du Louvre) \/ Tony Querrec","type":"face, recto, avers, avant ; vue d\u0027ensemble ; vue sans cadre","position":0},{"urlImage":"https:\/\/collections.louvre.fr\/media\/cache\/original\/0000000021\/0000059309\/0000366947_OG.JPG","urlThumbnail":"https:\/\/collections.louvre.fr\/media\/cache\/small\/0000000021\/0000059309\/0000366947_OG.JPG","copyright":"\u00a9 2001 RMN-Grand Palais (mus\u00e9e du Louvre) \/ G\u00e9rard Blot","type":"face, recto, avers, avant ; vue d\u0027ensemble ; vue sans cadre","position":1},{"urlImage":"https:\/\/collections.louvre.fr\/media\/cache\/original\/0000000021\/0000059309\/0000051252_OG.JPG","urlThumbnail":"https:\/\/collections.louvre.fr\/media\/cache\/small\/0000000021\/0000059309\/0000051252_OG.JPG","copyright":"\u00a9 2000 Mus\u00e9e du Louvre \/ Ang\u00e8le Dequier","type":"face, recto, avers, avant ; vue d\u0027ensemble ; vue avec cadre","position":2}]}