{"arkId":"cl010091253","url":"https:\/\/collections.louvre.fr\/ark:\/53355\/cl010091253","modified ":"2022-06-03","title":"Jeune p\u00e9cheur dansant la tarentelle (souvenir de Naples)","titleComplement":"","denominationTitle":"Titre : Jeune p\u00e9cheur dansant la tarentelle (souvenir de Naples) (Titre du Salon)","displayDateCreated":"Date de cr\u00e9ation\/fabrication : 1832","currentLocation":"Richelieu, [SCULPT] Salle 226 - Antoine-Louis Barye (1796-1875) - Le romantisme en sculpture","room":"Salle 226, Aile Richelieu, Niveau 0","isMuseesNationauxRecuperation":false,"dateCreated":[{"startYear":1832,"endYear":"","imprecision":"","text":"XIXe si\u00e8cle","type":"Date de cr\u00e9ation\/fabrication","doubt":""}],"creator":[{"label":"France","attributionLevel":"Attribution actuelle","linkType":"","creatorRole":"","authenticationType":"","doubt":"","attributedBy":"","attributedYear":"","wikidata":""},{"label":"Duret, Francisque-Joseph","attributionLevel":"Attribution actuelle","linkType":"","dates":[{"date":"1804","place":"Paris","type":"date de naissance"},{"date":"1865","place":"Paris","type":"date de mort"}],"creatorRole":"","authenticationType":"","doubt":"","attributedBy":"","attributedYear":"","wikidata":"Q1442354"},{"label":"Gonon, Eug\u00e8ne","attributionLevel":"Attribution actuelle","linkType":"","dates":[{"date":"1814","place":"","type":"date de naissance"},{"date":"1892","place":"","type":"date de mort"}],"creatorRole":"Fondeur","authenticationType":"","doubt":"","attributedBy":"","attributedYear":"","wikidata":"Q3059896"}],"objectNumber":[{"value":"LP 62","type":"Num\u00e9ro principal"},{"value":"RF 171","type":"Autre num\u00e9ro d\u0027inventaire"}],"collection":"D\u00e9partement des Sculptures du Moyen Age, de la Renaissance et des temps modernes","printsDrawingsEntity":"","printsDrawingsCollection":"","objectType":"statue","originalObject":"","printState":"","description":"","inscriptions":"Marque de l\u0027atelier :  ; FONDU PAR \/ HO[N \u00e0 l\u2019envers]ORE GO[N \u00e0 l\u2019envers]O[N \u00e0 l\u2019envers] ET SES FILS (marque du fondeur, sur la plinthe, \u00e0 gauche) ; Signature :  ; Duret fecit (Sur la terrasse, \u00e0 droite) ; F.DURET \/ 1832 (sur la plinthe \u00e0 droite)","namesAndTitles":"","onomastics":"","dimension":[{"type":"Hauteur","value":"1,58","displayDimension":"1,58 m","unit":"m","anteriorPrecision":"","posteriorPrecision":"","tri":1,"note":""},{"type":"Largeur","value":"0,67","displayDimension":"0,67 m","unit":"m","anteriorPrecision":"","posteriorPrecision":"","tri":2,"note":""},{"type":"Profondeur","value":"0,58","displayDimension":"0,58 m","unit":"m","anteriorPrecision":"","posteriorPrecision":"","tri":3,"note":""}],"shape":"","materialsAndTechniques":"bronze","placeOfCreation":"","dateOfDiscovery":"","placeOfDiscovery":"","provenance":"","historicalContext":[{"value":"Salon, Salon de 1833, Paris"},{"value":"Exposition universelle, Exposition universelle de 1855, Paris"}],"objectHistory":"Salon de 1833, n\u00b0 2525. Acquis par le minist\u00e8re de la Maison du Roi par d\u00e9cision du 7 juin, pay\u00e9 le 28 septembre 1833, et plac\u00e9 au mus\u00e9e du Luxembourg. Exposition universelle de 1855, n\u00b0 4359. Affect\u00e9 au Louvre par arr\u00eat\u00e9 minist\u00e9riel du 3 mai 1874. Entr\u00e9 en septembre 1874.","jabachInventory":"","napoleonInventory":"","previousOwner":[],"acquisitionDetails":[{"mode":"achat apr\u00e8s commande Maison du roi","doubt":"","dates":[{"type":"date","value":"07\/06\/1833","startYear":1833,"endYear":1833},{"type":"date","value":"28\/09\/1833","startYear":1833,"endYear":1833},{"type":"date de l\u0027arr\u00eat\u00e9\/d\u00e9cision","value":"03\/05\/1874","startYear":1874,"endYear":1874},{"type":"date d\u0027arriv\u00e9e au Mus\u00e9e","value":"01\/09\/1874","startYear":1874,"endYear":1874}]}],"ownedBy":"Etat","heldBy":"Mus\u00e9e du Louvre, D\u00e9partement des Sculptures du Moyen Age, de la Renaissance et des temps modernes","longTermLoanTo":"","index":{"Category":[{"value":"statue, statuette, figurine"},{"value":"sculpture"}],"Materials":[{"value":"mat\u00e9riau d\u0027origine min\u00e9rale"},{"value":"m\u00e9tal"},{"value":"alliage"},{"value":"alliage binaire"},{"value":"bronze"}],"Imagery":[{"value":"portrait\/personnage\/nu"},{"value":"acad\u00e9mie\/nu"},{"value":"personnage masculin"},{"value":"personnage europ\u00e9en"},{"value":"costume\/coiffure\/couronne\/bijou"},{"value":"divertissement"},{"value":"danse"}]},"bibliography":[{"bibliographyRef":"Chefs d\u0027oeuvre de l\u0027art fran\u00e7ais, I, textes - II, planches, cat. exp. (Paris, Palais National des Arts, 1937), Paris, 1937","bibliographyDate":"1937","bibliographyDetail":"p. 503, n\u00b0 1125","comparison":false},{"bibliographyRef":"Vitry, Paul, Mus\u00e9e national du Louvre. Catalogue des sculptures du Moyen \u00c2ge, de la Renaissance et des Temps modernes. Premi\u00e8re partie, Moyen \u00c2ge et Renaissance ; deuxi\u00e8me partie, Temps modernes, I, Paris, 1922","bibliographyDate":"1922","bibliographyDetail":"n\u00b0 1277","comparison":false},{"bibliographyRef":"Michel, Andr\u00e9, Mus\u00e9e national du Louvre. Catalogue sommaire des sculptures du Moyen \u00c2ge, de la Renaissance et des Temps Modernes, Paris, 1897","bibliographyDate":"1897","bibliographyDetail":"n\u00b0 670","comparison":false},{"bibliographyRef":"Explication des ouvrages de peinture et de sculpture de l\u0027\u00c9cole moderne de France expos\u00e9s dans le mus\u00e9e royal du Luxembourg, Paris, 1834","bibliographyDate":"1834","bibliographyDetail":"n\u00b0 154","comparison":false}],"exhibition":[{"value":"Vincenzo Gemito, Paris (Externe, France), Petit Palais - Mus\u00e9e des beaux arts de la ville de Paris, 15\/10\/2019 - 26\/01\/2020, \u00e9tape d\u0027une exposition itin\u00e9rante "}],"relatedWork":[],"image":[{"urlImage":"https:\/\/collections.louvre.fr\/media\/cache\/large\/0000000021\/0000091253\/0000327967_OG.JPG","urlThumbnail":"https:\/\/collections.louvre.fr\/media\/cache\/small\/0000000021\/0000091253\/0000327967_OG.JPG","copyright":"\u00a9 RMN-Grand Palais (mus\u00e9e du Louvre) \/ Jean-Gilles Berizzi","type":"","position":0},{"urlImage":"https:\/\/collections.louvre.fr\/media\/cache\/large\/0000000021\/0000091253\/0000264074_OG.JPG","urlThumbnail":"https:\/\/collections.louvre.fr\/media\/cache\/small\/0000000021\/0000091253\/0000264074_OG.JPG","copyright":"\u00a9 1994 Mus\u00e9e du Louvre \/ Pierre Philibert","type":"","position":1},{"urlImage":"https:\/\/collections.louvre.fr\/media\/cache\/large\/0000000021\/0000091253\/0000264075_OG.JPG","urlThumbnail":"https:\/\/collections.louvre.fr\/media\/cache\/small\/0000000021\/0000091253\/0000264075_OG.JPG","copyright":"\u00a9 1994 Mus\u00e9e du Louvre \/ Pierre Philibert","type":"","position":2},{"urlImage":"https:\/\/collections.louvre.fr\/media\/cache\/large\/0000000021\/0000091253\/0000264076_OG.JPG","urlThumbnail":"https:\/\/collections.louvre.fr\/media\/cache\/small\/0000000021\/0000091253\/0000264076_OG.JPG","copyright":"\u00a9 1994 Mus\u00e9e du Louvre \/ Pierre Philibert","type":"","position":3},{"urlImage":"https:\/\/collections.louvre.fr\/media\/cache\/large\/0000000021\/0000091253\/0000264077_OG.JPG","urlThumbnail":"https:\/\/collections.louvre.fr\/media\/cache\/small\/0000000021\/0000091253\/0000264077_OG.JPG","copyright":"\u00a9 1994 Mus\u00e9e du Louvre \/ Pierre Philibert","type":"","position":4},{"urlImage":"https:\/\/collections.louvre.fr\/media\/cache\/large\/0000000021\/0000091253\/0000327970_OG.JPG","urlThumbnail":"https:\/\/collections.louvre.fr\/media\/cache\/small\/0000000021\/0000091253\/0000327970_OG.JPG","copyright":"\u00a9 RMN-Grand Palais (mus\u00e9e du Louvre) \/ Jean-Gilles Berizzi","type":"","position":5},{"urlImage":"https:\/\/collections.louvre.fr\/media\/cache\/large\/0000000021\/0000091253\/0000327971_OG.JPG","urlThumbnail":"https:\/\/collections.louvre.fr\/media\/cache\/small\/0000000021\/0000091253\/0000327971_OG.JPG","copyright":"\u00a9 RMN-Grand Palais (mus\u00e9e du Louvre) \/ Jean-Gilles Berizzi","type":"","position":6},{"urlImage":"https:\/\/collections.louvre.fr\/media\/cache\/large\/0000000021\/0000091253\/0000327972_OG.JPG","urlThumbnail":"https:\/\/collections.louvre.fr\/media\/cache\/small\/0000000021\/0000091253\/0000327972_OG.JPG","copyright":"\u00a9 RMN-Grand Palais (mus\u00e9e du Louvre) \/ Jean-Gilles Berizzi","type":"","position":7},{"urlImage":"https:\/\/collections.louvre.fr\/media\/cache\/large\/0000000021\/0000091253\/0000327973_OG.JPG","urlThumbnail":"https:\/\/collections.louvre.fr\/media\/cache\/small\/0000000021\/0000091253\/0000327973_OG.JPG","copyright":"\u00a9 RMN-Grand Palais (mus\u00e9e du Louvre) \/ Jean-Gilles Berizzi","type":"","position":8},{"urlImage":"https:\/\/collections.louvre.fr\/media\/cache\/large\/0000000021\/0000091253\/0000327974_OG.JPG","urlThumbnail":"https:\/\/collections.louvre.fr\/media\/cache\/small\/0000000021\/0000091253\/0000327974_OG.JPG","copyright":"\u00a9 RMN-Grand Palais (mus\u00e9e du Louvre) \/ Jean-Gilles Berizzi","type":"","position":9}]}