{"arkId":"cl010094543","url":"https:\/\/collections.louvre.fr\/ark:\/53355\/cl010094543","modified ":"2022-06-03","title":"Le Forgeron","titleComplement":"","denominationTitle":"Titre : Le Forgeron\nTitre d\u0027usage : L\u0027Architecture","displayDateCreated":"Date de cr\u00e9ation\/fabrication : 1800 - 1900","currentLocation":"Sully, [HIST LOUVRE] Salle 134 - Salle de la maquette, Vitrine 08 ","room":"Salle 134, Aile Sully, Niveau -1","isMuseesNationauxRecuperation":false,"dateCreated":[{"startYear":1800,"endYear":1900,"imprecision":"","text":"XIXe si\u00e8cle","type":"Date de cr\u00e9ation\/fabrication","doubt":""}],"creator":[{"label":"Dumont, Augustin","attributionLevel":"Attribution actuelle","linkType":"","dates":[{"date":"1801","place":"Paris","type":"date de naissance"},{"date":"1884","place":"Paris","type":"date de mort"}],"creatorRole":"","authenticationType":"","doubt":"","attributedBy":"","attributedYear":"","wikidata":"Q179725"},{"label":"France","attributionLevel":"Attribution actuelle","linkType":"","creatorRole":"","authenticationType":"","doubt":"","attributedBy":"","attributedYear":"","wikidata":""}],"objectNumber":[{"value":"RF 2576","type":"Num\u00e9ro principal"}],"collection":"D\u00e9partement des Sculptures du Moyen Age, de la Renaissance et des temps modernes","printsDrawingsEntity":"","printsDrawingsCollection":"","objectType":"statuette","originalObject":"","printState":"","description":"","inscriptions":"","namesAndTitles":"","onomastics":"","dimension":[{"type":"Hauteur","value":"0,158","displayDimension":"0,158 m","unit":"m","anteriorPrecision":"","posteriorPrecision":"","tri":1,"note":""},{"type":"Largeur","value":"0,082","displayDimension":"0,082 m","unit":"m","anteriorPrecision":"","posteriorPrecision":"","tri":2,"note":""},{"type":"Profondeur","value":"0,08","displayDimension":"0,08 m","unit":"m","anteriorPrecision":"","posteriorPrecision":"","tri":3,"note":""}],"shape":"","materialsAndTechniques":"terre cuite","placeOfCreation":"","dateOfDiscovery":"","placeOfDiscovery":"","provenance":"","historicalContext":[],"objectHistory":"Esquisses pour le nouveau d\u00e9cor du pavillon Lesdigui\u00e8res au Louvre, 1867. Vente Albert Besnard, 31 mai-1er juin 1934. Commerce d\u2019art, Paris; acquises en 1946 (comit\u00e9s des 4 et 28 f\u00e9vrier, conseil du 7 mars, arr\u00eat\u00e9 du 15 avril 1946). Vers\u00e9es au mus\u00e9e d\u0027Orsay de 1986 au 20 f\u00e9vrier 1989 et expos\u00e9es dans les salles d\u0027histoire du Louvre depuis cette date.","jabachInventory":"","napoleonInventory":"","previousOwner":[],"acquisitionDetails":[{"mode":"achat","doubt":"","dates":[{"type":"date","value":"1946","startYear":1946,"endYear":1946}]}],"ownedBy":"Etat","heldBy":"Mus\u00e9e du Louvre, D\u00e9partement des Sculptures du Moyen Age, de la Renaissance et des temps modernes","longTermLoanTo":"","index":{"Category":[{"value":"statue, statuette, figurine"},{"value":"sculpture"}],"Materials":[{"value":"mat\u00e9riau d\u0027origine min\u00e9rale"},{"value":"terre"},{"value":"terre cuite"}],"Imagery":[{"value":"portrait\/personnage\/nu"},{"value":"acad\u00e9mie\/nu"},{"value":"personnage masculin"},{"value":"objet\/instrument\/mobilier\/accessoire"}]},"bibliography":[{"bibliographyRef":"Mus\u00e9e du Louvre, Nouvelles acquisitions du D\u00e9partement des Sculptures (1988-1991), Paris, 1992","bibliographyDate":"1992","bibliographyDetail":"p. 146","comparison":false},{"bibliographyRef":"Pingeot, Anne ; Le Normand-Romain, Antoinette ; Margerie, Laure de, Mus\u00e9e d\u0027Orsay. Catalogue sommaire illustr\u00e9 des sculptures, Paris, 1986","bibliographyDate":"1986","bibliographyDetail":"p. 146","comparison":false}],"exhibition":[{"value":"Les Sculpteurs du travail, Nogent-sur-Seine (Externe, France), Mus\u00e9e Camille Claudel, 26\/09\/2020 - 26\/09\/2021 "}],"relatedWork":[],"image":[{"urlImage":"https:\/\/collections.louvre.fr\/media\/cache\/large\/0000000021\/0000094543\/0000991503_OG.JPG","urlThumbnail":"https:\/\/collections.louvre.fr\/media\/cache\/small\/0000000021\/0000094543\/0000991503_OG.JPG","copyright":"\u00a9 2020 RMN-Grand Palais (mus\u00e9e du Louvre) \/ Adrien Didierjean","type":"face, recto, avers, avant","position":0},{"urlImage":"https:\/\/collections.louvre.fr\/media\/cache\/large\/0000000021\/0000094543\/0000991504_OG.JPG","urlThumbnail":"https:\/\/collections.louvre.fr\/media\/cache\/small\/0000000021\/0000094543\/0000991504_OG.JPG","copyright":"\u00a9 2020 RMN-Grand Palais (mus\u00e9e du Louvre) \/ Adrien Didierjean","type":"trois quarts","position":1},{"urlImage":"https:\/\/collections.louvre.fr\/media\/cache\/large\/0000000021\/0000094543\/0000991505_OG.JPG","urlThumbnail":"https:\/\/collections.louvre.fr\/media\/cache\/small\/0000000021\/0000094543\/0000991505_OG.JPG","copyright":"\u00a9 2020 RMN-Grand Palais (mus\u00e9e du Louvre) \/ Adrien Didierjean","type":"dos, verso, revers, arri\u00e8re","position":2},{"urlImage":"https:\/\/collections.louvre.fr\/media\/cache\/large\/0000000021\/0000094543\/0000991506_OG.JPG","urlThumbnail":"https:\/\/collections.louvre.fr\/media\/cache\/small\/0000000021\/0000094543\/0000991506_OG.JPG","copyright":"\u00a9 2020 RMN-Grand Palais (mus\u00e9e du Louvre) \/ Adrien Didierjean","type":"trois quarts dos","position":3},{"urlImage":"https:\/\/collections.louvre.fr\/media\/cache\/large\/0000000021\/0000094543\/0000981881_OG.JPG","urlThumbnail":"https:\/\/collections.louvre.fr\/media\/cache\/small\/0000000021\/0000094543\/0000981881_OG.JPG","copyright":"\u00a9 2020 Mus\u00e9e du Louvre \/ Sculptures du Moyen Age, de la Renaissance et des temps modernes","type":"face, recto, avers, avant","position":4},{"urlImage":"https:\/\/collections.louvre.fr\/media\/cache\/large\/0000000021\/0000094543\/0000982835_OG.JPG","urlThumbnail":"https:\/\/collections.louvre.fr\/media\/cache\/small\/0000000021\/0000094543\/0000982835_OG.JPG","copyright":"\u00a9 2020 Mus\u00e9e du Louvre \/ Sculptures du Moyen Age, de la Renaissance et des temps modernes","type":"dos, verso, revers, arri\u00e8re","position":5},{"urlImage":"https:\/\/collections.louvre.fr\/media\/cache\/large\/0000000021\/0000094543\/0000982836_OG.JPG","urlThumbnail":"https:\/\/collections.louvre.fr\/media\/cache\/small\/0000000021\/0000094543\/0000982836_OG.JPG","copyright":"\u00a9 2020 Mus\u00e9e du Louvre \/ Sculptures du Moyen Age, de la Renaissance et des temps modernes","type":"profil droit","position":6},{"urlImage":"https:\/\/collections.louvre.fr\/media\/cache\/large\/0000000021\/0000094543\/0000982837_OG.JPG","urlThumbnail":"https:\/\/collections.louvre.fr\/media\/cache\/small\/0000000021\/0000094543\/0000982837_OG.JPG","copyright":"\u00a9 2020 Mus\u00e9e du Louvre \/ Sculptures du Moyen Age, de la Renaissance et des temps modernes","type":"profil gauche","position":7},{"urlImage":"https:\/\/collections.louvre.fr\/media\/cache\/large\/0000000021\/0000094543\/0000982838_OG.JPG","urlThumbnail":"https:\/\/collections.louvre.fr\/media\/cache\/small\/0000000021\/0000094543\/0000982838_OG.JPG","copyright":"\u00a9 2020 Mus\u00e9e du Louvre \/ Sculptures du Moyen Age, de la Renaissance et des temps modernes","type":"d\u00e9tail marquage \/ immatriculation","position":8},{"urlImage":"https:\/\/collections.louvre.fr\/media\/cache\/large\/0000000021\/0000094543\/0000254511_OG.JPG","urlThumbnail":"https:\/\/collections.louvre.fr\/media\/cache\/small\/0000000021\/0000094543\/0000254511_OG.JPG","copyright":"\u00a9 2003 Mus\u00e9e du Louvre \/ Pierre Philibert","type":"","position":9},{"urlImage":"https:\/\/collections.louvre.fr\/media\/cache\/large\/0000000021\/0000094543\/0000254512_OG.JPG","urlThumbnail":"https:\/\/collections.louvre.fr\/media\/cache\/small\/0000000021\/0000094543\/0000254512_OG.JPG","copyright":"\u00a9 2003 Mus\u00e9e du Louvre \/ Pierre Philibert","type":"","position":10}]}