{"arkId":"cl010067132","url":"https:\/\/collections.louvre.fr\/ark:\/53355\/cl010067132","modified ":"2022-06-03","title":"Renaud dans les jardins d\u0027Armide, dit aussi :Renaud entre dans la for\u00eat enchant\u00e9e.","titleComplement":"","denominationTitle":"Titre : Renaud dans les jardins d\u0027Armide, dit aussi :Renaud entre dans la for\u00eat enchant\u00e9e.","displayDateCreated":"Date de cr\u00e9ation\/fabrication : 3e quart du XVIIIe si\u00e8cle (vers 1761 - 1765)","currentLocation":"Sully, [Peint] Salle 929 - Jean-Honor\u00e9 Fragonard (1732-1806)","room":"Salle 929, Aile Sully, Niveau 2","isMuseesNationauxRecuperation":false,"dateCreated":[{"startYear":1761,"endYear":1765,"imprecision":"vers","text":"3e quart du XVIIIe si\u00e8cle","type":"Date de cr\u00e9ation\/fabrication","doubt":""}],"creator":[{"label":"Fragonard, Jean-Honor\u00e9","attributionLevel":"Attribution actuelle","linkType":"","dates":[{"date":"1806","place":"Paris","type":"date de mort"},{"date":"1732","place":"Grasse","type":"date de naissance"}],"creatorRole":"","authenticationType":"","doubt":"","attributedBy":"","attributedYear":"","wikidata":"Q127171"},{"label":"France","attributionLevel":"Attribution actuelle","linkType":"\u00c9cole de","creatorRole":"","authenticationType":"","doubt":"","attributedBy":"","attributedYear":"","wikidata":""}],"objectNumber":[{"value":"RF 2003 11","type":"Num\u00e9ro principal"}],"collection":"D\u00e9partement des Peintures","printsDrawingsEntity":"","printsDrawingsCollection":"","objectType":"","originalObject":"","printState":"","description":"","inscriptions":"","namesAndTitles":"","onomastics":"","dimension":[{"type":"Hauteur","value":"0,72","displayDimension":"0,72 m","unit":"m","anteriorPrecision":"","posteriorPrecision":"","tri":1,"note":""},{"type":"Hauteur avec accessoire","value":"0,98","displayDimension":"0,98 m","unit":"m","anteriorPrecision":"","posteriorPrecision":"","tri":2,"note":""},{"type":"Largeur","value":"0,91","displayDimension":"0,91 m","unit":"m","anteriorPrecision":"","posteriorPrecision":"","tri":3,"note":""},{"type":"Largeur avec accessoire","value":"1,17","displayDimension":"1,17 m","unit":"m","anteriorPrecision":"","posteriorPrecision":"","tri":4,"note":""}],"shape":"","materialsAndTechniques":"huile sur toile","placeOfCreation":"","dateOfDiscovery":"","placeOfDiscovery":"","provenance":"","historicalContext":[],"objectHistory":"Peut-\u00eatre vente [Charles-Andr\u00e9 Marcier], 1er octobre 1778, n\u00b0 16 (la description comme les dimensions peuvent correspondre \u00e0 ce tableau comme \u00e0 son pendant \u0022Renaud dans la for\u00eat enchant\u00e9e, esquisse pleine de feu et d\u0027une composition savante, 3 pieds de L. sur 2 pieds de H. (0,54x0,97); vente L\u00e9opold Flameng, Paris, 14 avril 1882, n\u00b027; vente Baron Beurnonville, Paris, 21-22 mai 1883, n\u00b013; P.Watel; Wildenstein; Arthur Veil-Picard; acquis en 2003 par dation en paiement des droits de succession.\nSujet tir\u00e9 de la \u0022J\u00e9rusalem d\u00e9livr\u00e9e\u0022 du Tasse, et li\u00e9 \u00e0 l\u0027Op\u00e9ra \u0022Renaud et Armide\u0022, par Quinault et Lulli, jou\u00e9 \u00e0 Paris en 1761 et 1764.","jabachInventory":"","napoleonInventory":"","previousOwner":[],"acquisitionDetails":[{"mode":"dation","doubt":"","dates":[{"type":"date","value":"2003","startYear":2003,"endYear":2003}]}],"ownedBy":"Etat","heldBy":"Mus\u00e9e du Louvre, D\u00e9partement des Peintures","longTermLoanTo":"","index":{"Category":[{"value":"peinture"}],"Imagery":[{"value":"litt\u00e9rature\/fantastique"},{"value":"personnage litt\u00e9raire"}]},"bibliography":[{"bibliographyRef":"Pomar\u00e8de, Vincent ; Mathieux, N\u00e9guine (dir.), L\u0027Invention du Louvre, cat. exp. (P\u00e9kin (Externe, Chine), Mus\u00e9e national de Chine, 2017), P\u00e9kin, National Museum of China \/ Louvre \u00e9ditions, 2017","bibliographyDate":"2017","bibliographyDetail":" ","comparison":false},{"bibliographyRef":"Torres, Pascal ; Mathieux, N\u00e9guine ; Pomar\u00e8de, Vincent (dir.), L\u0027Invention du Louvre, cat. exp. (Hong Kong (Chine), Heritage Museum, 2017), Hong Kong, Mus\u00e9e du Louvre, 2017","bibliographyDate":"2017","bibliographyDetail":" ","comparison":false},{"bibliographyRef":"L\u0027Invention du Louvre, cat. exp. (P\u00e9kin (Externe, Chine), Mus\u00e9e national de Chine, 2017), P\u00e9kin, 2017","bibliographyDate":"2017","bibliographyDetail":" ","comparison":false},{"bibliographyRef":"Faroult, Guillaume (dir.), Fragonard amoureux, galant et libertin, cat. exp. (Paris, Mus\u00e9e du Luxembourg, du 16 septembre 2015 au 24 janvier 2016), Paris, R\u00e9union des mus\u00e9es nationaux-Grand Palais, 2015","bibliographyDate":"2015","bibliographyDetail":"p. 226-227, ill. coul., p.227, CAT. 81","comparison":false},{"bibliographyRef":"Dansez, embrassez qui vous voudrez. F\u00eates et plaisirs d\u0027amour au si\u00e8cle de Mme de Pompadour, cat. exp. (Lens, Mus\u00e9e du Louvre Lens, du 5 d\u00e9cembre 2015 au 29 f\u00e9vrier 2016), Milan\/Lens, SilvanaEditoriale, 2015","bibliographyDate":"2015","bibliographyDetail":"p. 106, 107, coul, p. 106, d\u00e9tail, fig. 1","comparison":false},{"bibliographyRef":"Fragonard: les plaisirs d\u2019un si\u00e8cle, cat. exp. (Paris (France), Mus\u00e9e Jacquemart-Andr\u00e9, 3 octobre 2007 - 13 janvier 2008), Gand, Snoeck, 2007","bibliographyDate":"2007","bibliographyDetail":" ","comparison":false},{"bibliographyRef":"La lumi\u00e8re au si\u00e8cle des Lumi\u00e8res \u0026 aujourd\u2019hui : art et science, cat. exp. (Nancy, Galeries Poirel, 16 septembre - 16 d\u00e9cembre 2005), Paris, Odile Jacob, 2005","bibliographyDate":"2005","bibliographyDetail":" ","comparison":false}],"exhibition":[{"value":"L\u0027Invention du Louvre, Heritage Museum, 26\/04\/2017 - 24\/07\/2017, \u00e9tape d\u0027une exposition itin\u00e9rante "},{"value":"Fragonard amoureux, Paris (France), Mus\u00e9e du Luxembourg, 16\/09\/2015 - 24\/01\/2016 "},{"value":"Fragonard, peintre et conteur au XVIII\u00e8 si\u00e8cle, Paris (France), Mus\u00e9e Jacquemart-Andr\u00e9, 02\/10\/2007 - 13\/01\/2008 "},{"value":"La lumi\u00e8re au si\u00e8cle des Lumi\u00e8res , Nancy (France), Galeries Poirel, 16\/09\/2005 - 16\/12\/2005 "},{"value":"L\u0027Invention du Louvre, P\u00e9kin (Externe, Chine), Mus\u00e9e national de Chine, 12\/01\/2017 - 31\/03\/2017, \u00e9tape d\u0027une exposition itin\u00e9rante "}],"relatedWork":[],"image":[{"urlImage":"https:\/\/collections.louvre.fr\/media\/cache\/large\/0000000021\/0000067132\/0000614205_OG.JPG","urlThumbnail":"https:\/\/collections.louvre.fr\/media\/cache\/small\/0000000021\/0000067132\/0000614205_OG.JPG","copyright":"\u00a9 2016 RMN-Grand Palais (mus\u00e9e du Louvre) \/ Franck Raux","type":"face, recto, avers, avant ; vue d\u0027ensemble ; vue sans cadre","position":0},{"urlImage":"https:\/\/collections.louvre.fr\/media\/cache\/original\/0000000021\/0000067132\/0000384751_OG.JPG","urlThumbnail":"https:\/\/collections.louvre.fr\/media\/cache\/small\/0000000021\/0000067132\/0000384751_OG.JPG","copyright":"\u00a9 2005 RMN-Grand Palais (mus\u00e9e du Louvre) \/ G\u00e9rard Blot","type":"face, recto, avers, avant ; vue d\u0027ensemble ; vue sans cadre","position":1},{"urlImage":"https:\/\/collections.louvre.fr\/media\/cache\/original\/0000000021\/0000067132\/0000055438_OG.JPG","urlThumbnail":"https:\/\/collections.louvre.fr\/media\/cache\/small\/0000000021\/0000067132\/0000055438_OG.JPG","copyright":"\u00a9 2004 Mus\u00e9e du Louvre \/ Ang\u00e8le Dequier","type":"face, recto, avers, avant ; vue d\u0027ensemble ; vue sans cadre","position":2},{"urlImage":"https:\/\/collections.louvre.fr\/media\/cache\/original\/0000000021\/0000067132\/0000055439_OG.JPG","urlThumbnail":"https:\/\/collections.louvre.fr\/media\/cache\/small\/0000000021\/0000067132\/0000055439_OG.JPG","copyright":"\u00a9 2004 Mus\u00e9e du Louvre \/ Ang\u00e8le Dequier","type":"dos, verso, revers, arri\u00e8re ; vue d\u0027ensemble ; vue sans cadre","position":3},{"urlImage":"https:\/\/collections.louvre.fr\/media\/cache\/original\/0000000021\/0000067132\/0000055437_OG.JPG","urlThumbnail":"https:\/\/collections.louvre.fr\/media\/cache\/small\/0000000021\/0000067132\/0000055437_OG.JPG","copyright":"\u00a9 2004 Mus\u00e9e du Louvre \/ Ang\u00e8le Dequier","type":"face, recto, avers, avant ; vue d\u0027ensemble ; vue avec cadre","position":4}]}