{"arkId":"cl010089408","url":"https:\/\/collections.louvre.fr\/ark:\/53355\/cl010089408","modified ":"2022-06-03","title":"Un chien","titleComplement":"","denominationTitle":"Titre : Un chien","displayDateCreated":"Date de cr\u00e9ation\/fabrication : 1800 - 1900","currentLocation":"Richelieu, [SCULPT] Salle 225 - Antoine-Denis Chaudet (1763-1810), le n\u00e9oclassicisme en sculpture \/ James Pradier (1790-1852), Salle 225 - Chaudet","room":"Salle 225, Aile Richelieu, Niveau 0","isMuseesNationauxRecuperation":false,"dateCreated":[{"startYear":1800,"endYear":1900,"imprecision":"","text":"XIXe si\u00e8cle","type":"Date de cr\u00e9ation\/fabrication","doubt":""}],"creator":[{"label":"Giraud, Pierre Fran\u00e7ois Gr\u00e9goire","attributionLevel":"Attribution actuelle","linkType":"","dates":[{"date":"1783","place":"","type":"date de naissance"},{"date":"1836","place":"","type":"date de mort"}],"creatorRole":"","authenticationType":"","doubt":"","attributedBy":"","attributedYear":"","wikidata":"Q2593853"},{"label":"France","attributionLevel":"Attribution actuelle","linkType":"","creatorRole":"","authenticationType":"","doubt":"","attributedBy":"","attributedYear":"","wikidata":""}],"objectNumber":[{"value":"CC 192","type":"Num\u00e9ro principal"},{"value":"N 15568","type":"Autre num\u00e9ro d\u0027inventaire"}],"collection":"D\u00e9partement des Sculptures du Moyen Age, de la Renaissance et des temps modernes","printsDrawingsEntity":"","printsDrawingsCollection":"","objectType":"statue","originalObject":"","printState":"","description":"Plinthe orn\u00e9e de bas-reliefs illustrant les qualit\u00e9s du chien : Fid\u00e9lit\u00e9, Courage, Vigilance et Agilit\u00e9.","inscriptions":"Signature :  ; Derri\u00e8re l\u0027ant\u00e9rieur droit : \u0022GIRAUD.F\u0022","namesAndTitles":"","onomastics":"","dimension":[{"type":"Hauteur","value":"0,53","displayDimension":"0,53 m","unit":"m","anteriorPrecision":"","posteriorPrecision":"","tri":1,"note":""},{"type":"Largeur","value":"0,82","displayDimension":"0,82 m","unit":"m","anteriorPrecision":"","posteriorPrecision":"","tri":2,"note":""},{"type":"Profondeur","value":"0,5","displayDimension":"0,5 m","unit":"m","anteriorPrecision":"","posteriorPrecision":"","tri":3,"note":""}],"shape":"","materialsAndTechniques":"marbre","placeOfCreation":"","dateOfDiscovery":"","placeOfDiscovery":"","provenance":"","historicalContext":[{"value":"Salon, Salon de 1827, Paris"}],"objectHistory":"Salon de 1827, n\u00b0 1572. Acquis par le minist\u00e8re de la Maison du Roi, le 29 mai 1828. Plac\u00e9 au mus\u00e9e du Luxembourg jusqu\u0027en octobre 1847.","jabachInventory":"","napoleonInventory":"","previousOwner":[],"acquisitionDetails":[{"mode":"achat apr\u00e8s commande Maison du roi","doubt":"","dates":[{"type":"date","value":"1828","startYear":1828,"endYear":1828}]}],"ownedBy":"Etat","heldBy":"Mus\u00e9e du Louvre, D\u00e9partement des Sculptures du Moyen Age, de la Renaissance et des temps modernes","longTermLoanTo":"","index":{"Category":[{"value":"statue, statuette, figurine"},{"value":"sculpture"}],"Materials":[{"value":"mat\u00e9riau d\u0027origine min\u00e9rale"},{"value":"pierre"},{"value":"marbre"}],"Imagery":[{"value":"animal\/plante\/nature morte"},{"value":"litt\u00e9rature\/fantastique"},{"value":"portrait\/personnage\/nu"},{"value":"sc\u00e8ne\/th\u00e8me animalier"},{"value":"objet\/instrument\/mobilier\/accessoire"}]},"bibliography":[{"bibliographyRef":"Skulptur aus dem Louvre, 89 Werke des franz\u00f6sischen Klassizismus 1770-1830, Duisburg, Wilhelm Lehmbruck Museum, 16 avril - 11 juin 1989, cat. exp. (Duisburg, Wilhelm Lehmbruck Museum, 16 avril - 11 juin 1989. Karlsruhe,Prinz-Max-Palais, 24 juin -17 septembre 1989), 1989","bibliographyDate":"1989","bibliographyDetail":"p. 82-83, 284, n\u00b0 24","comparison":false},{"bibliographyRef":"Vitry, Paul, Mus\u00e9e national du Louvre. Catalogue des sculptures du Moyen \u00c2ge, de la Renaissance et des Temps modernes. Premi\u00e8re partie, Moyen \u00c2ge et Renaissance ; deuxi\u00e8me partie, Temps modernes, I, Paris, 1922","bibliographyDate":"1922","bibliographyDetail":"n\u00b0 1322","comparison":false},{"bibliographyRef":"Michel, Andr\u00e9, Mus\u00e9e national du Louvre. Catalogue sommaire des sculptures du Moyen \u00c2ge, de la Renaissance et des Temps Modernes, Paris, 1897","bibliographyDate":"1897","bibliographyDetail":"n\u00b0 696","comparison":false},{"bibliographyRef":"Barbet de Jouy, Henry, Mus\u00e9e national du Louvre. Description des Sculptures du Moyen-Age, de la Renaissance et des Temps modernes, Paris, 1873","bibliographyDate":"1873","bibliographyDetail":"n\u00b0 345","comparison":false},{"bibliographyRef":"Barbet de Jouy, Henry, Mus\u00e9e imp\u00e9rial du Louvre. Description des sculptures modernes, 1855","bibliographyDate":"1855","bibliographyDetail":"n\u00b0 345 ; 346","comparison":false},{"bibliographyRef":"Explication des ouvrages de peinture et de sculpture de l\u0027\u00c9cole moderne de France expos\u00e9s dans le mus\u00e9e royal du Luxembourg, Paris, 1830","bibliographyDate":"1830","bibliographyDetail":"n\u00b0 125","comparison":false}],"exhibition":[{"value":"Beaut\u00e9 animale, Paris (France), Galeries nationales du Grand Palais, 19\/03\/2012 - 16\/07\/2012 "},{"value":"Vies de chiens, Paris (France), Mus\u00e9e de la Chasse et de la Nature, 15\/12\/2000 - 31\/03\/2001 "}],"relatedWork":[],"image":[{"urlImage":"https:\/\/collections.louvre.fr\/media\/cache\/large\/0000000021\/0000089408\/0000265005_OG.JPG","urlThumbnail":"https:\/\/collections.louvre.fr\/media\/cache\/small\/0000000021\/0000089408\/0000265005_OG.JPG","copyright":"\u00a9 1994 Mus\u00e9e du Louvre \/ Pierre Philibert","type":"","position":0},{"urlImage":"https:\/\/collections.louvre.fr\/media\/cache\/large\/0000000021\/0000089408\/0000265006_OG.JPG","urlThumbnail":"https:\/\/collections.louvre.fr\/media\/cache\/small\/0000000021\/0000089408\/0000265006_OG.JPG","copyright":"\u00a9 1994 Mus\u00e9e du Louvre \/ Pierre Philibert","type":"","position":1},{"urlImage":"https:\/\/collections.louvre.fr\/media\/cache\/large\/0000000021\/0000089408\/0000265007_OG.JPG","urlThumbnail":"https:\/\/collections.louvre.fr\/media\/cache\/small\/0000000021\/0000089408\/0000265007_OG.JPG","copyright":"\u00a9 1994 Mus\u00e9e du Louvre \/ Pierre Philibert","type":"","position":2},{"urlImage":"https:\/\/collections.louvre.fr\/media\/cache\/large\/0000000021\/0000089408\/0000265008_OG.JPG","urlThumbnail":"https:\/\/collections.louvre.fr\/media\/cache\/small\/0000000021\/0000089408\/0000265008_OG.JPG","copyright":"\u00a9 1994 Mus\u00e9e du Louvre \/ Pierre Philibert","type":"","position":3},{"urlImage":"https:\/\/collections.louvre.fr\/media\/cache\/large\/0000000021\/0000089408\/0000265009_OG.JPG","urlThumbnail":"https:\/\/collections.louvre.fr\/media\/cache\/small\/0000000021\/0000089408\/0000265009_OG.JPG","copyright":"\u00a9 1994 Mus\u00e9e du Louvre \/ Pierre Philibert","type":"","position":4}]}