{"arkId":"cl010060298","url":"https:\/\/collections.louvre.fr\/ark:\/53355\/cl010060298","modified ":"2022-06-03","title":"La Paix.","titleComplement":"","denominationTitle":"Titre : La Paix.","displayDateCreated":"Date de cr\u00e9ation\/fabrication : 1e quart du XIXe si\u00e8cle (1800 - 1825)","currentLocation":"Richelieu, [SCULPT] Salle 225 - Antoine-Denis Chaudet (1763-1810), le n\u00e9oclassicisme en sculpture \/ James Pradier (1790-1852), Salle 225 - Chaudet","room":"Salle 225, Aile Richelieu, Niveau 0","isMuseesNationauxRecuperation":false,"dateCreated":[{"startYear":1800,"endYear":1825,"imprecision":"","text":"1e quart du XIXe si\u00e8cle","type":"Date de cr\u00e9ation\/fabrication","doubt":""}],"creator":[{"label":"Blondel, Merry-Joseph","attributionLevel":"Attribution actuelle","linkType":"","dates":[{"date":"1853","place":"Paris","type":"date de mort"},{"date":"1781","place":"Paris","type":"date de naissance"}],"creatorRole":"","authenticationType":"","doubt":"","attributedBy":"","attributedYear":"","wikidata":"Q245624"},{"label":"France","attributionLevel":"Attribution actuelle","linkType":"\u00c9cole de","creatorRole":"","authenticationType":"","doubt":"","attributedBy":"","attributedYear":"","wikidata":""}],"objectNumber":[{"value":"INV 2626 ter","type":"Num\u00e9ro principal"},{"value":"L 3821","type":"Autre num\u00e9ro d\u0027inventaire"}],"collection":"D\u00e9partement des Peintures","printsDrawingsEntity":"","printsDrawingsCollection":"","objectType":"","originalObject":"","printState":"","description":"Format : ovale","inscriptions":"","namesAndTitles":"","onomastics":"","dimension":[{"type":"Hauteur","value":"2,73","displayDimension":"2,73 m","unit":"m","anteriorPrecision":"","posteriorPrecision":"","tri":1,"note":""},{"type":"Largeur","value":"2,115","displayDimension":"2,115 m","unit":"m","anteriorPrecision":"","posteriorPrecision":"","tri":3,"note":""},{"type":"Epaisseur avec accessoire","value":"8","displayDimension":"8 cm","unit":"cm","anteriorPrecision":"","posteriorPrecision":"","tri":5,"note":""}],"shape":"","materialsAndTechniques":"huile sur toile","placeOfCreation":"","dateOfDiscovery":"","placeOfDiscovery":"","provenance":"","historicalContext":[],"objectHistory":"Command\u00e9 pour 7000 francs le 5 f\u00e9vrier 1820  avec \u0022La dispute de Minerve\u0022 (INV 2626) et \u0022La Guerre\u0022 (INV 2626 bis).\nSalon de 1822. \nC\u00f4t\u00e9 droit de l\u0027ancien plafond de la salle Henri II, d\u00e9pos\u00e9 en 1938.","jabachInventory":"","napoleonInventory":"","previousOwner":[],"acquisitionDetails":[{"mode":"entr\u00e9e - Collection de Louis XVIII","doubt":"","dates":[{"type":"date","value":"05\/02\/1820","startYear":1820,"endYear":1820}]}],"ownedBy":"Etat","heldBy":"Mus\u00e9e du Louvre, D\u00e9partement des Peintures","longTermLoanTo":"","index":{"Category":[{"value":"peinture"}],"Imagery":[{"value":"d\u00e9cor"},{"value":"litt\u00e9rature\/fantastique"},{"value":"portrait\/personnage\/nu"},{"value":"sc\u00e8ne\/th\u00e8me all\u00e9gorique"},{"value":"personnage f\u00e9minin"},{"value":"d\u00e9cor figur\u00e9"},{"value":"costume\/coiffure\/couronne\/bijou"},{"value":"objet\/instrument\/mobilier\/accessoire"},{"value":"d\u00e9cor symbolique"}]},"bibliography":[{"bibliographyRef":"L\u0027art de la paix. Tr\u00e9sors et secrets de la diplomatie, cat. exp. (Paris (Externe, France), Petit Palais - Mus\u00e9e des Beaux Arts de la Ville de Paris, du 19 octobre 2016 au 15 janvier 2017), Paris, Paris Mus\u00e9es, 2016","bibliographyDate":"2016","bibliographyDetail":"p. 118, 119, coul. p. 119","comparison":false},{"bibliographyRef":"Allard, S\u00e9bastien, Le Louvre \u00e0 l\u0027\u00e9poque romantique. Les d\u00e9cors du palais (1815-1835), Lyon \/ Paris, Editions Fage \/ Mus\u00e9e du Louvre \u00e9ditions, 2006","bibliographyDate":"2006","bibliographyDetail":"p. 40, coul, Fig.37","comparison":false},{"bibliographyRef":"Compin, Isabelle ; Roquebert, Anne, Catalogue sommaire illustr\u00e9 des peintures du mus\u00e9e du Louvre et du mus\u00e9e d\u0027Orsay.\u00a0III. Ecole fran\u00e7aise, A-K, Paris, R.M.N., 1986","bibliographyDate":"1986","bibliographyDetail":"p. 65, ill. n\u0026b","comparison":false},{"bibliographyRef":"Compin, Isabelle ; Reynaud, Nicole, Catalogue des peintures du mus\u00e9e du Louvre.\u00a0I,\u00a0Ecole fran\u00e7aise, Paris, R.M.N., 1972","bibliographyDate":"1972","bibliographyDetail":"p. 35","comparison":false}],"exhibition":[{"value":"L\u0027art de la paix. Tr\u00e9sors et secrets de la diplomatie, Paris (Externe, France), Petit Palais - Mus\u00e9e des beaux arts de la ville de Paris, 19\/10\/2016 - 15\/01\/2017 "}],"relatedWork":[{"objectUrl":"https:\/\/collections.louvre.fr\/ark:\/53355\/cl010061522","type":"Ensemble"},{"objectUrl":"https:\/\/collections.louvre.fr\/ark:\/53355\/cl010065942","type":"Ensemble"}],"image":[{"urlImage":"https:\/\/collections.louvre.fr\/media\/cache\/large\/0000000021\/0000060298\/0000768981_OG.JPG","urlThumbnail":"https:\/\/collections.louvre.fr\/media\/cache\/small\/0000000021\/0000060298\/0000768981_OG.JPG","copyright":"\u00a9 2017 RMN-Grand Palais (mus\u00e9e du Louvre) \/ Franck Raux","type":"face, recto, avers, avant ; vue d\u0027ensemble ; vue sans cadre","position":0},{"urlImage":"https:\/\/collections.louvre.fr\/media\/cache\/large\/0000000021\/0000060298\/0000684391_OG.JPG","urlThumbnail":"https:\/\/collections.louvre.fr\/media\/cache\/small\/0000000021\/0000060298\/0000684391_OG.JPG","copyright":"\u00a9 2017 RMN-Grand Palais (mus\u00e9e du Louvre) \/ Franck Raux","type":"face, recto, avers, avant ; vue d\u0027ensemble ; vue sans cadre","position":1},{"urlImage":"https:\/\/collections.louvre.fr\/media\/cache\/original\/0000000021\/0000060298\/0000352776_OG.JPG","urlThumbnail":"https:\/\/collections.louvre.fr\/media\/cache\/small\/0000000021\/0000060298\/0000352776_OG.JPG","copyright":"\u00a9 2002 RMN-Grand Palais (mus\u00e9e du Louvre) \/ Herv\u00e9 Lewandowski","type":"face, recto, avers, avant ; vue d\u0027ensemble ; vue sans cadre","position":2},{"urlImage":"https:\/\/collections.louvre.fr\/media\/cache\/original\/0000000021\/0000060298\/0000049056_OG.JPG","urlThumbnail":"https:\/\/collections.louvre.fr\/media\/cache\/small\/0000000021\/0000060298\/0000049056_OG.JPG","copyright":"\u00a9 1999 Mus\u00e9e du Louvre \/ Ang\u00e8le Dequier","type":"face, recto, avers, avant ; vue d\u0027ensemble ; vue sans cadre","position":3}]}