{"arkId":"cl010064532","url":"https:\/\/collections.louvre.fr\/ark:\/53355\/cl010064532","modified ":"2022-06-03","title":"L\u0027\u00e9tang (le Louroux en Touraine)","titleComplement":"","denominationTitle":"Titre : L\u0027\u00e9tang (le Louroux en Touraine)","displayDateCreated":"Date de cr\u00e9ation\/fabrication : 1e tiers du XIXe si\u00e8cle (1822 - 1828)","currentLocation":"Mus\u00e9e National Eug\u00e8ne Delacroix","room":"","isMuseesNationauxRecuperation":true,"dateCreated":[{"startYear":1822,"endYear":1828,"imprecision":"","text":"1e tiers du XIXe si\u00e8cle","type":"Date de cr\u00e9ation\/fabrication","doubt":""}],"creator":[{"label":"Delacroix, Eug\u00e8ne","attributionLevel":"Attribution actuelle","linkType":"","dates":[{"date":"1863","place":"Paris","type":"date de mort"},{"date":"1798","place":"Charenton-Saint-Maurice (Val-de-Marne)","type":"date de naissance"}],"creatorRole":"","authenticationType":"","doubt":"","attributedBy":"","attributedYear":"","wikidata":"Q33477"},{"label":"France","attributionLevel":"Attribution actuelle","linkType":"\u00c9cole de","creatorRole":"","authenticationType":"","doubt":"","attributedBy":"","attributedYear":"","wikidata":""},{"label":"Andrieu, Pierre","attributionLevel":"Ancienne Attribution","linkType":"Attribu\u00e9 \u00e0","dates":[{"date":"1892","place":"","type":"date de mort"},{"date":"1821","place":"","type":"date de naissance"}],"creatorRole":"","authenticationType":"","doubt":"","attributedBy":"","attributedYear":"","wikidata":"Q15962367"}],"objectNumber":[{"value":"MNR 232","type":"Num\u00e9ro principal"}],"collection":"D\u00e9partement des Peintures","printsDrawingsEntity":"","printsDrawingsCollection":"","objectType":"","originalObject":"","printState":"","description":"","inscriptions":"Nature de marque :  ; cachet de cire","namesAndTitles":"","onomastics":"","dimension":[{"type":"Hauteur","value":"0,28","displayDimension":"0,28 m","unit":"m","anteriorPrecision":"","posteriorPrecision":"","tri":1,"note":""},{"type":"Hauteur avec accessoire","value":"0,407","displayDimension":"0,407 m","unit":"m","anteriorPrecision":"","posteriorPrecision":"","tri":2,"note":""},{"type":"Largeur","value":"0,54","displayDimension":"0,54 m","unit":"m","anteriorPrecision":"","posteriorPrecision":"","tri":3,"note":""},{"type":"Largeur avec accessoire","value":"0,672","displayDimension":"0,672 m","unit":"m","anteriorPrecision":"","posteriorPrecision":"","tri":4,"note":""}],"shape":"","materialsAndTechniques":"huile sur toile","placeOfCreation":"","dateOfDiscovery":"","placeOfDiscovery":"","provenance":"","historicalContext":[],"objectHistory":"Traditionnellement consid\u00e9r\u00e9 comme un Delacroix, ce tableau fut attribu\u00e9 \u00e0 Pierre Andrieu (1821-1892) en suivant les avis donn\u00e9s par Lee Johnson en 1966 et en 1983. Mais Jean-Luc St\u00e9phant a r\u00e9attribu\u00e9 ce paysage \u00e0 Delacroix, en identifiant le site : l\u0027\u00e9tang de Beauregard au Louroux, pr\u00e8s de Tours, et en datant le tableau du s\u00e9jour du peintre en Touraine en 1822. Le style de ce paysage semble plus proche de ceux peints par Delacroix \u00e0 Fr\u00e9pillon ou Champrosay, entre 1842 et 1844.\nVente apr\u00e8s d\u00e9c\u00e8s d\u0027Eug\u00e8ne Delacroix, Paris, H\u00f4tel Drouot, 17-19 f\u00e9vrier 1864, n\u00b0219 ou 221 ; collection Georges Aubry ; achet\u00e9 100 000 F \u00e0 Georges Aubry, Paris, en 1941 par la St\u00e4dtische Galerie de Francfort (num\u00e9ro d\u0027inventaire 1054) ; d\u00e9pos\u00e9 \u00e0 la fin de la guerre \u00e0 Bad Wildungen ; transf\u00e9r\u00e9 le 9 mars 1946 au Central Collecting Point de Wiesbaden et enregistr\u00e9 sous le num\u00e9ro 3325\/2 (1) ; rapatri\u00e9 vers la France par le premier convoi en provenance de Baden-Baden le 2 juin 1947 ; retenu lors de la quatri\u00e8me commission de choix des oeuvres de la r\u00e9cup\u00e9ration artistique du 21 d\u00e9cembre 1949 (2) ; attribu\u00e9 au mus\u00e9e du Louvre (d\u00e9partement des Peintures) par l\u0027Office des Biens et Int\u00e9r\u00eats Priv\u00e9s en 1950 ; confi\u00e9 \u00e0 la garde du mus\u00e9e d\u0027Orsay de 1986 \u00e0 1992 (attribu\u00e9 \u00e0 Andrieu) et \u00e0 nouveau transf\u00e9r\u00e9 au Louvre en 1992.\nNotes :\n(1) MEAE\/209SUP370 P1, 404 16 et NARA OMGUS RG 260 : Central Collecting Point de Wiesbaden, box 199 ; Bundesarchiv BAK B323\/562 : Property Card-Art.\n(2) SMF, sous-direction des collections, dossier R\u00e9cup\u00e9ration","jabachInventory":"","napoleonInventory":"","previousOwner":[],"acquisitionDetails":[{"mode":"attribution par l\u0027office des biens et int\u00e9r\u00eats priv\u00e9s (MNR)","doubt":"","dates":[{"type":"date d\u0027arriv\u00e9e au Mus\u00e9e","value":"1950","startYear":1950,"endYear":1950}]}],"ownedBy":"Mus\u00e9es Nationaux R\u00e9cup\u00e9ration","heldBy":"","longTermLoanTo":"Mus\u00e9e national Eug\u00e8ne Delacroix, Paris","index":{"Category":[{"value":"peinture"}],"Imagery":[{"value":"animal\/plante\/nature morte"},{"value":"paysage, ph\u00e9nom\u00e8ne naturel, \u00e9l\u00e9ment du cosmos"},{"value":"paysage aquatique"}]},"bibliography":[{"bibliographyRef":"Eug\u00e8ne Delacroix (1798 - 1863), cat. exp. (Paris, mus\u00e9e du Louvre, 29\/03\/2018 - 23\/07\/2019 ; New-York, Metropolitan Museum of Art, 13\/09\/2018-06\/01\/2019), Paris, Mus\u00e9e du Louvre \/ Hazan, 2018","bibliographyDate":"2018","bibliographyDetail":"p. 402, ill. coul., p. 246, cat. 150","comparison":false},{"bibliographyRef":"Lesn\u00e9, Claude ; Roquebert, Anne, Catalogue des peintures M.N.R., Paris, R.M.N., 2004","bibliographyDate":"2004","bibliographyDetail":"p. 338, ill. n\u0026b","comparison":false},{"bibliographyRef":"Le paysage dans la peinture occidentale du XVIe au XIXe si\u00e8cle \u00e0 travers les collections du Louvre, cat. exp. (Ta\u00efpeh (Ta\u00efwan Province de Chine), National Palace Museum, 17 septembre - 31 d\u00e9cembre 1995), Taipei, Mus\u00e9e national du Palais, 1995","bibliographyDate":"1995","bibliographyDetail":"cat. n\u00b070","comparison":false},{"bibliographyRef":"Johnson, Lee, The paintings of Eug\u00e8ne Delacroix. A critical catalogue, 1832-1863 (Movable pictures and private decorations), III (text), IV (plates), Oxford, Carendon Press, 1986","bibliographyDate":"1986","bibliographyDetail":"p. 308( t. 3), ill.n\u0026b, t. 4, pl. 330, cat. D29","comparison":false}],"exhibition":[{"value":"Romanticismo. Il nuovo sentimento della natura, Trente (Italie), Museo di Arte Moderna e Contemporanea, 15\/05\/1993 - 30\/09\/1993 "},{"value":"Eug\u00e8ne Delacroix (1798 - 1863), Napol\u00e9on, Exposition Temporaire sous pyramide, Mus\u00e9e du Louvre, 26\/03\/2018 - 23\/07\/2018, \u00e9tape d\u0027une exposition itin\u00e9rante "},{"value":"Exposition des \u0153uvres M.N.R, La Chapelle, 23\/03\/1997 - 02\/04\/1997 "},{"value":"Delacroix en Touraine, Tours (France), Mus\u00e9e des Beaux-Arts, 15\/05\/1998 - 31\/07\/1998 "},{"value":"Le paysage dans la peinture occidentale du XVIe au XIXe si\u00e8cle \u00e0 travers les collections du Louvre, Taipei (Externe, Ta\u00efwan), Mus\u00e9e National du Palais, 15\/09\/1995 - 15\/01\/1996 "}],"relatedWork":[],"image":[{"urlImage":"https:\/\/collections.louvre.fr\/media\/cache\/large\/0000000021\/0000064532\/0000744160_OG.JPG","urlThumbnail":"https:\/\/collections.louvre.fr\/media\/cache\/small\/0000000021\/0000064532\/0000744160_OG.JPG","copyright":"\u00a9 2016 Mus\u00e9e du Louvre \/ Peintures","type":"face, recto, avers, avant ; vue d\u0027ensemble ; vue sans cadre","position":0},{"urlImage":"https:\/\/collections.louvre.fr\/media\/cache\/large\/0000000021\/0000064532\/0000744161_OG.JPG","urlThumbnail":"https:\/\/collections.louvre.fr\/media\/cache\/small\/0000000021\/0000064532\/0000744161_OG.JPG","copyright":"\u00a9 2016 Mus\u00e9e du Louvre \/ Peintures","type":"face, recto, avers, avant ; vue d\u0027ensemble ; vue avec cadre","position":1},{"urlImage":"https:\/\/collections.louvre.fr\/media\/cache\/original\/0000000021\/0000064532\/0000048974_OG.JPG","urlThumbnail":"https:\/\/collections.louvre.fr\/media\/cache\/small\/0000000021\/0000064532\/0000048974_OG.JPG","copyright":"\u00a9 1999 Mus\u00e9e du Louvre \/ Ang\u00e8le Dequier","type":"face, recto, avers, avant ; vue d\u0027ensemble ; vue avec cadre","position":2},{"urlImage":"https:\/\/collections.louvre.fr\/media\/cache\/large\/0000000021\/0000064532\/0000388929_OG.JPG","urlThumbnail":"https:\/\/collections.louvre.fr\/media\/cache\/small\/0000000021\/0000064532\/0000388929_OG.JPG","copyright":"\u00a9 1993 RMN-Grand Palais (mus\u00e9e du Louvre) \/ Ren\u00e9-Gabriel Oj\u00e9da","type":"face, recto, avers, avant ; vue d\u0027ensemble ; vue sans cadre","position":3}]}