{"arkId":"cl010091413","url":"https:\/\/collections.louvre.fr\/ark:\/53355\/cl010091413","modified ":"2022-06-03","title":"Corine","titleComplement":"","denominationTitle":"Titre : Corine (Titre du Salon)","displayDateCreated":"Date de cr\u00e9ation\/fabrication : 1836","currentLocation":"Richelieu, [SCULPT] Salle 225 - Antoine-Denis Chaudet (1763-1810), le n\u00e9oclassicisme en sculpture \/ James Pradier (1790-1852), Salle 225 - Pradie","room":"Salle 225, Aile Richelieu, Niveau 0","isMuseesNationauxRecuperation":false,"dateCreated":[{"startYear":1836,"endYear":"","imprecision":"","text":"XIXe si\u00e8cle","type":"Date de cr\u00e9ation\/fabrication","doubt":""}],"creator":[{"label":"Gois, Edme Etienne Fran\u00e7ois","attributionLevel":"Attribution actuelle","linkType":"","dates":[{"date":"1765","place":"","type":"date de naissance"},{"date":"1836","place":"","type":"date de mort"}],"creatorRole":"","authenticationType":"","doubt":"","attributedBy":"","attributedYear":"","wikidata":"Q515475"},{"label":"France","attributionLevel":"Attribution actuelle","linkType":"","creatorRole":"","authenticationType":"","doubt":"","attributedBy":"","attributedYear":"","wikidata":""}],"objectNumber":[{"value":"LP 1555","type":"Num\u00e9ro principal"},{"value":"N 15530","type":"Autre num\u00e9ro d\u0027inventaire"}],"collection":"D\u00e9partement des Sculptures du Moyen Age, de la Renaissance et des temps modernes","printsDrawingsEntity":"","printsDrawingsCollection":"","objectType":"buste","originalObject":"","printState":"","description":"Corine po\u00e9tesse grecque (vers VI-V si\u00e8cle avant J-C)                      Sur pi\u00e9douche en marbre blanc.","inscriptions":"Signature :  ; Au revers, \u00e0 gauche : \u0022E. Gois. 1836\u0022","namesAndTitles":"","onomastics":"","dimension":[{"type":"Hauteur","value":"0,55","displayDimension":"0,55 m","unit":"m","anteriorPrecision":"","posteriorPrecision":"","tri":1,"note":""},{"type":"Largeur","value":"0,42","displayDimension":"0,42 m","unit":"m","anteriorPrecision":"","posteriorPrecision":"","tri":2,"note":""},{"type":"Profondeur","value":"0,33","displayDimension":"0,33 m","unit":"m","anteriorPrecision":"","posteriorPrecision":"","tri":3,"note":""},{"type":"Hauteur avec accessoire","value":"0,69","displayDimension":"0,69 m","unit":"m","anteriorPrecision":"","posteriorPrecision":"","tri":6,"note":""}],"shape":"","materialsAndTechniques":"marbre","placeOfCreation":"","dateOfDiscovery":"","placeOfDiscovery":"","provenance":"","historicalContext":[{"value":"Salon, Salon de 1837, Paris"}],"objectHistory":"Salon de 1837, n\u00b0 1941. Propos\u00e9 \u00e0 l\u2019acquisition le 27 juillet 1837, et acquis de la veuve du sculpteur le 10 novembre 1837 par le minist\u00e8re de la Maison du Roi.","jabachInventory":"","napoleonInventory":"","previousOwner":[],"acquisitionDetails":[{"mode":"achat","doubt":"","dates":[{"type":"date","value":"1837","startYear":1837,"endYear":1837}]}],"ownedBy":"Etat","heldBy":"Mus\u00e9e du Louvre, D\u00e9partement des Sculptures du Moyen Age, de la Renaissance et des temps modernes","longTermLoanTo":"","index":{"Category":[{"value":"statue, statuette, figurine"},{"value":"sculpture"}],"Materials":[{"value":"mat\u00e9riau d\u0027origine min\u00e9rale"},{"value":"pierre"},{"value":"marbre"}],"Imagery":[{"value":"animal\/plante\/nature morte"},{"value":"litt\u00e9rature\/fantastique"},{"value":"portrait\/personnage\/nu"},{"value":"sc\u00e8ne historique"},{"value":"sc\u00e8ne\/th\u00e8me all\u00e9gorique"},{"value":"portrait"},{"value":"personnage f\u00e9minin"},{"value":"objet\/instrument\/mobilier\/accessoire"}]},"bibliography":[{"bibliographyRef":"Vitry, Paul, Mus\u00e9e national du Louvre. Catalogue des sculptures du Moyen \u00c2ge, de la Renaissance et des Temps modernes. Premi\u00e8re partie, Moyen \u00c2ge et Renaissance ; deuxi\u00e8me partie, Temps modernes, I, Paris, 1922","bibliographyDate":"1922","bibliographyDetail":"n\u00b0 1325","comparison":false},{"bibliographyRef":"Michel, Andr\u00e9, Mus\u00e9e national du Louvre. Catalogue sommaire des sculptures du Moyen \u00c2ge, de la Renaissance et des Temps Modernes, Paris, 1897","bibliographyDate":"1897","bibliographyDetail":"n\u00b0 698","comparison":false},{"bibliographyRef":"Barbet de Jouy, Henry, Mus\u00e9e national du Louvre. Description des Sculptures du Moyen-Age, de la Renaissance et des Temps modernes, Paris, 1873","bibliographyDate":"1873","bibliographyDetail":"n\u00b0 294","comparison":false},{"bibliographyRef":"Barbet de Jouy, Henry, Mus\u00e9e imp\u00e9rial du Louvre. Description des sculptures modernes, 1855","bibliographyDate":"1855","bibliographyDetail":"n\u00b0 294","comparison":false},{"bibliographyRef":"Clarac, Charles Othon Fr\u00e9d\u00e9ric Jean-Baptiste de (Comte de), Mus\u00e9e de sculpture antique et moderne ou description historique et graphique du Louvre et de toutes ses parties, des statues, bustes, bas-reliefs et inscriptions du mus\u00e9e royal des Antiques et des Tuileries [\u2026], Paris, 1841-1853","bibliographyDate":"","bibliographyDetail":"n\u00b0 3597","comparison":false}],"exhibition":[],"relatedWork":[],"image":[{"urlImage":"https:\/\/collections.louvre.fr\/media\/cache\/large\/0000000021\/0000091413\/0000267055_OG.JPG","urlThumbnail":"https:\/\/collections.louvre.fr\/media\/cache\/small\/0000000021\/0000091413\/0000267055_OG.JPG","copyright":"\u00a9 1997 Mus\u00e9e du Louvre \/ Pierre Philibert","type":"","position":0},{"urlImage":"https:\/\/collections.louvre.fr\/media\/cache\/large\/0000000021\/0000091413\/0000267056_OG.JPG","urlThumbnail":"https:\/\/collections.louvre.fr\/media\/cache\/small\/0000000021\/0000091413\/0000267056_OG.JPG","copyright":"\u00a9 1997 Mus\u00e9e du Louvre \/ Pierre Philibert","type":"","position":1},{"urlImage":"https:\/\/collections.louvre.fr\/media\/cache\/large\/0000000021\/0000091413\/0000267057_OG.JPG","urlThumbnail":"https:\/\/collections.louvre.fr\/media\/cache\/small\/0000000021\/0000091413\/0000267057_OG.JPG","copyright":"\u00a9 1997 Mus\u00e9e du Louvre \/ Pierre Philibert","type":"","position":2},{"urlImage":"https:\/\/collections.louvre.fr\/media\/cache\/large\/0000000021\/0000091413\/0000267058_OG.JPG","urlThumbnail":"https:\/\/collections.louvre.fr\/media\/cache\/small\/0000000021\/0000091413\/0000267058_OG.JPG","copyright":"\u00a9 1997 Mus\u00e9e du Louvre \/ Pierre Philibert","type":"","position":3}]}