{"arkId":"cl010092133","url":"https:\/\/collections.louvre.fr\/ark:\/53355\/cl010092133","modified ":"2022-06-03","title":"Hom\u00e8re","titleComplement":"","denominationTitle":"Titre : Hom\u00e8re (Titre du Salon de 1812 et de 1814)\nAutre titre : Hom\u00e8re chantant ses po\u00e8mes (Titre du mod\u00e8le en pl\u00e2tre (Salon de 1802))\nAutre titre : Hom\u00e8re chantant ses po\u00e9sies (Titre de l\u0027inventaire MR)","displayDateCreated":"Date de cr\u00e9ation\/fabrication : 1812","currentLocation":"Richelieu, [SCULPT] Salle 225 - Antoine-Denis Chaudet (1763-1810), le n\u00e9oclassicisme en sculpture \/ James Pradier (1790-1852), Salle 225 - Chaudet","room":"Salle 225, Aile Richelieu, Niveau 0","isMuseesNationauxRecuperation":false,"dateCreated":[{"startYear":1812,"endYear":"","imprecision":"","text":"XIXe si\u00e8cle","type":"Date de cr\u00e9ation\/fabrication","doubt":""}],"creator":[{"label":"France","attributionLevel":"Attribution actuelle","linkType":"","creatorRole":"","authenticationType":"","doubt":"","attributedBy":"","attributedYear":"","wikidata":""},{"label":"Roland, Philippe Laurent","attributionLevel":"Attribution actuelle","linkType":"","dates":[{"date":"1745","place":"","type":"date de naissance"},{"date":"1816","place":"","type":"date de mort"}],"creatorRole":"","authenticationType":"","doubt":"","attributedBy":"","attributedYear":"","wikidata":"Q3379186"}],"objectNumber":[{"value":"MR 2088","type":"Num\u00e9ro principal"},{"value":"N 15537","type":"Autre num\u00e9ro d\u0027inventaire"}],"collection":"D\u00e9partement des Sculptures du Moyen Age, de la Renaissance et des temps modernes","printsDrawingsEntity":"","printsDrawingsCollection":"","objectType":"statue","originalObject":"","printState":"","description":"","inscriptions":"Signature :  ; Sur la plinthe, \u00e0 droite : \u0022ROLAND F. 1812\u0022","namesAndTitles":"","onomastics":"","dimension":[{"type":"Hauteur","value":"2,12","displayDimension":"2,12 m","unit":"m","anteriorPrecision":"","posteriorPrecision":"","tri":1,"note":""},{"type":"Largeur","value":"1,17","displayDimension":"1,17 m","unit":"m","anteriorPrecision":"","posteriorPrecision":"","tri":2,"note":""},{"type":"Profondeur","value":"0,98","displayDimension":"0,98 m","unit":"m","anteriorPrecision":"","posteriorPrecision":"","tri":3,"note":""},{"type":"Poids estim\u00e9","value":"3300","displayDimension":"3300 kg","unit":"kg","anteriorPrecision":"","posteriorPrecision":"","tri":6,"note":""}],"shape":"","materialsAndTechniques":"marbre","placeOfCreation":"","dateOfDiscovery":"","placeOfDiscovery":"","provenance":"","historicalContext":[{"value":"Salon, Salon de 1812, Paris"},{"value":"Salon, Salon de 1814, Paris"}],"objectHistory":"Command\u00e9 par l\u0027\u00c9tat et ex\u00e9cut\u00e9 gr\u00e2ce au prix d\u0027encouragement obtenu par le sculpteur \u00e0 l\u0027issue du Salon de 1800 (mod\u00e8le en pl\u00e2tre au Salon de 1802, n\u00b0 444, Hom\u00e8re chantant ses po\u00e8mes). Salon de 1812, n\u00b0 1139, et Salon de 1814, n\u00b0 1129. Inventori\u00e9 au Louvre en 1824 dans la galerie d\u2019Angoul\u00eame.","jabachInventory":"","napoleonInventory":"","previousOwner":[],"acquisitionDetails":[{"mode":"attest\u00e9 au Louvre","doubt":"","dates":[{"type":"date de l\u0027inscription sur l\u0027inventaire","value":"1824","startYear":1824,"endYear":1824}]}],"ownedBy":"Etat","heldBy":"Mus\u00e9e du Louvre, D\u00e9partement des Sculptures du Moyen Age, de la Renaissance et des temps modernes","longTermLoanTo":"","index":{"Category":[{"value":"statue, statuette, figurine"},{"value":"sculpture"}],"Materials":[{"value":"mat\u00e9riau d\u0027origine min\u00e9rale"},{"value":"pierre"},{"value":"marbre"}],"Imagery":[{"value":"animal\/plante\/nature morte"},{"value":"litt\u00e9rature\/fantastique"},{"value":"portrait\/personnage\/nu"},{"value":"sc\u00e8ne\/th\u00e8me all\u00e9gorique"},{"value":"acad\u00e9mie\/nu"},{"value":"personnage masculin"},{"value":"personnage europ\u00e9en"},{"value":"divertissement"},{"value":"musique"},{"value":"objet\/instrument\/mobilier\/accessoire"}]},"bibliography":[{"bibliographyRef":"Hom\u00e8re, cat. exp. (Lens, Mus\u00e9e du Louvre-Lens, du 27 mars au 22 juillet 2019), Paris-Lens, LienArt \u0026 Louvre-Lens, 2019","bibliographyDate":"2019","bibliographyDetail":"p. 96, p. 97, n\u00b0 25","comparison":false},{"bibliographyRef":"La R\u00e9volution fran\u00e7aise et l\u0027Europe (1789-1799), Galeries Nationales du Grand Palais, Paris, 1989, 1989","bibliographyDate":"1989","bibliographyDetail":"n\u00b0 1116","comparison":false},{"bibliographyRef":"Vitry, Paul, Mus\u00e9e national du Louvre. Catalogue des sculptures du Moyen \u00c2ge, de la Renaissance et des Temps modernes. Premi\u00e8re partie, Moyen \u00c2ge et Renaissance ; deuxi\u00e8me partie, Temps modernes, I, Paris, 1922","bibliographyDate":"1922","bibliographyDetail":"n\u00b0 1478","comparison":false},{"bibliographyRef":"Michel, Andr\u00e9, Mus\u00e9e national du Louvre. Catalogue sommaire des sculptures du Moyen \u00c2ge, de la Renaissance et des Temps Modernes, Paris, 1897","bibliographyDate":"1897","bibliographyDetail":"n\u00b0 803","comparison":false},{"bibliographyRef":"Barbet de Jouy, Henry, Mus\u00e9e imp\u00e9rial du Louvre. Description des sculptures modernes, 1855","bibliographyDate":"1855","bibliographyDetail":"n\u00b0 307 ; 308","comparison":false},{"bibliographyRef":"Clarac, Charles Othon Fr\u00e9d\u00e9ric Jean-Baptiste de (Comte de), Description des ouvrages de la sculpture fran\u00e7aise des XVIe, XVIIe et XVIIIe si\u00e8cles, expos\u00e9s dans les salles de la Galerie d\u0027Angoul\u00eame, 1824","bibliographyDate":"1824","bibliographyDetail":"n\u00b0 75","comparison":false},{"bibliographyRef":"Clarac, Charles Othon Fr\u00e9d\u00e9ric Jean-Baptiste de (Comte de), Mus\u00e9e de sculpture antique et moderne ou description historique et graphique du Louvre et de toutes ses parties, des statues, bustes, bas-reliefs et inscriptions du mus\u00e9e royal des Antiques et des Tuileries [\u2026], Paris, 1841-1853","bibliographyDate":"","bibliographyDetail":"n\u00b0 2667","comparison":false}],"exhibition":[{"value":"Hom\u00e8re, le double fleuve, Louvre-Lens, Salles d\u0027expositions temporaires, 27\/03\/2019 - 22\/07\/2019 "}],"relatedWork":[],"image":[{"urlImage":"https:\/\/collections.louvre.fr\/media\/cache\/large\/0000000021\/0000092133\/0000809999_OG.JPG","urlThumbnail":"https:\/\/collections.louvre.fr\/media\/cache\/small\/0000000021\/0000092133\/0000809999_OG.JPG","copyright":"\u00a9 2018 RMN-Grand Palais (mus\u00e9e du Louvre) \/ Tony Querrec","type":"trois quarts droit","position":0},{"urlImage":"https:\/\/collections.louvre.fr\/media\/cache\/large\/0000000021\/0000092133\/0000810003_OG.JPG","urlThumbnail":"https:\/\/collections.louvre.fr\/media\/cache\/small\/0000000021\/0000092133\/0000810003_OG.JPG","copyright":"\u00a9 2018 RMN-Grand Palais (mus\u00e9e du Louvre) \/ Tony Querrec","type":"face, recto, avers, avant","position":1},{"urlImage":"https:\/\/collections.louvre.fr\/media\/cache\/large\/0000000021\/0000092133\/0000810004_OG.JPG","urlThumbnail":"https:\/\/collections.louvre.fr\/media\/cache\/small\/0000000021\/0000092133\/0000810004_OG.JPG","copyright":"\u00a9 2018 RMN-Grand Palais (mus\u00e9e du Louvre) \/ Tony Querrec","type":"profil droit","position":2},{"urlImage":"https:\/\/collections.louvre.fr\/media\/cache\/large\/0000000021\/0000092133\/0000267242_OG.JPG","urlThumbnail":"https:\/\/collections.louvre.fr\/media\/cache\/small\/0000000021\/0000092133\/0000267242_OG.JPG","copyright":"\u00a9 1997 Mus\u00e9e du Louvre \/ Pierre Philibert","type":"","position":3},{"urlImage":"https:\/\/collections.louvre.fr\/media\/cache\/large\/0000000021\/0000092133\/0000267243_OG.JPG","urlThumbnail":"https:\/\/collections.louvre.fr\/media\/cache\/small\/0000000021\/0000092133\/0000267243_OG.JPG","copyright":"\u00a9 1997 Mus\u00e9e du Louvre \/ Pierre Philibert","type":"","position":4},{"urlImage":"https:\/\/collections.louvre.fr\/media\/cache\/large\/0000000021\/0000092133\/0000267244_OG.JPG","urlThumbnail":"https:\/\/collections.louvre.fr\/media\/cache\/small\/0000000021\/0000092133\/0000267244_OG.JPG","copyright":"\u00a9 1997 Mus\u00e9e du Louvre \/ Pierre Philibert","type":"","position":5},{"urlImage":"https:\/\/collections.louvre.fr\/media\/cache\/large\/0000000021\/0000092133\/0000267245_OG.JPG","urlThumbnail":"https:\/\/collections.louvre.fr\/media\/cache\/small\/0000000021\/0000092133\/0000267245_OG.JPG","copyright":"\u00a9 1997 Mus\u00e9e du Louvre \/ Pierre Philibert","type":"","position":6}]}