{"arkId":"cl010066733","url":"https:\/\/collections.louvre.fr\/ark:\/53355\/cl010066733","modified ":"2022-06-03","title":"Lady Macbeth marchant dans son sommeil, dit aussi Lady Macbeth somnambule","titleComplement":"","denominationTitle":"Titre : Lady Macbeth marchant dans son sommeil, dit aussi Lady Macbeth somnambule","displayDateCreated":"Date de cr\u00e9ation\/fabrication : 4e quart du XVIIIe si\u00e8cle (vers 1784)","currentLocation":"Denon, [Peint] Salle 713 - Grande Bretagne \/ \u00c9tats-Unis","room":"Salle 713, Aile Denon, Niveau 1","isMuseesNationauxRecuperation":false,"dateCreated":[{"startYear":1784,"endYear":"","imprecision":"vers","text":"4e quart du XVIIIe si\u00e8cle","type":"Date de cr\u00e9ation\/fabrication","doubt":""}],"creator":[{"label":"F\u00fcssli, Johann Heinrich","attributionLevel":"Attribution actuelle","linkType":"","dates":[{"date":"1825","place":"Putney Hill, Londres","type":"date de mort"},{"date":"1741","place":"Zurich","type":"date de naissance"}],"creatorRole":"","authenticationType":"","doubt":"","attributedBy":"","attributedYear":"","wikidata":"Q122382"},{"label":"Grande-bretagne","attributionLevel":"Attribution actuelle","linkType":"\u00c9cole de","creatorRole":"","authenticationType":"","doubt":"","attributedBy":"","attributedYear":"","wikidata":""}],"objectNumber":[{"value":"RF 1970 29","type":"Num\u00e9ro principal"}],"collection":"D\u00e9partement des Peintures","printsDrawingsEntity":"","printsDrawingsCollection":"","objectType":"","originalObject":"","printState":"","description":"Sujet tir\u00e9 de la trag\u00e9die de William Shakespeare, Macbeth (1602), acte V, sc\u00e8ne 1. Lady Macbeth, hant\u00e9e par ses crimes, est en proie \u00e0 une crise de somnanbulisme; \u00e0 l\u0027arri\u00e8re- plan, sa servante et son m\u00e9decin, le visage masqu\u00e9, assistent \u00e0 la sc\u00e8ne.","inscriptions":"","namesAndTitles":"","onomastics":"","dimension":[{"type":"Hauteur","value":"2,21","displayDimension":"2,21 m","unit":"m","anteriorPrecision":"","posteriorPrecision":"","tri":1,"note":""},{"type":"Hauteur avec accessoire","value":"2,455","displayDimension":"2,455 m","unit":"m","anteriorPrecision":"","posteriorPrecision":"","tri":2,"note":""},{"type":"Largeur","value":"1,6","displayDimension":"1,6 m","unit":"m","anteriorPrecision":"","posteriorPrecision":"","tri":3,"note":""},{"type":"Largeur avec accessoire","value":"1,85","displayDimension":"1,85 m","unit":"m","anteriorPrecision":"","posteriorPrecision":"","tri":4,"note":""}],"shape":"","materialsAndTechniques":"huile sur toile","placeOfCreation":"","dateOfDiscovery":"","placeOfDiscovery":"","provenance":"","historicalContext":[],"objectHistory":"Expos\u00e9 \u00e0 la Royal Academy, Londres, 1784, n\u00b066 (Lady Macbeth walking in her sleep); Sir Robert Smyth (1744-1802), banquier, m\u00e9c\u00e8ne de F\u00fcssli, qui avait sans doute commandit\u00e9 le tableau (comme six autres peintures de l\u0027artiste, dont quatre d\u0027apr\u00e8s Shakespeare qui se retrouvent dans la vente de 1878, voir infra) ; son fils George Henry Smyth (1784-1852), Berechurch Hall, Colchester (Essex); son petit-fils, Thomas George Graham White (-1878), Wethersfield Manor et Berechurch Hall; sa vente apr\u00e8s d\u00e9c\u00e8s, Londres, Christie\u0027s, Manson \u0026 Woods, 23 III 1878, n\u00b017; Aygio.- Carl Lazlo, B\u00e2le. - Galerie Richard Dreyfus, B\u00e2le. - Paul Ganz, historien d\u0027art (1872-1954), pr\u00e9sident de la Soci\u00e9t\u00e9 F\u00fcssli, Oberhofen, lac de Thun (canton de Berne). - Galerie Galatea (directeur Mario Tazzoli), Turin ; acquis de cette derni\u00e8re, 1970.","jabachInventory":"","napoleonInventory":"","previousOwner":[],"acquisitionDetails":[{"mode":"achat","doubt":"","dates":[{"type":"date","value":"1970","startYear":1970,"endYear":1970}]}],"ownedBy":"Etat","heldBy":"Mus\u00e9e du Louvre, D\u00e9partement des Peintures","longTermLoanTo":"","index":{"Category":[{"value":"peinture"}],"Imagery":[{"value":"litt\u00e9rature\/fantastique"},{"value":"personnage litt\u00e9raire"},{"value":"sc\u00e8ne\/th\u00e8me all\u00e9gorique"},{"value":"objet\/instrument\/mobilier\/accessoire"}]},"bibliography":[{"bibliographyRef":"Fuseli Drama and Theatre, cat. exp. (Exposition, B\u00e2le, Kunstmuseum, 20 octobre 2018-10 f\u00e9vrier 2019), M\u00fcnich, Prestel, 2018","bibliographyDate":"2018","bibliographyDetail":"p. 69; 120; 135;220, ill. 135, n\u00b0 45","comparison":false},{"bibliographyRef":"Shakespeare romantique, cat. exp. (Saint-Omer, Mus\u00e9e de l\u0027H\u00f4tel Sandelin, du 24 mai au 31 ao\u00fbt 2017), Saint-Omer, Mus\u00e9es de Saint-Omer, 2017","bibliographyDate":"2017","bibliographyDetail":"p. 32, 33, 71, coul, 4\u00e8me d ecouverture, d\u00e9tail, coul, p. 33, III. 11; Cat. 8","comparison":false},{"bibliographyRef":"Faroult, Guillaume (dir.), De Gainsborough \u00e0 Turner - L\u0027\u00e2ge d\u0027or du paysage et du portrait anglais dans les collections du mus\u00e9e du Louvre, cat. exp. (Valence, mus\u00e9e d\u0027Art et d\u0027Arch\u00e9ologie, du 29 juin au 28 septembre 2014; Quimper, mus\u00e9e des Beaux-Arts, du 23 octobre 2014 au 26 janvier 2015), Milan, SilvanaEditoriale, 2014","bibliographyDate":"2014","bibliographyDetail":"p. 25, coul, p. 25, Fig. 6","comparison":false},{"bibliographyRef":"Meslay, Olivier ; Faroult, Guillaume, \u00ab Ecoles britannique et am\u00e9ricaine \u00bb, dans Foucart-Walter, \u00c9lisabeth (dir.), Catalogue des peintures britanniques, espagnoles, germaniques, scandinaves et diverses du mus\u00e9e du Louvre, [Mus\u00e9e du Louvre, D\u00e9partement des peintures], Paris, Louvre \u00e9ditions \/ Gallimard, 2013, p. 19-55","bibliographyDate":"2013","bibliographyDetail":"p. 22","comparison":false},{"bibliographyRef":"Clair, Jean (dir.), Crime et chatiment, cat. exp. (Paris (France), Mus\u00e9e d\u0027Orsay, 16 mars - 27 juin 2010), Paris, Mus\u00e9e d\u0027Orsay \/ Gallimard, 2010","bibliographyDate":"2010","bibliographyDetail":" ","comparison":false},{"bibliographyRef":"D\u0027Outre-Manche : l\u0027art britannique dans les collections publiques fran\u00e7aises., 1, cat. exp. (Paris, Mus\u00e9e du Louvre, 19 septembre - 19 d\u00e9cembre 1994), Paris, R\u00e9union des mus\u00e9es nationaux, 1994","bibliographyDate":"1994","bibliographyDetail":"p. 46-47, coul., n\u00b0 14","comparison":false},{"bibliographyRef":"Brejon de Lavergn\u00e9e, Arnauld ; Thi\u00e9baut, Dominique, Catalogue sommaire illustr\u00e9 des peintures du mus\u00e9e du Louvre. II. Italie, Espagne, Allemagne, Grande-Bretagne et divers, Paris, R.M.N., 1981","bibliographyDate":"1981","bibliographyDetail":"p. 83","comparison":false}],"exhibition":[{"value":"L\u0027\u00e2me au corps: Arts et sciences 1793-1993, Paris (France), Galeries nationales du Grand Palais, 25\/01\/1994 - 28\/02\/1994 "},{"value":"Shakespeare romantique, Saint-Omer (Externe, France), Mus\u00e9e de l\u0027H\u00f4tel Sandelin, 22\/05\/2017 - 01\/10\/2017 "},{"value":"D\u0027Outre Manche, Napol\u00e9on, Exposition Temporaire sous pyramide, 23\/09\/1994 - 19\/12\/1994 "},{"value":"Crimes et chatiments, Paris (France), Mus\u00e9e d\u0027Orsay, 15\/03\/2010 - 27\/06\/2010 "},{"value":"250\u00e8me anniversaire de Johan Tobias Sergel, Stockholm (Su\u00e8de), National Museum of Art, 04\/10\/1990 - 16\/01\/1990 "},{"value":"F\u00fcssli et le th\u00e9\u00e2tre, Parme (Externe, Italie), Fondazione Magnani Rocca, 07\/09\/1997 - 07\/12\/1997 "},{"value":"F\u00fcssli. Drame et th\u00e9\u00e2tre, B\u00e2le (Externe, Suisse), Kunstmuseum, 20\/10\/2018 - 18\/02\/2019 "}],"relatedWork":[],"image":[{"urlImage":"https:\/\/collections.louvre.fr\/media\/cache\/large\/0000000021\/0000066733\/0000141056_OG.JPG","urlThumbnail":"https:\/\/collections.louvre.fr\/media\/cache\/small\/0000000021\/0000066733\/0000141056_OG.JPG","copyright":"\u00a9 2011 RMN-Grand Palais (mus\u00e9e du Louvre) \/ Thierry Ollivier","type":"face, recto, avers, avant ; vue d\u0027ensemble ; vue sans cadre","position":0},{"urlImage":"https:\/\/collections.louvre.fr\/media\/cache\/original\/0000000021\/0000066733\/0000051470_OG.JPG","urlThumbnail":"https:\/\/collections.louvre.fr\/media\/cache\/small\/0000000021\/0000066733\/0000051470_OG.JPG","copyright":"\u00a9 2000 Mus\u00e9e du Louvre \/ Ang\u00e8le Dequier","type":"face, recto, avers, avant ; vue d\u0027ensemble ; vue avec cadre","position":1},{"urlImage":"https:\/\/collections.louvre.fr\/media\/cache\/original\/0000000021\/0000066733\/0000133948_OG.JPG","urlThumbnail":"https:\/\/collections.louvre.fr\/media\/cache\/small\/0000000021\/0000066733\/0000133948_OG.JPG","copyright":"\u00a9 1994 RMN-Grand Palais (mus\u00e9e du Louvre) \/ Herv\u00e9 Lewandowski","type":"face, recto, avers, avant ; vue d\u0027ensemble ; vue sans cadre","position":2}]}