{"arkId":"cl010379763","url":"https:\/\/collections.louvre.fr\/ark:\/53355\/cl010379763","modified ":"2022-06-03","title":"La Justice tenant le portrait d\u0027Antoine d\u0027Aubray, comte d\u0027Off\u00e9mont","titleComplement":"","denominationTitle":"Titre : La Justice tenant le portrait d\u0027Antoine d\u0027Aubray, comte d\u0027Off\u00e9mont","displayDateCreated":"Date de cr\u00e9ation\/fabrication : 1671","currentLocation":"Richelieu, [SCULPT] Salle 104 - Crypte Fran\u00e7ois Girardon (1628-1715)","room":"Salle 104, Aile Richelieu, Niveau -1","isMuseesNationauxRecuperation":false,"dateCreated":[{"startYear":"","endYear":1671,"imprecision":"","text":"3e quart du XVIIe si\u00e8cle","type":"Date de cr\u00e9ation\/fabrication","doubt":""}],"creator":[{"label":"Desjardins, Martin (Van den Bogaert Martin, dit)","attributionLevel":"Attribution actuelle","linkType":"","dates":[{"date":"1637","place":"Breda","type":"date de naissance"},{"date":"1694","place":"Paris","type":"date de mort"}],"creatorRole":"","authenticationType":"","doubt":"","attributedBy":"","attributedYear":"","wikidata":"Q648445"}],"objectNumber":[{"value":"D 2016.1","type":"Num\u00e9ro principal"},{"value":"MV 477","type":"Autre num\u00e9ro d\u0027inventaire"},{"value":"LP 543","type":"Autre num\u00e9ro d\u0027inventaire"}],"collection":"D\u00e9partement des Sculptures du Moyen Age, de la Renaissance et des temps modernes","printsDrawingsEntity":"","printsDrawingsCollection":"","objectType":"haut-relief","originalObject":"","printState":"","description":"","inscriptions":"","namesAndTitles":"","onomastics":"","dimension":"","shape":"","materialsAndTechniques":"pierre de Tonnerre","placeOfCreation":"","dateOfDiscovery":"","placeOfDiscovery":"","provenance":"\u00e9glise (France-\u003EParis) (de l\u0027Oratoire)","historicalContext":[],"objectHistory":"Ex\u00e9cut\u00e9 pour la chapelle Saint-Antoine dans l\u0027\u00e9glise de l\u0027Oratoire Saint-Honor\u00e9 \u00e0 Paris, plac\u00e9 en 1791 au mus\u00e9e des Monuments fran\u00e7ais. Entr\u00e9 \u00e0 Versailles le 25 mai 1834. Longtemps consid\u00e9r\u00e9 comme le moulage de l\u0027original perdu. Identifi\u00e9 au cours du premier r\u00e9colement comme l\u0027original en pierre de Tonnerre. D\u00e9p\u00f4t du ch\u00e2teau de Versailles : arr\u00eat\u00e9 de 2013, d\u00e9p\u00f4t effectif en 2016.","jabachInventory":"","napoleonInventory":"","previousOwner":[],"acquisitionDetails":[{"mode":"d\u00e9p\u00f4t","doubt":"","dates":[{"type":"date de l\u0027arr\u00eat\u00e9\/d\u00e9cision","value":"02\/05\/2013","startYear":2013,"endYear":2013},{"type":"date d\u0027arriv\u00e9e au Mus\u00e9e","value":"2016","startYear":2016,"endYear":2016}]}],"ownedBy":"Etat","heldBy":"Ch\u00e2teau - Domaine national de Versailles, Versailles","longTermLoanTo":"Mus\u00e9e du Louvre, D\u00e9partement des Sculptures du Moyen Age, de la Renaissance et des temps modernes","index":{"Category":[{"value":"relief"},{"value":"sculpture"}],"Materials":[{"value":"mat\u00e9riau d\u0027origine min\u00e9rale"},{"value":"pierre"},{"value":"pierre calcaire"},{"value":"pierre de Tonnerre"}],"Places":[{"value":"France"},{"value":"Paris"},{"value":"\u00e9glise"}]},"bibliography":[{"bibliographyRef":"Hoog, Simone, Mus\u00e9e National du Ch\u00e2teau de Versailles. Les sculptures. 1. Le mus\u00e9e, Paris, RMN, 1993","bibliographyDate":"1993","bibliographyDetail":"p. 292, n\u00b0 1345","comparison":false},{"bibliographyRef":"Chancel-Bardelot, B\u00e9atrice de, sous la direction de, Le mus\u00e9e des Monuments fran\u00e7ais d\u0027Alexandre Lenoir, histoire et collections, [INHA \/ Louvre], Paris, Institut National d\u0027Histoire de l\u0027Art, 2014, Disponible sur : \u0026lt;\thttps:\/\/agorha.inha.fr\/inhaprod\/ark:\/54721\/00145\u0026gt; ","bibliographyDate":"2014","bibliographyDetail":"https:\/\/agorha.inha.fr\/inhaprod\/ark:\/54721\/003135984","comparison":false},{"bibliographyRef":"Souchal, Fran\u00e7ois, French Sculptors of the 17th and 18th centuries, The reign of Louis XIV, Illustrates Catalogue, Oxford, 1977-1993","bibliographyDate":"","bibliographyDetail":"t. I, p. 244-245 ; t. IV, p. 69, n\u00b0 15","comparison":false}],"exhibition":[],"relatedWork":[],"image":[{"urlImage":"https:\/\/collections.louvre.fr\/media\/cache\/large\/0000000021\/0000379763\/0000676536_OG.JPG","urlThumbnail":"https:\/\/collections.louvre.fr\/media\/cache\/small\/0000000021\/0000379763\/0000676536_OG.JPG","copyright":"\u00a9 2016 RMN-Grand Palais (mus\u00e9e du Louvre) \/ Mathieu Rabeau","type":"","position":0},{"urlImage":"https:\/\/collections.louvre.fr\/media\/cache\/large\/0000000021\/0000379763\/0001069773_OG.JPG","urlThumbnail":"https:\/\/collections.louvre.fr\/media\/cache\/small\/0000000021\/0000379763\/0001069773_OG.JPG","copyright":"\u00a9 2021 Mus\u00e9e du Louvre \/ Thibaut Voisin","type":"vue de l\u0027objet en situation","position":1},{"urlImage":"https:\/\/collections.louvre.fr\/media\/cache\/large\/0000000021\/0000379763\/0000676535_OG.JPG","urlThumbnail":"https:\/\/collections.louvre.fr\/media\/cache\/small\/0000000021\/0000379763\/0000676535_OG.JPG","copyright":"\u00a9 2016 RMN-Grand Palais (mus\u00e9e du Louvre) \/ Mathieu Rabeau","type":"","position":2}]}