{"arkId":"cl010089911","url":"https:\/\/collections.louvre.fr\/ark:\/53355\/cl010089911","modified ":"2022-06-03","title":"\u00c9pitaphe en latin de Jean, Bernard et Renaud de Dormans (morts en 1380, 1381 et 1386)","titleComplement":"","denominationTitle":"Titre : \u00c9pitaphe en latin de Jean, Bernard et Renaud de Dormans (morts en 1380, 1381 et 1386)","displayDateCreated":"Date de cr\u00e9ation\/fabrication : vers 1375 - 1400","currentLocation":"Richelieu, [SCULPT] Salle 207 - Gisants gothiques - La sculpture fun\u00e9raire au 14e si\u00e8cle","room":"Salle 207, Aile Richelieu, Niveau 0","isMuseesNationauxRecuperation":false,"dateCreated":[{"startYear":1375,"endYear":1400,"imprecision":"vers","text":"4e quart du XIVe si\u00e8cle","type":"Date de cr\u00e9ation\/fabrication","doubt":""}],"creator":[{"label":"France \u00cele-de-France","attributionLevel":"Attribution actuelle","linkType":"","creatorRole":"","authenticationType":"","doubt":"","attributedBy":"","attributedYear":"","wikidata":""}],"objectNumber":[{"value":"CL 11123","type":"Num\u00e9ro principal"},{"value":"CL 18 993 A","type":"Autre num\u00e9ro d\u0027inventaire"}],"collection":"D\u00e9partement des Sculptures du Moyen Age, de la Renaissance et des temps modernes","printsDrawingsEntity":"","printsDrawingsCollection":"","objectType":"\u00e9pitaphe","originalObject":"","printState":"","description":"","inscriptions":"Inscription :  ; HI III GERMANI FRATRES SUNT GENITI DOMINI GUILLELMI, DOMINI DE DORMANO, MILITIS, GERMANI : POSTGENITI BONE MEMORIE DOMINI JOHANNIS DE DORMANO, DEI ET APOSTOLICE SEDIS GRACIA CARDINALIS, PRESENTIS : COLLEGII FUNDATORUM, QUONDAM ALTERIUS POST ALTERUM CANCELLARIORUM FRANCIE, QUI ANTE PRESENTIS CAPELLE : COMPLEMENTUM DECESSERUNT, VIDELICET DICTUS MILES XI DIE JULII, ANNO M\u00b0 CCC\u00b0 SEPTUAGESIMO TERCIO, : ET DICTUS CARDINALIS DIE VII NOVEMBRIS EJUSDEM ANNI ; QUI EORUM SEPULTURAM IN CARTUSIA JUXTA PARISIUS : ELEGERUNT, UBI DUOS CARTUSIENSES PERPETUOS FUNDAVERUNT. ; TRIUM VERO FRATRUM PRESENCIUM PRIMUS, SCILICET MAGISTER JOHANNES DE DORMANO, LICENCIATUS IN LEGIBUS ETATIS XXTI ANNORUM(?) PARISIENSIS ET CARNOTENSIS CANONICUS(?) AC BELVACENSIS ECCLESIE CANCELLARIUS(?) OBIIT SENONIS(?) ANNO M\u00b0 CCC LXXX\u00b0 MENSE NOVEMBRI. CUJUS OSSA ET CADAVER DEINDE SUNT ALLATA ET HIC INHUMATA.  ; SECUNDUS VIDELICET MAGISTER REGINALDUS DE DORMANO ARCHIDIACONUS CATHALAUNENSIS PARISIENSIS CARNOTENSIS ET SUESSIONZNSIS CANONICUS REQUESTARUM HOSPICII REGIS FRANCORUM MAGISTER HIC JACET QUI ONIIT PARISIUS MENSE MAII ANNO M\u00b0 CCC\u00b0 OTTOGESIMO SEXTO. HII AUTEM PRESENTI COLLEGIO ET CAPELLE PRO SALUTE EORUM BONA ET REDDITUS PLURIMOS LEGAVERUNT ANIME EORUM REQUIESCANT IN PACE ;  (La mauvais \u00e9tat de oeuvres ne permettant pas actuellement la lecture des \u00e9pitaphes, en attendant la restauration pr\u00e9vue, le texte publi\u00e9 ici est celui de la transcription de Rauni\u00e9.)","namesAndTitles":"","onomastics":"","dimension":[{"type":"Hauteur","value":"0,95","displayDimension":"0,95 m","unit":"m","anteriorPrecision":"","posteriorPrecision":"","tri":1,"note":""},{"type":"Largeur","value":"1,36","displayDimension":"1,36 m","unit":"m","anteriorPrecision":"","posteriorPrecision":"","tri":2,"note":""},{"type":"Profondeur","value":"0,07","displayDimension":"0,07 m","unit":"m","anteriorPrecision":"","posteriorPrecision":"","tri":3,"note":""}],"shape":"","materialsAndTechniques":"pierre calcaire","placeOfCreation":"","dateOfDiscovery":"","placeOfDiscovery":"","provenance":"coll\u00e8ge de Beauvais (France-\u003EParis-\u003Ecoll\u00e8ge)","historicalContext":[],"objectHistory":"Accompagnaient les deux monuments compos\u00e9s chacun de trois figures gisantes (LP 432, LP 434 et LP 2666) \u00e9rig\u00e9s dans la chapelle Saint-Jean l\u0027\u00e9vang\u00e9liste du coll\u00e8ge de Dormans dit de Beauvais \u00e0 Paris, \u00e0 pr\u00e9sent \u00e9glise orthodoxe roumaine, 9 bis rue Jean de Beauvais. Etablissement rattach\u00e9 au coll\u00e8ge Louis-le-Grand en 1763 ; locaux affect\u00e9s au coll\u00e8ge de Lisieux en 1767. Coll\u00e8ge devenu bien national \u00e0 la R\u00e9volution. Epitaphes recueillies au d\u00e9p\u00f4t des Petits-Augustins, le 13 juin 1794. Mus\u00e9e des Monuments fran\u00e7ais. Saint-Denis apr\u00e8s 1816. Magasins de Saint-Denis. Versement des Chantiers de Saint-Denis au mus\u00e9e des Thermes et de l\u0027H\u00f4tel de Cluny en 1882 (r\u00e9inventori\u00e9s en 1912). D\u00e9pos\u00e9 au mus\u00e9e du Louvre en 1938.","jabachInventory":"","napoleonInventory":"","previousOwner":[],"acquisitionDetails":[{"mode":"d\u00e9p\u00f4t","doubt":"","dates":[{"type":"date","value":"1938","startYear":1938,"endYear":1938}]}],"ownedBy":"Etat","heldBy":"Mus\u00e9e national du Moyen-\u00c2ge - mus\u00e9e de Cluny, Paris","longTermLoanTo":"Mus\u00e9e du Louvre, D\u00e9partement des Sculptures du Moyen Age, de la Renaissance et des temps modernes","index":{"Category":[{"value":"objet de culte et liturgique"},{"value":"sculpture"}],"Materials":[{"value":"mat\u00e9riau d\u0027origine min\u00e9rale"},{"value":"pierre"},{"value":"pierre calcaire"}],"Places":[{"value":"France"},{"value":"Paris"},{"value":"coll\u00e8ge"},{"value":"coll\u00e8ge de Beauvais"}]},"bibliography":[{"bibliographyRef":"Chancel-Bardelot, B\u00e9atrice de, sous la direction de, Le mus\u00e9e des Monuments fran\u00e7ais d\u0027Alexandre Lenoir, histoire et collections, [INHA \/ Louvre], Paris, Institut National d\u0027Histoire de l\u0027Art, 2014, Disponible sur : \u0026lt;\thttps:\/\/agorha.inha.fr\/inhaprod\/ark:\/54721\/00145\u0026gt; ","bibliographyDate":"2014","bibliographyDetail":"\thttps:\/\/agorha.inha.fr\/inhaprod\/ark:\/54721\/003135622","comparison":false},{"bibliographyRef":"Baron, Fran\u00e7oise, Mus\u00e9e du Louvre - Sculpture fran\u00e7aise - I - Moyen Age, Paris, 1996","bibliographyDate":"1996","bibliographyDetail":"p. 232","comparison":false},{"bibliographyRef":"Haraucourt, Edmond ; Montremy, Fran\u00e7ois de, Mus\u00e9e des Thermes et de l\u0027H\u00f4tel de Cluny. Catalogue g\u00e9n\u00e9ral, t. 1, La pierre, le marbre et l\u0027alb\u00e2tre, Paris, 1922","bibliographyDate":"1922","bibliographyDetail":"n\u00b0 569-571","comparison":false},{"bibliographyRef":"Rauni\u00e9, Emile, Epitaphier du vieux Paris, t. I, Paris, 1890","bibliographyDate":"1890","bibliographyDetail":"p. 335, 336 et 337, n\u00b0 472, 473 et 475","comparison":false}],"exhibition":[],"relatedWork":[],"image":[{"urlImage":"https:\/\/collections.louvre.fr\/media\/cache\/large\/0000000021\/0000089911\/0000261871_OG.JPG","urlThumbnail":"https:\/\/collections.louvre.fr\/media\/cache\/small\/0000000021\/0000089911\/0000261871_OG.JPG","copyright":"\u00a9 2009 Mus\u00e9e du Louvre \/ Pierre Philibert","type":"","position":0}]}