{"arkId":"cl010091263","url":"https:\/\/collections.louvre.fr\/ark:\/53355\/cl010091263","modified ":"2022-06-03","title":"Mercure, apr\u00e8s avoir tranch\u00e9 la t\u00eate \u00e0 Argus, remet ses talonni\u00e8res pour remonter dans l\u0027Olympe.","titleComplement":"","denominationTitle":"Titre : Mercure, apr\u00e8s avoir tranch\u00e9 la t\u00eate \u00e0 Argus, remet ses talonni\u00e8res pour remonter dans l\u0027Olympe. (Titre du Salon)\nAutre titre : Mercure rattachant ses talonni\u00e8res","displayDateCreated":"Date de cr\u00e9ation\/fabrication : 1834","currentLocation":"Richelieu, [SCULPT] Salle 226 - Antoine-Louis Barye (1796-1875) - Le romantisme en sculpture","room":"Salle 226, Aile Richelieu, Niveau 0","isMuseesNationauxRecuperation":false,"dateCreated":[{"startYear":1834,"endYear":"","imprecision":"","text":"XIXe si\u00e8cle","type":"Date de cr\u00e9ation\/fabrication","doubt":""}],"creator":[{"label":"Rude, Fran\u00e7ois","attributionLevel":"Attribution actuelle","linkType":"","dates":[{"date":"1784","place":"Dijon","type":"date de naissance"},{"date":"1855","place":"Paris","type":"date de mort"}],"creatorRole":"","authenticationType":"","doubt":"","attributedBy":"","attributedYear":"","wikidata":"Q346491"},{"label":"France","attributionLevel":"Attribution actuelle","linkType":"","creatorRole":"","authenticationType":"","doubt":"","attributedBy":"","attributedYear":"","wikidata":""}],"objectNumber":[{"value":"LP 263","type":"Num\u00e9ro principal"},{"value":"N 15573","type":"Autre num\u00e9ro d\u0027inventaire"}],"collection":"D\u00e9partement des Sculptures du Moyen Age, de la Renaissance et des temps modernes","printsDrawingsEntity":"","printsDrawingsCollection":"","objectType":"statue","originalObject":"","printState":"","description":"","inscriptions":"","namesAndTitles":"","onomastics":"","dimension":[{"type":"Hauteur","value":"2,35","displayDimension":"2,35 m","unit":"m","anteriorPrecision":"","posteriorPrecision":"","tri":1,"note":""},{"type":"Largeur","value":"0,8","displayDimension":"0,8 m","unit":"m","anteriorPrecision":"","posteriorPrecision":"","tri":2,"note":""},{"type":"Profondeur","value":"0,85","displayDimension":"0,85 m","unit":"m","anteriorPrecision":"","posteriorPrecision":"","tri":3,"note":""}],"shape":"","materialsAndTechniques":"bronze \u00e0 patine brun-jaune","placeOfCreation":"","dateOfDiscovery":"","placeOfDiscovery":"","provenance":"","historicalContext":[{"value":"Exposition universelle, Exposition universelle de 1855, Paris"},{"value":"Salon, Salon de 1834, Paris"}],"objectHistory":"Salon de 1834, n\u00b0 2129 (mod\u00e8le en pl\u00e2tre ex\u00e9cut\u00e9 \u00e0 Bruxelles [disparu] au Salon de 1827, n\u00b0 1185). Acquis par d\u00e9cision du 10 mai 1834. Mus\u00e9e du Luxembourg, 1852-1855. Exposition universelle de 1855, n\u00b0 4565. Attest\u00e9 au Louvre depuis 1873.","jabachInventory":"","napoleonInventory":"","previousOwner":[],"acquisitionDetails":[],"ownedBy":"Etat","heldBy":"Mus\u00e9e du Louvre, D\u00e9partement des Sculptures du Moyen Age, de la Renaissance et des temps modernes","longTermLoanTo":"","index":{"Category":[{"value":"statue, statuette, figurine"},{"value":"sculpture"}],"Materials":[{"value":"mat\u00e9riau d\u0027origine min\u00e9rale"},{"value":"m\u00e9tal"},{"value":"alliage"},{"value":"alliage binaire"},{"value":"bronze"}],"technic":[{"value":"patin\u00e9"},{"value":"\u00e0 patine brun-jaune"}],"Imagery":[{"value":"guerre\/combat\/chasse"},{"value":"portrait\/personnage\/nu"},{"value":"religion\/mythologie\/magie\/zodiaque"},{"value":"acad\u00e9mie\/nu"},{"value":"personnage mythologique"}]},"bibliography":[{"bibliographyRef":"Fran\u00e7ois et Sophie Rude - Un couple d\u0027artistes au XIXe si\u00e8cle, citoyens de la Libert\u00e9, cat. exp. (Dijon (France), Mus\u00e9e des Beaux-Arts, du 12 octobre 2012 au 28 janvier 2013), Paris, Somogy \u00e9ditions d\u0027art, 2012","bibliographyDate":"2012","bibliographyDetail":" ","comparison":false},{"bibliographyRef":"Chefs d\u0027oeuvre de l\u0027art fran\u00e7ais, I, textes - II, planches, cat. exp. (Paris, Palais National des Arts, 1937), Paris, 1937","bibliographyDate":"1937","bibliographyDetail":"p. 510, n\u00b0 1143","comparison":false},{"bibliographyRef":"Vitry, Paul, Mus\u00e9e national du Louvre. Catalogue des sculptures du Moyen \u00c2ge, de la Renaissance et des Temps modernes. Premi\u00e8re partie, Moyen \u00c2ge et Renaissance ; deuxi\u00e8me partie, Temps modernes, I, Paris, 1922","bibliographyDate":"1922","bibliographyDetail":"n\u00b0 1485","comparison":false},{"bibliographyRef":"Fourcaud, L. de, Fran\u00e7ois Rude, sculpteur, 1904","bibliographyDate":"1904","bibliographyDetail":"p. 454-456","comparison":false},{"bibliographyRef":"Michel, Andr\u00e9, Mus\u00e9e national du Louvre. Catalogue sommaire des sculptures du Moyen \u00c2ge, de la Renaissance et des Temps Modernes, Paris, 1897","bibliographyDate":"1897","bibliographyDetail":"n\u00b0 810","comparison":false},{"bibliographyRef":"Barbet de Jouy, Henry, Mus\u00e9e national du Louvre. Description des Sculptures du Moyen-Age, de la Renaissance et des Temps modernes, Paris, 1873","bibliographyDate":"1873","bibliographyDetail":"n\u00b0 353","comparison":false},{"bibliographyRef":"Villot, Fr\u00e9d\u00e9ric, Explication des ouvrages de peinture et de sculpture de l\u0027\u00c9cole moderne de France expos\u00e9s dans le mus\u00e9e national du Luxembourg, Paris, 1852","bibliographyDate":"1852","bibliographyDetail":"n\u00b0 194","comparison":false}],"exhibition":[{"value":"Fran\u00e7ois et Sophie Rude, Ligornetto (Suisse), Museo Vela, 19\/03\/2013 - 29\/07\/2013, \u00e9tape d\u0027une exposition itin\u00e9rante "},{"value":"Fran\u00e7ois et Sophie Rude - Un couple d\u0027artistes au XIXe si\u00e8cle, citoyens de la Libert\u00e9, Dijon (France), Mus\u00e9e des Beaux-Arts, 12\/10\/2012 - 28\/01\/2013, \u00e9tape d\u0027une exposition itin\u00e9rante "}],"relatedWork":[{"objectUrl":"https:\/\/collections.louvre.fr\/ark:\/53355\/cl010094590","type":"R\u00e9f\u00e9rence"}],"image":[{"urlImage":"https:\/\/collections.louvre.fr\/media\/cache\/large\/0000000021\/0000091263\/0000254443_OG.JPG","urlThumbnail":"https:\/\/collections.louvre.fr\/media\/cache\/small\/0000000021\/0000091263\/0000254443_OG.JPG","copyright":"\u00a9 2003 Mus\u00e9e du Louvre \/ Pierre Philibert","type":"","position":0},{"urlImage":"https:\/\/collections.louvre.fr\/media\/cache\/large\/0000000021\/0000091263\/0000254444_OG.JPG","urlThumbnail":"https:\/\/collections.louvre.fr\/media\/cache\/small\/0000000021\/0000091263\/0000254444_OG.JPG","copyright":"\u00a9 2003 Mus\u00e9e du Louvre \/ Pierre Philibert","type":"","position":1},{"urlImage":"https:\/\/collections.louvre.fr\/media\/cache\/large\/0000000021\/0000091263\/0000254445_OG.JPG","urlThumbnail":"https:\/\/collections.louvre.fr\/media\/cache\/small\/0000000021\/0000091263\/0000254445_OG.JPG","copyright":"\u00a9 2003 Mus\u00e9e du Louvre \/ Pierre Philibert","type":"","position":2},{"urlImage":"https:\/\/collections.louvre.fr\/media\/cache\/large\/0000000021\/0000091263\/0000254446_OG.JPG","urlThumbnail":"https:\/\/collections.louvre.fr\/media\/cache\/small\/0000000021\/0000091263\/0000254446_OG.JPG","copyright":"\u00a9 2003 Mus\u00e9e du Louvre \/ Pierre Philibert","type":"","position":3}]}