{"arkId":"cl010101056","url":"https:\/\/collections.louvre.fr\/ark:\/53355\/cl010101056","modified ":"2022-06-03","title":"Buste de la grande Pr\u00e9tresse, d\u0027apr\u00e8s\u0022 Iphig\u00e9nie\u0022 de Gluck\nManufacture de S\u00e8vres","titleComplement":"","denominationTitle":"Titre : Buste de la grande Pr\u00e9tresse, d\u0027apr\u00e8s\u0022 Iphig\u00e9nie\u0022 de Gluck\nManufacture de S\u00e8vres","displayDateCreated":"","currentLocation":"Sully, [OArt] Salle 623 - Galerie Basile de Schlichting, Vitrine 5 ","room":"Salle 623, Aile Sully, Niveau 1","isMuseesNationauxRecuperation":false,"dateCreated":[],"creator":[{"label":"Boizot, Louis Simon","attributionLevel":"Attribution actuelle","linkType":"D\u0027apr\u00e8s","dates":[{"date":"1743","place":"Paris","type":"date de naissance"},{"date":"1809","place":"Paris","type":"date de mort"}],"creatorRole":"Sculpteur","authenticationType":"","doubt":"","attributedBy":"","attributedYear":"","wikidata":"Q1608030"}],"objectNumber":[{"value":"OA 10938","type":"Num\u00e9ro principal"}],"collection":"D\u00e9partement des Objets d\u0027art du Moyen Age, de la Renaissance et des temps modernes","printsDrawingsEntity":"","printsDrawingsCollection":"","objectType":"buste","originalObject":"","printState":"","description":"","inscriptions":"","namesAndTitles":"","onomastics":"","dimension":[{"type":"Hauteur avec accessoire","value":"61","displayDimension":"61 cm","unit":"cm","anteriorPrecision":"","posteriorPrecision":"","tri":1,"note":""},{"type":"Largeur avec accessoire","value":"46,5","displayDimension":"46,5 cm","unit":"cm","anteriorPrecision":"","posteriorPrecision":"","tri":2,"note":""},{"type":"Profondeur avec accessoire","value":"29","displayDimension":"29 cm","unit":"cm","anteriorPrecision":"","posteriorPrecision":"","tri":3,"note":""},{"type":"Diam\u00e8tre","value":"20","displayDimension":"20 cm","unit":"cm","anteriorPrecision":"","posteriorPrecision":"","tri":12,"note":""}],"shape":"","materialsAndTechniques":"Mat\u00e9riau : biscuit de porcelaine tendre\nTechnique : techniques c\u00e9ramique","placeOfCreation":"S\u00e8vres (Ile-de-France = Ile de France-\u003EHauts-de-Seine = Hauts de Seine)","dateOfDiscovery":"","placeOfDiscovery":"","provenance":"","historicalContext":[],"objectHistory":"","jabachInventory":"","napoleonInventory":"","previousOwner":[],"acquisitionDetails":[{"mode":"don","doubt":"","dates":[{"type":"date","value":"1983","startYear":1983,"endYear":1983}]}],"ownedBy":"Etat","heldBy":"Mus\u00e9e du Louvre, D\u00e9partement des Objets d\u0027art du Moyen Age, de la Renaissance et des temps modernes","longTermLoanTo":"","index":{"Category":[{"value":"sculpture"}],"Places":[{"value":"Europe"},{"value":"France"},{"value":"Ile-de-France = Ile de France"},{"value":"Hauts-de-Seine = Hauts de Seine"},{"value":"S\u00e8vres"}],"objectType":[{"value":"sculpture"},{"value":"ronde bosse"},{"value":"buste"}]},"bibliography":[{"bibliographyRef":"Alcouffe, Daniel ; Durand, Jannic ; Gaborit-Chopin, Danielle ; Enn\u00e8s, Pierre ; Lef\u00e9bure, Amaury, Nouvelles acquisitions du d\u00e9partement des Objets d\u0027art : 1980-1984, Paris, R\u00e9union des mus\u00e9es nationaux, 1985","bibliographyDate":"1985","bibliographyDetail":"n\u00b0 87","comparison":false}],"exhibition":[{"value":"Louis-Simon Boizot (1743-1809), Versailles (France), Mus\u00e9e Lambinet, 23\/10\/2001 - 24\/02\/2002 "}],"relatedWork":[],"image":[{"urlImage":"https:\/\/collections.louvre.fr\/media\/cache\/large\/0000000021\/0000101056\/0000236126_OG.JPG","urlThumbnail":"https:\/\/collections.louvre.fr\/media\/cache\/small\/0000000021\/0000101056\/0000236126_OG.JPG","copyright":"\u00a9 1994 Mus\u00e9e du Louvre \/ Martine Beck-Coppola","type":"","position":0},{"urlImage":"https:\/\/collections.louvre.fr\/media\/cache\/large\/0000000021\/0000101056\/0000236127_OG.JPG","urlThumbnail":"https:\/\/collections.louvre.fr\/media\/cache\/small\/0000000021\/0000101056\/0000236127_OG.JPG","copyright":"\u00a9 1994 Mus\u00e9e du Louvre \/ Martine Beck-Coppola","type":"","position":1}]}