{"arkId":"cl010093315","url":"https:\/\/collections.louvre.fr\/ark:\/53355\/cl010093315","modified ":"2022-06-03","title":"Proph\u00e8te assis tenant un phylact\u00e8re","titleComplement":"","denominationTitle":"Titre : Proph\u00e8te assis tenant un phylact\u00e8re","displayDateCreated":"Date de cr\u00e9ation\/fabrication : vers 1240","currentLocation":"Richelieu, [SCULPT] Salle 203 - Chartres - La sculpture gothique au 13e si\u00e8cle","room":"Salle 203, Aile Richelieu, Niveau 0","isMuseesNationauxRecuperation":false,"dateCreated":[{"startYear":1240,"endYear":"","imprecision":"vers","text":"2e quart du XIIIe si\u00e8cle","type":"Date de cr\u00e9ation\/fabrication","doubt":""}],"creator":[{"label":"France Berry","attributionLevel":"Attribution actuelle","linkType":"","creatorRole":"","authenticationType":"","doubt":"","attributedBy":"","attributedYear":"","wikidata":""}],"objectNumber":[{"value":"RF 893 BIS","type":"Num\u00e9ro principal"},{"value":"DESCR. 165","type":"Autre num\u00e9ro d\u0027inventaire"}],"collection":"D\u00e9partement des Sculptures du Moyen Age, de la Renaissance et des temps modernes","printsDrawingsEntity":"","printsDrawingsCollection":"","objectType":"fragment de voussure","originalObject":"","printState":"","description":"","inscriptions":"","namesAndTitles":"","onomastics":"","dimension":[{"type":"Hauteur","value":"0,915","displayDimension":"0,915 m","unit":"m","anteriorPrecision":"","posteriorPrecision":"","tri":1,"note":""},{"type":"Largeur","value":"0,55","displayDimension":"0,55 m","unit":"m","anteriorPrecision":"","posteriorPrecision":"","tri":2,"note":""},{"type":"Profondeur","value":"0,36","displayDimension":"0,36 m","unit":"m","anteriorPrecision":"","posteriorPrecision":"","tri":3,"note":""}],"shape":"","materialsAndTechniques":"pierre calcaire","placeOfCreation":"","dateOfDiscovery":"","placeOfDiscovery":"","provenance":"fa\u00e7ade occidentale (France-\u003EBourges-\u003Ecath\u00e9drale)","historicalContext":[],"objectHistory":"Provient de l\u0027archivolte du portail central de la fa\u00e7ade occidentale de la cath\u00e9drale de Bourges (6e rang\u00e9e de voussure \u00e0 gauche). D\u00e9pos\u00e9 entre 1833 et 1836 lors des travaux de restauration dirig\u00e9s par l\u0027architecte Fran\u00e7ois-Narcisse Pagot. D\u00e9p\u00f4t lapidaire dans les cryptes de la cath\u00e9drale. Attribu\u00e9 au mus\u00e9e du Louvre en 1891 (comit\u00e9 du 4 juin 1891, autorisation du ministre de la Justice et des Cultes du 18 avril 1890, transmise par le ministre de l\u0027 Instruction publique et des Beaux-Arts)","jabachInventory":"","napoleonInventory":"","previousOwner":[],"acquisitionDetails":[{"mode":"attribu\u00e9 au Louvre","doubt":"","dates":[{"type":"autres dates","value":"18\/04\/1890","startYear":1890,"endYear":1890},{"type":"date de comit\u00e9\/commission","value":"04\/06\/1891","startYear":1891,"endYear":1891}]}],"ownedBy":"Etat","heldBy":"Mus\u00e9e du Louvre, D\u00e9partement des Sculptures du Moyen Age, de la Renaissance et des temps modernes","longTermLoanTo":"","index":{"Category":[{"value":"\u00e9l\u00e9ment d\u0027architecture, d\u00e9cor int\u00e9rieur et ext\u00e9rieur, huisserie"},{"value":"sculpture"}],"Materials":[{"value":"mat\u00e9riau d\u0027origine min\u00e9rale"},{"value":"pierre"},{"value":"pierre calcaire"}],"Places":[{"value":"France"},{"value":"Bourges"},{"value":"cath\u00e9drale"},{"value":"fa\u00e7ade occidentale"}]},"bibliography":[{"bibliographyRef":"Baron, Fran\u00e7oise, Mus\u00e9e du Louvre - Sculpture fran\u00e7aise - I - Moyen Age, Paris, 1996","bibliographyDate":"1996","bibliographyDetail":"p. 82","comparison":false},{"bibliographyRef":"Joubert, Fabienne, \u00ab Les voussures d\u00e9pos\u00e9es du portail central de la cath\u00e9drale de Bourges \u00bb, Bulletin monumental, t. 132, 1974, 273-286","bibliographyDate":"1974","bibliographyDetail":"p. 273-274, 280-286","comparison":false},{"bibliographyRef":"Aubert, Marcel ; Beaulieu, Mich\u00e8le, Mus\u00e9e national du Louvre. Description raisonn\u00e9e des Sculptures du Moyen \u00c2ge, de la Renaissance et des Temps modernes, t. 1, Moyen \u00c2ge, Paris, 1950","bibliographyDate":"1950","bibliographyDetail":"n\u00b0 165","comparison":false},{"bibliographyRef":"Vitry, Paul, Mus\u00e9e national du Louvre. Catalogue des sculptures du Moyen \u00c2ge, de la Renaissance et des Temps modernes. Premi\u00e8re partie, Moyen \u00c2ge et Renaissance ; deuxi\u00e8me partie, Temps modernes, I, Paris, 1922","bibliographyDate":"1922","bibliographyDetail":"n\u00b0 110","comparison":false},{"bibliographyRef":"Michel, Andr\u00e9, Mus\u00e9e national du Louvre. Catalogue des sculptures du Moyen Age et de la Renaissance et des temps modernes, Paris, 1897","bibliographyDate":"1897","bibliographyDetail":"n\u00b0 67","comparison":false}],"exhibition":[],"relatedWork":[{"objectUrl":"https:\/\/collections.louvre.fr\/ark:\/53355\/cl010093313","type":"El\u00e9ment d\u0027un ensemble"},{"objectUrl":"https:\/\/collections.louvre.fr\/ark:\/53355\/cl010093314","type":"El\u00e9ment d\u0027un ensemble"},{"objectUrl":"https:\/\/collections.louvre.fr\/ark:\/53355\/cl010093316","type":"El\u00e9ment d\u0027un ensemble"}],"image":[{"urlImage":"https:\/\/collections.louvre.fr\/media\/cache\/large\/0000000021\/0000093315\/0000567626_OG.JPG","urlThumbnail":"https:\/\/collections.louvre.fr\/media\/cache\/small\/0000000021\/0000093315\/0000567626_OG.JPG","copyright":"\u00a9 1965 RMN-Grand Palais (mus\u00e9e du Louvre) \/ Photographe inconnu","type":"","position":0},{"urlImage":"https:\/\/collections.louvre.fr\/media\/cache\/large\/0000000021\/0000093315\/0000266043_OG.JPG","urlThumbnail":"https:\/\/collections.louvre.fr\/media\/cache\/small\/0000000021\/0000093315\/0000266043_OG.JPG","copyright":"\u00a9 1996 Mus\u00e9e du Louvre \/ Pierre Philibert","type":"","position":1},{"urlImage":"https:\/\/collections.louvre.fr\/media\/cache\/large\/0000000021\/0000093315\/0000252942_OG.JPG","urlThumbnail":"https:\/\/collections.louvre.fr\/media\/cache\/small\/0000000021\/0000093315\/0000252942_OG.JPG","copyright":"\u00a9 Mus\u00e9e du Louvre \/ Maurice et Pierre Chuzeville","type":"","position":2},{"urlImage":"https:\/\/collections.louvre.fr\/media\/cache\/large\/0000000021\/0000093315\/0000567627_OG.JPG","urlThumbnail":"https:\/\/collections.louvre.fr\/media\/cache\/small\/0000000021\/0000093315\/0000567627_OG.JPG","copyright":"\u00a9 Mus\u00e9e du Louvre \/ Service documentation photographique","type":"","position":3},{"urlImage":"https:\/\/collections.louvre.fr\/media\/cache\/large\/0000000021\/0000093315\/0000567628_OG.JPG","urlThumbnail":"https:\/\/collections.louvre.fr\/media\/cache\/small\/0000000021\/0000093315\/0000567628_OG.JPG","copyright":"\u00a9 Mus\u00e9e du Louvre \/ Service documentation photographique","type":"","position":4}]}