{"arkId":"cl010457023","url":"https:\/\/collections.louvre.fr\/ark:\/53355\/cl010457023","modified ":"2022-06-03","title":"L\u0027El\u00e8ve int\u00e9ressante","titleComplement":"","denominationTitle":"Titre : L\u0027El\u00e8ve int\u00e9ressante","displayDateCreated":"Date de cr\u00e9ation\/fabrication : 4e quart du XVIIIe si\u00e8cle (vers 1786)","currentLocation":"Sully, [Peint] Salle 929 - Jean-Honor\u00e9 Fragonard (1732-1806)","room":"Salle 929, Aile Sully, Niveau 2","isMuseesNationauxRecuperation":false,"dateCreated":[{"startYear":1786,"endYear":"","imprecision":"vers","text":"4e quart du XVIIIe si\u00e8cle","type":"Date de cr\u00e9ation\/fabrication","doubt":""}],"creator":[{"label":"G\u00e9rard, Marguerite","attributionLevel":"Attribution actuelle","linkType":"","dates":[{"date":"1837","place":"Paris","type":"date de mort"},{"date":"1761","place":"Grasse","type":"date de naissance"}],"creatorRole":"","authenticationType":"","doubt":"","attributedBy":"","attributedYear":"","wikidata":"Q271484"},{"label":"France","attributionLevel":"Attribution actuelle","linkType":"\u00c9cole de","creatorRole":"","authenticationType":"","doubt":"","attributedBy":"","attributedYear":"","wikidata":""}],"objectNumber":[{"value":"RFML.PE.2019.51.1","type":"Num\u00e9ro principal"}],"collection":"D\u00e9partement des Peintures","printsDrawingsEntity":"","printsDrawingsCollection":"","objectType":"","originalObject":"","printState":"","description":"","inscriptions":"","namesAndTitles":"","onomastics":"","dimension":[{"type":"Hauteur","value":"0,65","displayDimension":"0,65 m","unit":"m","anteriorPrecision":"","posteriorPrecision":"","tri":1,"note":""},{"type":"Largeur","value":"0,545","displayDimension":"0,545 m","unit":"m","anteriorPrecision":"","posteriorPrecision":"","tri":2,"note":""},{"type":"Hauteur avec accessoire","value":"0,845","displayDimension":"0,845 m","unit":"m","anteriorPrecision":"","posteriorPrecision":"","tri":2,"note":""},{"type":"Largeur avec accessoire","value":"0,745","displayDimension":"0,745 m","unit":"m","anteriorPrecision":"","posteriorPrecision":"","tri":4,"note":""}],"shape":"","materialsAndTechniques":"huile sur toile","placeOfCreation":"","dateOfDiscovery":"","placeOfDiscovery":"","provenance":"","historicalContext":[],"objectHistory":"Peint en 1786, grav\u00e9 d\u00e8s 1787 par G\u00e9raud Vidal sous le titre L\u0027\u00e9l\u00e8ve int\u00e9ressante; acquis par Jospeh Fran\u00e7ois Xavier comte de Seneffe de Turnhout (1757-1823) et saisie avec sa collection le 8 avril 1794; c\u00e9d\u00e9e \u00e0 Antoine-Gabriel-Aime Jourdan, \u0022fermier\u0022 de la verrerie de M\u00fcntzhall en Lorraine; vente Jourdan, Paris, 4 avril 1803, n\u00b018; collection Aim\u00e9 Gabriel d\u0027Artigues (1773-1848), filleul du pr\u00e9c\u00e9dent propri\u00e9taire et directeur des Verreries Saint Louis; sa fille, Anne Gabrielle d\u0027Artigues, \u00e9pouse du comte Charles-Edouard de Ribes; Charles-Aim\u00e9 de Ribes (1858-1917); Jean-Edouard de Ribes (1893-1982); Edouard-Auguste de Ribes ( 1923-2013); sa veuve, comtesse de Ribes; acquis en vente publique, Sotheby\u0027s, Paris, 11 d\u00e9cembre 2019, n\u00b018.","jabachInventory":"","napoleonInventory":"","previousOwner":[],"acquisitionDetails":[{"mode":"achat par pr\u00e9emption en vente publique","doubt":"","dates":[{"type":"date","value":"05\/12\/2019","startYear":2019,"endYear":2019},{"type":"date","value":"10\/12\/2019","startYear":2019,"endYear":2019},{"type":"date de vente publique","value":"11\/12\/2019","startYear":2019,"endYear":2019},{"type":"date","value":"13\/12\/2019","startYear":2019,"endYear":2019},{"type":"date de l\u0027inscription sur l\u0027inventaire","value":"13\/12\/2019","startYear":2019,"endYear":2019},{"type":"date de d\u00e9cision","value":"13\/12\/2019","startYear":2019,"endYear":2019},{"type":"date d\u0027affectation","value":"02\/01\/2020","startYear":2020,"endYear":2020}]}],"ownedBy":"Etat","heldBy":"Mus\u00e9e du Louvre, D\u00e9partement des Peintures","longTermLoanTo":"","index":{"Category":[{"value":"peinture"}],"Imagery":[{"value":"sc\u00e8ne de genre\/vie quotidienne\/travail"},{"value":"sc\u00e8ne de travail (artiste, artisan)"}]},"bibliography":[{"bibliographyRef":"Peintres femmes. Naissance d\u0027un combat, 1780-1830, cat. exp. (Paris, mus\u00e9e du Luxembourg, du 3 mars au 4 juillet 2021), Paris, R\u00e9union des mus\u00e9es nationaux-Grand Palais, 2021","bibliographyDate":"2021","bibliographyDetail":"p. 183-185, ill. coul. 138","comparison":false},{"bibliographyRef":"Blumenfeld, Carole, Marguerite G\u00e9rard, 1761-1837, Montreuil, Gourcuff Gradenigo, 2019","bibliographyDate":"2019","bibliographyDetail":"p. 27-29, 211, n\u00b025 P","comparison":false},{"bibliographyRef":"Petits Th\u00e9\u00e2tres de l\u0027intime. La peinture de genre fran\u00e7aise entre R\u00e9volution et Restauration, cat. exp. (Toulouse, mus\u00e9e des Augustins), 2011","bibliographyDate":"2011","bibliographyDetail":"p. 50-51, n\u00b019","comparison":false},{"bibliographyRef":"Cuzin, Jean-Pierre (dir.), Jean-Honor\u00e9 Fragonard (1732-1806). Origens i influ\u00e8ncies. De Rembrandt al segle XXI, cat. exp. (Barcelone (Espagne), CaixaForum, 10 novembre 2006 - 11 f\u00e9vrier 2007), Barcelone, Fundaci\u00f3n \u0022la Caixa\u0022, 2006","bibliographyDate":"2006","bibliographyDetail":"p. 201","comparison":false}],"exhibition":[{"value":"Femmes, des peintres comme les autres, Paris (Externe, France), Mus\u00e9e du Luxembourg, 03\/03\/2021 - 25\/07\/2021 "}],"relatedWork":[],"image":[{"urlImage":"https:\/\/collections.louvre.fr\/media\/cache\/large\/0000000021\/0000457023\/0001096365_OG.JPG","urlThumbnail":"https:\/\/collections.louvre.fr\/media\/cache\/small\/0000000021\/0000457023\/0001096365_OG.JPG","copyright":"\u00a9 2021 RMN-Grand Palais (mus\u00e9e du Louvre) \/ Mathieu Rabeau","type":"face, recto, avers, avant ; vue d\u0027ensemble ; vue sans cadre","position":0},{"urlImage":"https:\/\/collections.louvre.fr\/media\/cache\/large\/0000000021\/0000457023\/0001015333_OG.JPG","urlThumbnail":"https:\/\/collections.louvre.fr\/media\/cache\/small\/0000000021\/0000457023\/0001015333_OG.JPG","copyright":"\u00a9 2020 RMN-Grand Palais (mus\u00e9e du Louvre) \/ Tony Querrec","type":"face, recto, avers, avant ; vue d\u0027ensemble ; vue sans cadre","position":1},{"urlImage":"https:\/\/collections.louvre.fr\/media\/cache\/large\/0000000021\/0000457023\/0000979768_OG.JPG","urlThumbnail":"https:\/\/collections.louvre.fr\/media\/cache\/small\/0000000021\/0000457023\/0000979768_OG.JPG","copyright":"\u00a9 2020 Mus\u00e9e du Louvre \/ Herv\u00e9 Lewandowski","type":"face, recto, avers, avant ; vue d\u0027ensemble ; vue avec cadre","position":2}]}