{"arkId":"cl010095184","url":"https:\/\/collections.louvre.fr\/ark:\/53355\/cl010095184","modified ":"2022-06-03","title":"Le Choix difficile","titleComplement":"","denominationTitle":"Titre : Le Choix difficile","displayDateCreated":"Date de cr\u00e9ation\/fabrication : 1861","currentLocation":"Richelieu, [OArt] Salle 541 - Appartements Napol\u00e9on III - Galerie d\u0027introduction","room":"Salle 541, Aile Richelieu, Niveau 1","isMuseesNationauxRecuperation":false,"dateCreated":[{"startYear":1861,"endYear":"","imprecision":"","text":"XIXe si\u00e8cle","type":"Date de cr\u00e9ation\/fabrication","doubt":""}],"creator":[{"label":"Debay, Jean Baptiste, le p\u00e8re","attributionLevel":"Attribution actuelle","linkType":"","dates":[{"date":"1779","place":"","type":"date de naissance"},{"date":"1863","place":"","type":"date de mort"}],"creatorRole":"","authenticationType":"","doubt":"","attributedBy":"","attributedYear":"","wikidata":"Q3170555"},{"label":"France","attributionLevel":"Attribution actuelle","linkType":"","creatorRole":"","authenticationType":"","doubt":"","attributedBy":"","attributedYear":"","wikidata":""}],"objectNumber":[{"value":"RF 4385","type":"Num\u00e9ro principal"}],"collection":"D\u00e9partement des Sculptures du Moyen Age, de la Renaissance et des temps modernes","printsDrawingsEntity":"","printsDrawingsCollection":"","objectType":"statue","originalObject":"","printState":"","description":"","inscriptions":"Inscription :  ; Sur la plinthe devant : \u0022LE CHOIX DIFFICILE\u0022 ; Signature :  ; Sur la plinthe, \u00e0 gauche : \u0022DEBAY. P\u00c8RE. 1861.\u0022","namesAndTitles":"","onomastics":"","dimension":[{"type":"Hauteur","value":"0,945","displayDimension":"0,945 m","unit":"m","anteriorPrecision":"","posteriorPrecision":"","tri":1,"note":""},{"type":"Largeur","value":"0,826","displayDimension":"0,826 m","unit":"m","anteriorPrecision":"","posteriorPrecision":"","tri":2,"note":""},{"type":"Profondeur","value":"0,605","displayDimension":"0,605 m","unit":"m","anteriorPrecision":"","posteriorPrecision":"","tri":3,"note":""},{"type":"Poids","value":"266","displayDimension":"266 kg","unit":"kg","anteriorPrecision":"","posteriorPrecision":"","tri":10,"note":""}],"shape":"","materialsAndTechniques":"marbre","placeOfCreation":"","dateOfDiscovery":"","placeOfDiscovery":"","provenance":"","historicalContext":[],"objectHistory":"Salon de 1861, n\u00b0 3280 (mod\u00e8le au Salon de 1859, n\u00b0 3179). Acquis par d\u00e9cision minist\u00e9rielle du 19 ao\u00fbt 1861. Mentionn\u00e9 en 1863 dans l\u2019inventaire du minist\u00e8re d\u2019\u00c9tat (galerie d\u2019introduction). Transmis en 1991 par le minist\u00e8re des Finances avec l\u0027ensemble du mobilier d\u00e9corant les appartements de l\u0027ancien minist\u00e8re d\u0027\u00c9tat et inventori\u00e9 pour r\u00e9gularisation \u00e0 cette date. Expos\u00e9 au Louvre, dans l\u2019aile Richelieu (appartements Napol\u00e9on III).","jabachInventory":"","napoleonInventory":"","previousOwner":[],"acquisitionDetails":[{"mode":"versement","doubt":"","dates":[{"type":"date","value":"1991","startYear":1991,"endYear":1991}]}],"ownedBy":"Etat","heldBy":"Mus\u00e9e du Louvre, D\u00e9partement des Sculptures du Moyen Age, de la Renaissance et des temps modernes","longTermLoanTo":"","index":{"Category":[{"value":"statue, statuette, figurine"},{"value":"sculpture"}],"Materials":[{"value":"mat\u00e9riau d\u0027origine min\u00e9rale"},{"value":"pierre"},{"value":"marbre"}],"Imagery":[{"value":"animal\/plante\/nature morte"},{"value":"portrait\/personnage\/nu"},{"value":"acad\u00e9mie\/nu"},{"value":"personnage f\u00e9minin"},{"value":"costume\/coiffure\/couronne\/bijou"},{"value":"objet\/instrument\/mobilier\/accessoire"}]},"bibliography":[{"bibliographyRef":"Dion-Tenenbaum, Anne, Les appartements Napol\u00e9on III du mus\u00e9e du Louvre, Paris, 1993","bibliographyDate":"1993","bibliographyDetail":"p. 128","comparison":false},{"bibliographyRef":"Mus\u00e9e du Louvre, Nouvelles acquisitions du D\u00e9partement des Sculptures (1988-1991), Paris, 1992","bibliographyDate":"1992","bibliographyDetail":"p. 138","comparison":false}],"exhibition":[],"relatedWork":[],"image":[{"urlImage":"https:\/\/collections.louvre.fr\/media\/cache\/large\/0000000021\/0000095184\/0001032417_OG.JPG","urlThumbnail":"https:\/\/collections.louvre.fr\/media\/cache\/small\/0000000021\/0000095184\/0001032417_OG.JPG","copyright":"\u00a9 2020 RMN-Grand Palais (mus\u00e9e du Louvre) \/ Mathieu Rabeau","type":"","position":0},{"urlImage":"https:\/\/collections.louvre.fr\/media\/cache\/large\/0000000021\/0000095184\/0001032415_OG.JPG","urlThumbnail":"https:\/\/collections.louvre.fr\/media\/cache\/small\/0000000021\/0000095184\/0001032415_OG.JPG","copyright":"\u00a9 2020 RMN-Grand Palais (mus\u00e9e du Louvre) \/ Mathieu Rabeau","type":"profil droit","position":1},{"urlImage":"https:\/\/collections.louvre.fr\/media\/cache\/large\/0000000021\/0000095184\/0001032416_OG.JPG","urlThumbnail":"https:\/\/collections.louvre.fr\/media\/cache\/small\/0000000021\/0000095184\/0001032416_OG.JPG","copyright":"\u00a9 2020 RMN-Grand Palais (mus\u00e9e du Louvre) \/ Mathieu Rabeau","type":"face, recto, avers, avant","position":2},{"urlImage":"https:\/\/collections.louvre.fr\/media\/cache\/large\/0000000021\/0000095184\/0001032418_OG.JPG","urlThumbnail":"https:\/\/collections.louvre.fr\/media\/cache\/small\/0000000021\/0000095184\/0001032418_OG.JPG","copyright":"\u00a9 2020 RMN-Grand Palais (mus\u00e9e du Louvre) \/ Mathieu Rabeau","type":"profil gauche","position":3},{"urlImage":"https:\/\/collections.louvre.fr\/media\/cache\/large\/0000000021\/0000095184\/0001032420_OG.JPG","urlThumbnail":"https:\/\/collections.louvre.fr\/media\/cache\/small\/0000000021\/0000095184\/0001032420_OG.JPG","copyright":"\u00a9 2020 RMN-Grand Palais (mus\u00e9e du Louvre) \/ Mathieu Rabeau","type":"dos, verso, revers, arri\u00e8re","position":4},{"urlImage":"https:\/\/collections.louvre.fr\/media\/cache\/large\/0000000021\/0000095184\/0000267865_OG.JPG","urlThumbnail":"https:\/\/collections.louvre.fr\/media\/cache\/small\/0000000021\/0000095184\/0000267865_OG.JPG","copyright":"\u00a9 1999 Mus\u00e9e du Louvre \/ Pierre Philibert","type":"","position":5},{"urlImage":"https:\/\/collections.louvre.fr\/media\/cache\/large\/0000000021\/0000095184\/0000267866_OG.JPG","urlThumbnail":"https:\/\/collections.louvre.fr\/media\/cache\/small\/0000000021\/0000095184\/0000267866_OG.JPG","copyright":"\u00a9 1999 Mus\u00e9e du Louvre \/ Pierre Philibert","type":"","position":6},{"urlImage":"https:\/\/collections.louvre.fr\/media\/cache\/large\/0000000021\/0000095184\/0000267867_OG.JPG","urlThumbnail":"https:\/\/collections.louvre.fr\/media\/cache\/small\/0000000021\/0000095184\/0000267867_OG.JPG","copyright":"\u00a9 1999 Mus\u00e9e du Louvre \/ Pierre Philibert","type":"","position":7},{"urlImage":"https:\/\/collections.louvre.fr\/media\/cache\/large\/0000000021\/0000095184\/0000267868_OG.JPG","urlThumbnail":"https:\/\/collections.louvre.fr\/media\/cache\/small\/0000000021\/0000095184\/0000267868_OG.JPG","copyright":"\u00a9 1999 Mus\u00e9e du Louvre \/ Pierre Philibert","type":"","position":8}]}