{"arkId":"cl010089410","url":"https:\/\/collections.louvre.fr\/ark:\/53355\/cl010089410","modified ":"2022-06-03","title":"Prom\u00e9th\u00e9e","titleComplement":"","denominationTitle":"Titre : Prom\u00e9th\u00e9e","displayDateCreated":"Date de cr\u00e9ation\/fabrication : 1827","currentLocation":"Richelieu, [SCULPT] Salle 105 - Cour Puget, Salle 105 - RDC","room":"Salle 105, Aile Richelieu, Niveau -1","isMuseesNationauxRecuperation":false,"dateCreated":[{"startYear":1827,"endYear":"","imprecision":"","text":"XIXe si\u00e8cle","type":"Date de cr\u00e9ation\/fabrication","doubt":""}],"creator":[{"label":"Pradier, James","attributionLevel":"Attribution actuelle","linkType":"","dates":[{"date":"1790","place":"","type":"date de naissance"},{"date":"1852","place":"","type":"date de mort"}],"creatorRole":"","authenticationType":"","doubt":"","attributedBy":"","attributedYear":"","wikidata":"Q1362889"},{"label":"France","attributionLevel":"Attribution actuelle","linkType":"","creatorRole":"","authenticationType":"","doubt":"","attributedBy":"","attributedYear":"","wikidata":""}],"objectNumber":[{"value":"CC 195","type":"Num\u00e9ro principal"}],"collection":"D\u00e9partement des Sculptures du Moyen Age, de la Renaissance et des temps modernes","printsDrawingsEntity":"","printsDrawingsCollection":"","objectType":"statue","originalObject":"","printState":"","description":"","inscriptions":"Signature :  ; Sous le pied gauche : \u0022J. PRADIER, 1827\u0022","namesAndTitles":"","onomastics":"","dimension":[{"type":"Hauteur","value":"1,52","displayDimension":"1,52 m","unit":"m","anteriorPrecision":"","posteriorPrecision":"","tri":1,"note":""},{"type":"Largeur","value":"1,7","displayDimension":"1,7 m","unit":"m","anteriorPrecision":"","posteriorPrecision":"","tri":2,"note":""},{"type":"Profondeur","value":"0,8","displayDimension":"0,8 m","unit":"m","anteriorPrecision":"","posteriorPrecision":"","tri":3,"note":""}],"shape":"","materialsAndTechniques":"marbre","placeOfCreation":"","dateOfDiscovery":"","placeOfDiscovery":"","provenance":"","historicalContext":[{"value":"Salon, Salon de 1827, Paris"}],"objectHistory":"Commenc\u00e9 \u00e0 Rome et envoy\u00e9 \u00e0 Paris pour le Salon de 1827, n\u00b0 1169 (mod\u00e8le en pl\u00e2tre termin\u00e9 en janvier 1824). Propos\u00e9 \u00e0 l\u2019acquisition par le sculpteur le 4 f\u00e9vrier 1828. Acquis par d\u00e9cision du 3 juin 1828 et pay\u00e9 en deux acomptes, le 20 juin 1828 et en 1829. Plac\u00e9 le 22 mars 1832 dans l\u2019all\u00e9e menant du bassin circulaire \u00e0 la terrasse du Bord-de-l\u2019Eau du jardin des Tuileries. Port\u00e9 au Louvre pour \u00eatre nettoy\u00e9 en 1859 et replac\u00e9 au nord du bassin circulaire en 1861. Entr\u00e9 au Louvre le 6 octobre 1993.","jabachInventory":"","napoleonInventory":"","previousOwner":[],"acquisitionDetails":[{"mode":"entr\u00e9e","doubt":"","dates":[{"type":"date d\u0027arriv\u00e9e au Mus\u00e9e","value":"06\/10\/1993","startYear":1993,"endYear":1993}]}],"ownedBy":"Etat","heldBy":"Mus\u00e9e du Louvre, D\u00e9partement des Sculptures du Moyen Age, de la Renaissance et des temps modernes","longTermLoanTo":"","index":{"Category":[{"value":"statue, statuette, figurine"},{"value":"sculpture"}],"Materials":[{"value":"mat\u00e9riau d\u0027origine min\u00e9rale"},{"value":"pierre"},{"value":"marbre"}],"Imagery":[{"value":"animal\/plante\/nature morte"},{"value":"paysage, ph\u00e9nom\u00e8ne naturel, \u00e9l\u00e9ment du cosmos"},{"value":"portrait\/personnage\/nu"},{"value":"religion\/mythologie\/magie\/zodiaque"},{"value":"sc\u00e8ne de genre\/vie quotidienne\/travail"},{"value":"acad\u00e9mie\/nu"},{"value":"personnage mythologique"}]},"bibliography":[{"bibliographyRef":"Gaborit, Jean-Ren\u00e9 dir., Mus\u00e9e du Louvre. Nouvelles acquisitions du d\u00e9partement des Sculptures (1992-1995), Paris, 1996","bibliographyDate":"1996","bibliographyDetail":"p. 153","comparison":false},{"bibliographyRef":"Bresc-Bautier, Genevi\u00e8ve ; Pingeot, Anne, Sculptures des jardins du Louvre, du Carrousel et des Tuileries, 2, Paris, 1986","bibliographyDate":"1986","bibliographyDetail":"p. 371-373, n\u00b0 315","comparison":false},{"bibliographyRef":"Statue de chair. Sculptures de James Pradier, Gen\u00e8ve,mus\u00e9e d\u0027Art et d\u0027Histoire, Paris, mus\u00e9e du Luxembourg, 1985, 1985","bibliographyDate":"1985","bibliographyDetail":"p. 386, R 16","comparison":false},{"bibliographyRef":"Siler, Douglas, James Pradier. Correspondance, Paris, 1984","bibliographyDate":"1984","bibliographyDetail":"t. I, 65, 67, 109, 122, 131, 137, 139, 147, 209","comparison":false},{"bibliographyRef":"Charageat, Marguerite ; Benoist, Luc, Catalogue des sculptures des jardins du Louvre, du Carrousel et des Tuileries, Paris, 1931","bibliographyDate":"1931","bibliographyDetail":"p. 42, n\u00b0 65","comparison":false},{"bibliographyRef":"Clarac, Charles Othon Fr\u00e9d\u00e9ric Jean-Baptiste de (Comte de), Mus\u00e9e de sculpture antique et moderne ou description historique et graphique du Louvre et de toutes ses parties, des statues, bustes, bas-reliefs et inscriptions du mus\u00e9e royal des Antiques et des Tuileries [\u2026], Paris, 1841-1853","bibliographyDate":"","bibliographyDetail":"n\u00b0 2681","comparison":false}],"exhibition":[],"relatedWork":[],"image":[{"urlImage":"https:\/\/collections.louvre.fr\/media\/cache\/large\/0000000021\/0000089410\/0000389449_OG.JPG","urlThumbnail":"https:\/\/collections.louvre.fr\/media\/cache\/small\/0000000021\/0000089410\/0000389449_OG.JPG","copyright":"\u00a9 2007 RMN-Grand Palais (mus\u00e9e du Louvre) \/ Thierry Ollivier","type":"","position":0},{"urlImage":"https:\/\/collections.louvre.fr\/media\/cache\/large\/0000000021\/0000089410\/0000389445_OG.JPG","urlThumbnail":"https:\/\/collections.louvre.fr\/media\/cache\/small\/0000000021\/0000089410\/0000389445_OG.JPG","copyright":"\u00a9 2007 RMN-Grand Palais (mus\u00e9e du Louvre) \/ Thierry Ollivier","type":"","position":1},{"urlImage":"https:\/\/collections.louvre.fr\/media\/cache\/large\/0000000021\/0000089410\/0000389446_OG.JPG","urlThumbnail":"https:\/\/collections.louvre.fr\/media\/cache\/small\/0000000021\/0000089410\/0000389446_OG.JPG","copyright":"\u00a9 2007 RMN-Grand Palais (mus\u00e9e du Louvre) \/ Thierry Ollivier","type":"","position":2},{"urlImage":"https:\/\/collections.louvre.fr\/media\/cache\/large\/0000000021\/0000089410\/0000389448_OG.JPG","urlThumbnail":"https:\/\/collections.louvre.fr\/media\/cache\/small\/0000000021\/0000089410\/0000389448_OG.JPG","copyright":"\u00a9 2007 RMN-Grand Palais (mus\u00e9e du Louvre) \/ Thierry Ollivier","type":"","position":3},{"urlImage":"https:\/\/collections.louvre.fr\/media\/cache\/large\/0000000021\/0000089410\/0000389450_OG.JPG","urlThumbnail":"https:\/\/collections.louvre.fr\/media\/cache\/small\/0000000021\/0000089410\/0000389450_OG.JPG","copyright":"\u00a9 2007 RMN-Grand Palais (mus\u00e9e du Louvre) \/ Thierry Ollivier","type":"","position":4},{"urlImage":"https:\/\/collections.louvre.fr\/media\/cache\/large\/0000000021\/0000089410\/0000389451_OG.JPG","urlThumbnail":"https:\/\/collections.louvre.fr\/media\/cache\/small\/0000000021\/0000089410\/0000389451_OG.JPG","copyright":"\u00a9 2007 RMN-Grand Palais (mus\u00e9e du Louvre) \/ Thierry Ollivier","type":"","position":5},{"urlImage":"https:\/\/collections.louvre.fr\/media\/cache\/large\/0000000021\/0000089410\/0000264753_OG.JPG","urlThumbnail":"https:\/\/collections.louvre.fr\/media\/cache\/small\/0000000021\/0000089410\/0000264753_OG.JPG","copyright":"\u00a9 1994 Mus\u00e9e du Louvre \/ Pierre Philibert","type":"","position":6},{"urlImage":"https:\/\/collections.louvre.fr\/media\/cache\/large\/0000000021\/0000089410\/0000264754_OG.JPG","urlThumbnail":"https:\/\/collections.louvre.fr\/media\/cache\/small\/0000000021\/0000089410\/0000264754_OG.JPG","copyright":"\u00a9 1994 Mus\u00e9e du Louvre \/ Pierre Philibert","type":"","position":7},{"urlImage":"https:\/\/collections.louvre.fr\/media\/cache\/large\/0000000021\/0000089410\/0000264755_OG.JPG","urlThumbnail":"https:\/\/collections.louvre.fr\/media\/cache\/small\/0000000021\/0000089410\/0000264755_OG.JPG","copyright":"\u00a9 1994 Mus\u00e9e du Louvre \/ Pierre Philibert","type":"","position":8},{"urlImage":"https:\/\/collections.louvre.fr\/media\/cache\/large\/0000000021\/0000089410\/0000264756_OG.JPG","urlThumbnail":"https:\/\/collections.louvre.fr\/media\/cache\/small\/0000000021\/0000089410\/0000264756_OG.JPG","copyright":"\u00a9 1994 Mus\u00e9e du Louvre \/ Pierre Philibert","type":"","position":9}]}